file_path,language,text,label,generator,source,compression_level
data/fake/tamil\fake_tam_0001.wav,Tamil,நேற்று நிகழ்ந்தனவற்றை ஆராய்ந்து அறிந்து கொண்டால்தான் எதிர்காலத்திற்குத் திட்டமிட முடியும்.,fake,facebook/mms-tts-tam,synthetic_tts,clean
data/fake/tamil\fake_tam_0002.wav,Tamil,வாகனங்கள் ஒட்டுவதையும் நிறுத்தி வைக்கவும்.,fake,facebook/mms-tts-tam,synthetic_tts,clean
data/fake/tamil\fake_tam_0003.wav,Tamil,அவை மூல நூலினின்று எந்த வகையிலும் மாற்றம் பெறாத வகையில் அடியொற்றி எழுதப்பட்டன.,fake,facebook/mms-tts-tam,synthetic_tts,clean
data/fake/tamil\fake_tam_0004.wav,Tamil,சேட் ஒரு சில நாட்களில் செயல்படுத்தப்பட வேண்டும் என்று ஃபோர்னியரைப் பற்றி உணரக்கூடியது.,fake,facebook/mms-tts-tam,synthetic_tts,clean
data/fake/tamil\fake_tam_0005.wav,Tamil,"இந்த விதிகளின்படி மாறியே தீர வேண்டும் என்ற அவசியம் இருந்தால், இவைகளைத் தெரிந்துகொண்டாலும், தெரிந்துகொள்ளாவிட்டாலும் ஒன்றுதான்.",fake,facebook/mms-tts-tam,synthetic_tts,clean
data/fake/tamil\fake_tam_0006.wav,Tamil,அதுதான் கோயில் என்பர்.,fake,facebook/mms-tts-tam,synthetic_tts,clean
data/fake/tamil\fake_tam_0007.wav,Tamil,தான்பிரீன் வாய் திறக்கவேயில்லை.,fake,facebook/mms-tts-tam,synthetic_tts,clean
data/fake/tamil\fake_tam_0008.wav,Tamil,அவர்கள் விடுமுறையில் படுமியில் சந்தித்தனர்.,fake,facebook/mms-tts-tam,synthetic_tts,clean
data/fake/tamil\fake_tam_0009.wav,Tamil,வரதநஞ்சைய பிள்ளையவர்கள் பேச வந்தார்கள்.,fake,facebook/mms-tts-tam,synthetic_tts,clean
data/fake/tamil\fake_tam_0010.wav,Tamil,அவனுடைய வலியை முழுதும் மண்ணின் சம்பந்தத்திலேயே இருந்தது.,fake,facebook/mms-tts-tam,synthetic_tts,clean
data/fake/tamil\fake_tam_0011.wav,Tamil,கம்பெனி பூவிருந்தவல்லியில் இருந்த பொழுது இவரும் விலகிக் கொண்டார்.,fake,facebook/mms-tts-tam,synthetic_tts,clean
data/fake/tamil\fake_tam_0012.wav,Tamil,இவற்றிற்குத் தனி நிலைப்புத் திறன் உண்டு.,fake,facebook/mms-tts-tam,synthetic_tts,clean
data/fake/tamil\fake_tam_0013.wav,Tamil,இன்னும் சோழர் படை எல்லாம் திரட்டி இங்கேயே நான்கு பிரிவாக வைத்திருக்கிறார்கள்.,fake,facebook/mms-tts-tam,synthetic_tts,clean
data/fake/tamil\fake_tam_0014.wav,Tamil,இப்படியும் கூடத்தான் திருமுறை கூறுகிறது என்று உமார் கூறினான்.,fake,facebook/mms-tts-tam,synthetic_tts,clean
data/fake/tamil\fake_tam_0015.wav,Tamil,யாஸ்மியின் அந்த அழகிய கண்கள்தான் அருகில் இருந்தன.,fake,facebook/mms-tts-tam,synthetic_tts,clean
data/fake/tamil\fake_tam_0016.wav,Tamil,ஆனால் பொறுத்தாற்றும் பண்பு தீமைக்கு ஒரு முற்றுப்புள்ளி வைத்துவிடும்.,fake,facebook/mms-tts-tam,synthetic_tts,clean
data/fake/tamil\fake_tam_0017.wav,Tamil,அந்தச் சிரிப்பு எத்தகைய ஆண்மையையும் பிடிவாதம் உள்ளவனையும் மயக்கிவிட முடிந்ததாக இருந்தது.,fake,facebook/mms-tts-tam,synthetic_tts,clean
data/fake/tamil\fake_tam_0018.wav,Tamil,அவர்களுடைய தாய் தந்தையர்களின் பண்பாட்டினால் மறு படியும் நல்லவர்களாகவே மாறிவிடுவதும் உண்டு.,fake,facebook/mms-tts-tam,synthetic_tts,clean
data/fake/tamil\fake_tam_0019.wav,Tamil,"ஆறினால் அச்சிலே வார் ஆறாவிட்டால் மிடாவிலே வார், ஆறு அல்ல, நூறு அல்ல, ஆகிறது ஆகட்டும்.",fake,facebook/mms-tts-tam,synthetic_tts,clean
data/fake/tamil\fake_tam_0020.wav,Tamil,நானும் சரி என்று என் மனைவியுடன் பேசப்போனேன்.,fake,facebook/mms-tts-tam,synthetic_tts,clean
data/fake/tamil\fake_tam_0021.wav,Tamil,மயிற் பீலியினால் இயற்றப்பட்ட பெரிய ஆலவட்டம் அவள் கையிலிருந்தது.,fake,facebook/mms-tts-tam,synthetic_tts,clean
data/fake/tamil\fake_tam_0022.wav,Tamil,ஆனால் இது வெகு சாதாரணமான மனிதர் செயல்.,fake,facebook/mms-tts-tam,synthetic_tts,clean
data/fake/tamil\fake_tam_0023.wav,Tamil,இலாவாரண மலைச்சாரலில் பொழுது இன்பமாகக் கழிந்து கொண்டிருந்தது.,fake,facebook/mms-tts-tam,synthetic_tts,clean
data/fake/tamil\fake_tam_0024.wav,Tamil,இந்தக் குகைகள் ஒரு மலையடிவாரத்தில் அமைந்துள்ள படியால் அது ஒரு சிறந்த காட்சிக்கோணத்தை வழங்குகிறது.,fake,facebook/mms-tts-tam,synthetic_tts,clean
data/fake/tamil\fake_tam_0025.wav,Tamil,"திரும்பி வந்ததும், அங்கு சான்ஸ் கிடைக்கலாம் என்று அறிவித்தான்.",fake,facebook/mms-tts-tam,synthetic_tts,clean
data/fake/tamil\fake_tam_0026.wav,Tamil,குறட்பாப் படிப்பலர் அதன் செய்திகளை அறிவதில்லை ஒரு சில குறட்பாக்களை ஒப்புவிக்கின்றனர்.,fake,facebook/mms-tts-tam,synthetic_tts,clean
data/fake/tamil\fake_tam_0027.wav,Tamil,"அருணகிரியையும், வள்ளியையும் கோயிலுக்குக் போவதும், கடைக்குச் சாமான்கள் வாங்க துணையாகப் போவதும் குமரேசன்தான்.",fake,facebook/mms-tts-tam,synthetic_tts,clean
data/fake/tamil\fake_tam_0028.wav,Tamil,ஒரு மனிதன் இரண்டு தனித்தனி கணினித் திரைகளைப் பார்த்துக்கொண்டவாறு மேசை மீது கால்களைப் பரப்பிக் கொண்டு பின்னால் சாய்ந்துள்ளான்.,fake,facebook/mms-tts-tam,synthetic_tts,clean
data/fake/tamil\fake_tam_0029.wav,Tamil,ஆண் ஆதலின் காதலன் கல கல என உரக்கச் சிரித்தான்.,fake,facebook/mms-tts-tam,synthetic_tts,clean
data/fake/tamil\fake_tam_0030.wav,Tamil,ஆனையை வித்துவானுக்கும் பூனையைக் குறவனுக்கும் கொடு.,fake,facebook/mms-tts-tam,synthetic_tts,clean
data/fake/tamil\fake_tam_0031.wav,Tamil,"இதில் ஒரு வேடிக்கை என்னவென்றால், அத்தினம்தான் அவர் பிறந்த தினம்.",fake,facebook/mms-tts-tam,synthetic_tts,clean
data/fake/tamil\fake_tam_0032.wav,Tamil,அடடே அப்படியா சங்கதி.,fake,facebook/mms-tts-tam,synthetic_tts,clean
data/fake/tamil\fake_tam_0033.wav,Tamil,"இரண்டொருவரால் அல்ல, பல்லாயிரவரால்.",fake,facebook/mms-tts-tam,synthetic_tts,clean
data/fake/tamil\fake_tam_0034.wav,Tamil,இவை வெளி நாட்டின் வாழ்வியல் தாக்கம் அதே சாதியில் அங்கே எப்படிப் பெண்களைத் தேடமுடியும்?,fake,facebook/mms-tts-tam,synthetic_tts,clean
data/fake/tamil\fake_tam_0035.wav,Tamil,கிரெளன் கண்ணாடி பனிக்கட்டி வைரம்,fake,facebook/mms-tts-tam,synthetic_tts,clean
data/fake/tamil\fake_tam_0036.wav,Tamil,"அதாவது, கணக்கு, அறிவியல், வரலாறு, நில நூல் முதலிய எல்லாப் பாடங்களையும் மொழியின் வாயிலாகவே கற்பிக்கிறோம்.",fake,facebook/mms-tts-tam,synthetic_tts,clean
data/fake/tamil\fake_tam_0037.wav,Tamil,"அமுத வல்லிஎன் ஆசைக் கொருபெண்!		2	0	twenties	male_masculine			ta	
866ca904291f8d25f1b04ff418ddb2a2d4cf1021eb0f39fe1c6c9845da3c1883b1243029686bbc72985a32548e3714d75eedfbebe3d4eb7d4e0fbd7a3b51e996	common_voice_ta_21291577.mp3	b7e60aa5d710851648faba92b7c953bd8f2aa5e826192c31379997231ae80e03	இந்த மணிபுரிதான் இங்குள்ள மக்களுக்குச்		2	0	twenties	male_masculine			ta	
866ca904291f8d25f1b04ff418ddb2a2d4cf1021eb0f39fe1c6c9845da3c1883b1243029686bbc72985a32548e3714d75eedfbebe3d4eb7d4e0fbd7a3b51e996	common_voice_ta_21291576.mp3	ba4d293dbdb79944b8d6fc6aea578376eb670d54537f1b7e146e1001a32d2c16	அந்தமதி யற்றவனைக் கொல்வேன்என்றே		2	0	twenties	male_masculine			ta	
866ca904291f8d25f1b04ff418ddb2a2d4cf1021eb0f39fe1c6c9845da3c1883b1243029686bbc72985a32548e3714d75eedfbebe3d4eb7d4e0fbd7a3b51e996	common_voice_ta_21291575.mp3	adbd5eb21e00d6a5d64fbf2c8a51e47b5c86dd5cbafc570478f56578976621b1	இச்சைகொண்டே பொருளெலாம் இழந்துவிட்ட போதிலும்		2	0	twenties	male_masculine			ta	
866ca904291f8d25f1b04ff418ddb2a2d4cf1021eb0f39fe1c6c9845da3c1883b1243029686bbc72985a32548e3714d75eedfbebe3d4eb7d4e0fbd7a3b51e996	common_voice_ta_21291574.mp3	9edd25c709dfe728019eeb6b6760350b9555ee84f51ef643a616c99ddba33836	இடதுபுறமாக செல்		2	0	twenties	male_masculine			ta	
866ca904291f8d25f1b04ff418ddb2a2d4cf1021eb0f39fe1c6c9845da3c1883b1243029686bbc72985a32548e3714d75eedfbebe3d4eb7d4e0fbd7a3b51e996	common_voice_ta_21291573.mp3	afda836da8e1ea0c57b8f28c4012b502e4cd1241cffb8cf4c813f8b9b4532724	தேமதுரத் தமிழோசை உலகமெலாம்		2	0	twenties	male_masculine			ta	
866ca904291f8d25f1b04ff418ddb2a2d4cf1021eb0f39fe1c6c9845da3c1883b1243029686bbc72985a32548e3714d75eedfbebe3d4eb7d4e0fbd7a3b51e996	common_voice_ta_21291562.mp3	bb02edb279065d869c52f392321d5fe310471c891794445b51a544a5e77eb771	தினம்நாங்கள் படும்பாட்டை யாரறியக் கூடும்?		2	0	twenties	male_masculine			ta	
866ca904291f8d25f1b04ff418ddb2a2d4cf1021eb0f39fe1c6c9845da3c1883b1243029686bbc72985a32548e3714d75eedfbebe3d4eb7d4e0fbd7a3b51e996	common_voice_ta_21291561.mp3	7f60cb104751936740218773d4f5fbed35c3683bd067c8ca2e19d7664969d8cc	சீலத்தை இதுவென்று தெரிவிக்கும் நூலாம்;		2	0	twenties	male_masculine			ta	
866ca904291f8d25f1b04ff418ddb2a2d4cf1021eb0f39fe1c6c9845da3c1883b1243029686bbc72985a32548e3714d75eedfbebe3d4eb7d4e0fbd7a3b51e996	common_voice_ta_21291560.mp3	c1ee4f5359bbb7fbf333e6223b846bfb5361459179ea0353d51edff76f9c1ffb	கீர்த்திசொல்லி அவன்நாமம் வாழ்த்த வேண்டும்!		2	0	twenties	male_masculine			ta	
866ca904291f8d25f1b04ff418ddb2a2d4cf1021eb0f39fe1c6c9845da3c1883b1243029686bbc72985a32548e3714d75eedfbebe3d4eb7d4e0fbd7a3b51e996	common_voice_ta_20577024.mp3	3a452220434823652d63cad17b6df8834a9b2c9c48bad8d0a15bd47efa8a8b07	வஞ்சியைப் பார்த்தனன் மீண்டும்அவன் - ஆ!		2	0	twenties	male_masculine			ta	
866ca904291f8d25f1b04ff418ddb2a2d4cf1021eb0f39fe1c6c9845da3c1883b1243029686bbc72985a32548e3714d75eedfbebe3d4eb7d4e0fbd7a3b51e996	common_voice_ta_21291559.mp3	c96a4048d954a7bb950d5f102b2269335aee65f7257176ccc1f92b6a28e75a35	நாட்டின் நிலைபேசிப் - பல		2	0	twenties	male_masculine			ta	
866ca904291f8d25f1b04ff418ddb2a2d4cf1021eb0f39fe1c6c9845da3c1883b1243029686bbc72985a32548e3714d75eedfbebe3d4eb7d4e0fbd7a3b51e996	common_voice_ta_21291558.mp3	c58b9cfd714cb57617216bef459d2d0a9867f7d333ba5aad2ae201b756b8193c	இனிமைத் தமிழ்மொழி...		2	0	twenties	male_masculine			ta	
866ca904291f8d25f1b04ff418ddb2a2d4cf1021eb0f39fe1c6c9845da3c1883b1243029686bbc72985a32548e3714d75eedfbebe3d4eb7d4e0fbd7a3b51e996	common_voice_ta_21291522.mp3	c825eed5e4c218227f60d408e55ecbf395601f8838818d5f4de98ec4c0986b10	மாநிலம் தந்ததில் வஞ்சமோ? - பசி		2	0	twenties	male_masculine			ta	
866ca904291f8d25f1b04ff418ddb2a2d4cf1021eb0f39fe1c6c9845da3c1883b1243029686bbc72985a32548e3714d75eedfbebe3d4eb7d4e0fbd7a3b51e996	common_voice_ta_21291521.mp3	c42eb3920f48f7cb461a0ae000ccc0379d5c60af6484f35210eeba681628da26	திருடனா என்றான் சீனன். விளக்கை		2	0	twenties	male_masculine			ta	
866ca904291f8d25f1b04ff418ddb2a2d4cf1021eb0f39fe1c6c9845da3c1883b1243029686bbc72985a32548e3714d75eedfbebe3d4eb7d4e0fbd7a3b51e996	common_voice_ta_21291520.mp3	be865f932049f361ba9de8bf57e690f475a0207c650b1ef5649548f762b8d94a	ளள் ளள் என்று வெள்ளை நாய், வீட்டின்		2	0	twenties	male_masculine			ta	
866ca904291f8d25f1b04ff418ddb2a2d4cf1021eb0f39fe1c6c9845da3c1883b1243029686bbc72985a32548e3714d75eedfbebe3d4eb7d4e0fbd7a3b51e996	common_voice_ta_21291519.mp3	bdee5290845768a09e97599952bb0e4fd7045d459c5cffe05159c06d9ce4214d	இருளகற்றி வழிகாட்டும் திருவிளக்கு!		2	0	twenties	male_masculine			ta	
866ca904291f8d25f1b04ff418ddb2a2d4cf1021eb0f39fe1c6c9845da3c1883b1243029686bbc72985a32548e3714d75eedfbebe3d4eb7d4e0fbd7a3b51e996	common_voice_ta_21291518.mp3	61c411049d17adc701a52fb6a636043d34c746398fb60f4fd5fdc597fe2e728d	மறுபடி ஒருபிடி வாயில் வைக்குமுன்		2	0	twenties	male_masculine			ta	
866ca904291f8d25f1b04ff418ddb2a2d4cf1021eb0f39fe1c6c9845da3c1883b1243029686bbc72985a32548e3714d75eedfbebe3d4eb7d4e0fbd7a3b51e996	common_voice_ta_21291512.mp3	b7ad25ac3527f94efa7d7c6cf9b281bf254ffa4ef0c2c963cddc1fabfd83e59d	சாதல்எனில் இருவருமே சாதல் வேண்டும்		2	0	twenties	male_masculine			ta	
866ca904291f8d25f1b04ff418ddb2a2d4cf1021eb0f39fe1c6c9845da3c1883b1243029686bbc72985a32548e3714d75eedfbebe3d4eb7d4e0fbd7a3b51e996	common_voice_ta_21291511.mp3	c6b373375c1f6994ffb2de5eef9391ff1f79ba3e2c0d76f2fb875cbad5c37d97	வஞ்சனைகள் செய்வாரோடு இணங்க வேண்டாம்		2	0	twenties	male_masculine			ta	
866ca904291f8d25f1b04ff418ddb2a2d4cf1021eb0f39fe1c6c9845da3c1883b1243029686bbc72985a32548e3714d75eedfbebe3d4eb7d4e0fbd7a3b51e996	common_voice_ta_21291510.mp3	9ccc933a82f146e5487f85c5cf46f56db18da3282ca2c9e1f028f3725a7a9117	பள்ளிக் கல்வித்துறை, தமிழ்நாடு அரசு		2	0	twenties	male_masculine			ta	
866ca904291f8d25f1b04ff418ddb2a2d4cf1021eb0f39fe1c6c9845da3c1883b1243029686bbc72985a32548e3714d75eedfbebe3d4eb7d4e0fbd7a3b51e996	common_voice_ta_21291509.mp3	8e536eeaae14fa31bc184565ce393a49d574b95315817f4ea7a0ff28c0827506	ஒன்றும் வராமேஉன் உத்தரவு போல்நடப்பேன்!		2	0	twenties	male_masculine			ta	
866ca904291f8d25f1b04ff418ddb2a2d4cf1021eb0f39fe1c6c9845da3c1883b1243029686bbc72985a32548e3714d75eedfbebe3d4eb7d4e0fbd7a3b51e996	common_voice_ta_20864748.mp3	53ab5d99936af73fad39555e3c72e06ef25c8f23c522bc72638423eac71580b9	ஊக்கம் உடையான் ஒடுக்கம், பொருதகர் தாக்கதற்குப் பேருந்தகைத்து.		2	1	twenties	male_masculine			ta	
866ca904291f8d25f1b04ff418ddb2a2d4cf1021eb0f39fe1c6c9845da3c1883b1243029686bbc72985a32548e3714d75eedfbebe3d4eb7d4e0fbd7a3b51e996	common_voice_ta_21291507.mp3	b8ee7b620d83554c3182563dfc7442bc3a6c66fccec89c78f3194d5a08df1201	என்றுரைத்தாள் வஞ்சி. இதுசொல்லித் தீருமுன்		2	0	twenties	male_masculine			ta	
866ca904291f8d25f1b04ff418ddb2a2d4cf1021eb0f39fe1c6c9845da3c1883b1243029686bbc72985a32548e3714d75eedfbebe3d4eb7d4e0fbd7a3b51e996	common_voice_ta_21291506.mp3	bb473b61dc3bd7f2195097f0440f0b461fa9a536a7b6419db6cc21da01701ae7	இருபதில் உலகையே என்னதென் பானாம்",fake,facebook/mms-tts-tam,synthetic_tts,clean
data/fake/tamil\fake_tam_0038.wav,Tamil,இருந்த இடத்து வேலை என்றால் எங்கள் வீட்டுக்காரரையும் கூப்பிடுங்கள்.,fake,facebook/mms-tts-tam,synthetic_tts,clean
data/fake/tamil\fake_tam_0039.wav,Tamil,வீடுமனும் கல்வி கேள்விகளிலும் நீதியிலும் தருமன் உயர்ந்தோன் என்று அவன் தகுதியைப் பாராட்டிப் பேசினான்.,fake,facebook/mms-tts-tam,synthetic_tts,clean
data/fake/tamil\fake_tam_0040.wav,Tamil,"காந்தியின் திட்டம், அதன் தத்துவம், ரெளலட் கொடுமைகள் என்பனவற்றைப் பற்றி மக்களிடம் விளக்கமாக எடுத்துரைத்தார் பாபு.",fake,facebook/mms-tts-tam,synthetic_tts,clean
data/fake/tamil\fake_tam_0041.wav,Tamil,"பாவம், பொழுது விடிந்ததிலிருந்து அவன் எவ்வளவு பாடுபட்டுவிட்டான்!",fake,facebook/mms-tts-tam,synthetic_tts,clean
data/fake/tamil\fake_tam_0042.wav,Tamil,நாவை அறுத்துத் தொலைக்கு முன்னே! - இந்தப்,fake,facebook/mms-tts-tam,synthetic_tts,clean
data/fake/tamil\fake_tam_0043.wav,Tamil,ஹியாவதா ஏரி ஏனைய பிற மினியாபோலிஸ் ஏரியை விட அதிகமான குப்பைகளைக் கொண்டுள்ளது.,fake,facebook/mms-tts-tam,synthetic_tts,clean
data/fake/tamil\fake_tam_0044.wav,Tamil,"இந்த வல்லமை நிறைந்த விளையாட்டுப் போட்டியில், ஆளுடன் ஆள் மோதுவது, அலையுடன் அலை மோதி அடங்குவதுபோல்தான்.",fake,facebook/mms-tts-tam,synthetic_tts,clean
data/fake/tamil\fake_tam_0045.wav,Tamil,"ஒரு பழுப்பு நிற கூந்தழுடைய அழகி, சிவப்பு குடையுடன் படம் எடுக்கிறாள்",fake,facebook/mms-tts-tam,synthetic_tts,clean
data/fake/tamil\fake_tam_0046.wav,Tamil,திரும்பவும் தீர்ப்பு நாள் வரும்போது அவரிடம் இந்த ஆத்மா போய்ச்சேர வேண்டியதுதான் என்று அந்த முல்லா கூறினார்.,fake,facebook/mms-tts-tam,synthetic_tts,clean
data/fake/tamil\fake_tam_0047.wav,Tamil,இடறிற்றுக் கால்! இரும்இரும் மச்சான்,fake,facebook/mms-tts-tam,synthetic_tts,clean
data/fake/tamil\fake_tam_0048.wav,Tamil,"ம், ம், சொல்லு, சட்டென்று சொல்லு என்று இன்னும் இரண்டு குத்துவிட்டான் போலீஸ் வீரன்.",fake,facebook/mms-tts-tam,synthetic_tts,clean
data/fake/tamil\fake_tam_0049.wav,Tamil,கூத்தப்பள்ளியில் நள்ளிரவில் நாடகமா ஆடுகின்றாய்?,fake,facebook/mms-tts-tam,synthetic_tts,clean
data/fake/tamil\fake_tam_0050.wav,Tamil,தங்கள் அருகில் இருப்பதே பேரின்பம் என்று நினைத்தேன்.,fake,facebook/mms-tts-tam,synthetic_tts,clean
data/fake/tamil\fake_tam_0051.wav,Tamil,இரண்டொரு நாள் காலையில் பட்டினியால் கஷ்டப்பட்ட என் தமயனார் பசியாற்றாது மூன்றாவது!,fake,facebook/mms-tts-tam,synthetic_tts,clean
data/fake/tamil\fake_tam_0052.wav,Tamil,"அந்தக் குண்டோசை கேட்டவுடன் மற்றொரு போலிஸ்காரன் ஜன்னல் வழியாகக் குதித்து, ஊளையிட்டுக்கொண்டே மாயமாய் மறைந்து போனான்.",fake,facebook/mms-tts-tam,synthetic_tts,clean
data/fake/tamil\fake_tam_0053.wav,Tamil,காந்த ஏற்புத்திறன் அதிகமுள்ளது எது?,fake,facebook/mms-tts-tam,synthetic_tts,clean
data/fake/tamil\fake_tam_0054.wav,Tamil,இன்றைய நம்முடைய பொருளாதாரத்தில் உள்ள சிக்கல் பெரும்பாலும் முறையான பங்கீடு இன்மையே யாகும்.,fake,facebook/mms-tts-tam,synthetic_tts,clean
data/fake/tamil\fake_tam_0055.wav,Tamil,கூடிவாழும் மனித சமுதாயத்தில் ஓர் உறுப்பினனாக விளங்கும் மனிதனுக்குச் சமுதாய ரீதியாகக் கடமைகளும் உண்டு உரிமைகளும் உண்டு.,fake,facebook/mms-tts-tam,synthetic_tts,clean
data/fake/tamil\fake_tam_0056.wav,Tamil,பாழான நெஞ்சும் சிலசமயம் பார்த்திரங்கும்!,fake,facebook/mms-tts-tam,synthetic_tts,clean
data/fake/tamil\fake_tam_0057.wav,Tamil,நம் வாழ்க்கைப் போக்கிலேயே ஆத்மார்த்த உண்மைகளையும் நம் பெரியோர்கள் புலப்படுத்தினார்கள் என்பதற்கு இது ஒரு சான்று.,fake,facebook/mms-tts-tam,synthetic_tts,clean
data/fake/tamil\fake_tam_0058.wav,Tamil,"அன்றியும் இந்தக் கட்டத்தில், ஸ்ரீதத்த வேஷதாரி செய்யும் ஒரு குற்றத்தினையும் எடுத்தெழுதுகிறேன்.",fake,facebook/mms-tts-tam,synthetic_tts,clean
data/fake/tamil\fake_tam_0059.wav,Tamil,ஒன்றை இழந்து விடுவோம் என்ற அச்சம் ஆர்வத்தைத்தூண்டி முயற்சியில் இறக்கி விடும்.,fake,facebook/mms-tts-tam,synthetic_tts,clean
data/fake/tamil\fake_tam_0060.wav,Tamil,கடமையில் விருப்பார்வம் இல்லாமல் போனால் கடமையைச் சீராகச் செய்துமுடிக்க இயலாதே!,fake,facebook/mms-tts-tam,synthetic_tts,clean
data/fake/tamil\fake_tam_0061.wav,Tamil,இயற்கையிலிருந்து மாறுபடும் வாழ் நிலை கூடாது.,fake,facebook/mms-tts-tam,synthetic_tts,clean
data/fake/tamil\fake_tam_0062.wav,Tamil,இதை நான் மாயவரவாசிகள் எங்கள் சபைக்குச் செய்த நன் மதிப்பாகக் கொள்கிறேன்.,fake,facebook/mms-tts-tam,synthetic_tts,clean
data/fake/tamil\fake_tam_0063.wav,Tamil,எளிதில் கிடைக்கக்கூடிய பொருள்களுக்கு நான் அவ்வளாக ஆசைப்படுவதில்லை.,fake,facebook/mms-tts-tam,synthetic_tts,clean
data/fake/tamil\fake_tam_0064.wav,Tamil,அது ஒரு உள்ளார்ந்த தீமை.,fake,facebook/mms-tts-tam,synthetic_tts,clean
data/fake/tamil\fake_tam_0065.wav,Tamil,நான் எனது சிற்றறிவைக் கொண்டு நிர்மித்த நாடகப் பாத்திரங்களுக்குள் இந்தத் தத்தன் பாத்திரம் ஒரு முக்கியமானது என்று நினைக்கிறேன்.,fake,facebook/mms-tts-tam,synthetic_tts,clean
data/fake/tamil\fake_tam_0066.wav,Tamil,டப்ளினில் இருந்தபோது ஒருசமயம் தான்பிரீன் மேனுத் என்ற இடத்திற்குப்போக நேர்ந்தது.,fake,facebook/mms-tts-tam,synthetic_tts,clean
data/fake/tamil\fake_tam_0067.wav,Tamil,இது ஒரு அறிவார்ந்த உண்மை.,fake,facebook/mms-tts-tam,synthetic_tts,clean
data/fake/tamil\fake_tam_0068.wav,Tamil,"நான் வணக்கம் செலுத்திவிட்டு, சார் இது... என்று இழுத்தேன்.",fake,facebook/mms-tts-tam,synthetic_tts,clean
data/fake/tamil\fake_tam_0069.wav,Tamil,இரண்டு நாள்களில் அவன் அங்கே போய்ச் சேர்ந்தான்.,fake,facebook/mms-tts-tam,synthetic_tts,clean
data/fake/tamil\fake_tam_0070.wav,Tamil,இந்த ஆவல் அவன் மனத்தில் பெருகவே அவன் அச் செய்தியைக் கூறியவர்களை அழைத்து வருமாறு தன் ஏவலர்களை அனுப்பினான்.,fake,facebook/mms-tts-tam,synthetic_tts,clean
data/fake/tamil\fake_tam_0071.wav,Tamil,"முற்பகல் வேலையைப் பிற்பகல் செய்ய, பிற்பகல் வேலையை மறுநாள் செய்ய, இப்படியே போய்க்கொண்டிருந்தால், எந்த வேலையும் ஒழுங்குறாது.",fake,facebook/mms-tts-tam,synthetic_tts,clean
data/fake/tamil\fake_tam_0072.wav,Tamil,காற்றும் வெளிச்சமும் ஆரோக்கிய வாழ்வுக்கு அவசியம்.,fake,facebook/mms-tts-tam,synthetic_tts,clean
data/fake/tamil\fake_tam_0073.wav,Tamil,"மானேஜர் வாலிபன் அட்வைஸ் முடித்துவிட்டு, தனது ஏர்கண்டிஷன் அறைக்குள் போனான்.",fake,facebook/mms-tts-tam,synthetic_tts,clean
data/fake/tamil\fake_tam_0074.wav,Tamil,நெஞ்சு பொறுக்கு திலையே - இதை,fake,facebook/mms-tts-tam,synthetic_tts,clean
data/fake/tamil\fake_tam_0075.wav,Tamil,ஆம் ஆங்கிலக் கல்வி ஆகாது.,fake,facebook/mms-tts-tam,synthetic_tts,clean
data/fake/tamil\fake_tam_0076.wav,Tamil,ஜின்கா மட்டும் தனியாக அங்கே வருவதைக் கண்டு அவளுக்கு ஒருவகை அச்சமேற்பட்டது.,fake,facebook/mms-tts-tam,synthetic_tts,clean
data/fake/tamil\fake_tam_0077.wav,Tamil,இருந்தாலும் தாத்தா எனக்கு இப்போது ஆனந்தமாய்த்தான் இருக்கிறது.,fake,facebook/mms-tts-tam,synthetic_tts,clean
data/fake/tamil\fake_tam_0078.wav,Tamil,"அவர் தழுவலையும் எழுதினார், அதில் அவரது ""லீக் ஆஃப் ஜென்டில்மேன்"" கூட்டாளர் மார்க் காடிஸ் இடம்பெற்றார்.",fake,facebook/mms-tts-tam,synthetic_tts,clean
data/fake/tamil\fake_tam_0079.wav,Tamil,"எங்கள் அம்மா, அப்பா அழுகிறது.",fake,facebook/mms-tts-tam,synthetic_tts,clean
data/fake/tamil\fake_tam_0080.wav,Tamil,அதன்பின் ஏவற்பெண் ஒருத்தி யாரோ வருகிறார்கள் என்பது அறிந்து கடைத்தலை சென்று பார்த்தாள்.,fake,facebook/mms-tts-tam,synthetic_tts,clean
data/fake/tamil\fake_tam_0081.wav,Tamil,மனிதன் மனம் வைத்தால் எது நடக்காது?,fake,facebook/mms-tts-tam,synthetic_tts,clean
data/fake/tamil\fake_tam_0082.wav,Tamil,இரகசியத் திட்டம் தீட்டும் காலம் பலப்பல குழுவினருக்குப் பலப்பல பொறுப்புகள் ஒதுக்கப்பட்ட மிக தெருக்கடியான காலம்.,fake,facebook/mms-tts-tam,synthetic_tts,clean
data/fake/tamil\fake_tam_0083.wav,Tamil,உண்மையில் இருக்கிறது என்று சொல்லத் தக்கது அது ஒன்று தான்.,fake,facebook/mms-tts-tam,synthetic_tts,clean
data/fake/tamil\fake_tam_0084.wav,Tamil,காமராசரும் நமக்கென்ன என்பது போல வாளாவிருந்தார்.,fake,facebook/mms-tts-tam,synthetic_tts,clean
data/fake/tamil\fake_tam_0085.wav,Tamil,இதற்கு ஊழ்வினை என ஒன்று காரணமாக இருக்க வேண்டியதில்லை.,fake,facebook/mms-tts-tam,synthetic_tts,clean
data/fake/tamil\fake_tam_0086.wav,Tamil,வையகம் வளர வாழ வழி!,fake,facebook/mms-tts-tam,synthetic_tts,clean
data/fake/tamil\fake_tam_0087.wav,Tamil,ஏதோ பேனாச்சித்திரங்களைத் தந்தே உங்களைத் திருப்தி செய்ய வேண்டியிருக்கிறது.,fake,facebook/mms-tts-tam,synthetic_tts,clean
data/fake/tamil\fake_tam_0088.wav,Tamil,"""சின்ன வயதினில் என்றனையோர் - பெருஞ்",fake,facebook/mms-tts-tam,synthetic_tts,clean
data/fake/tamil\fake_tam_0089.wav,Tamil,அந்தப் பாட்டைப் பிழை இல்லாமல் சொல்லக் கற்றுக் கொள்ள வேண்டும்.,fake,facebook/mms-tts-tam,synthetic_tts,clean
data/fake/tamil\fake_tam_0090.wav,Tamil,"நடனத்தில் லயித்து, அதில் ஈடுபாடு ஏற்பட்டுவிட்டால், உடல் முழுவதுமே இசை பாடுவது போன்ற உணர்ச்சி ஏற்படும்.",fake,facebook/mms-tts-tam,synthetic_tts,clean
data/fake/tamil\fake_tam_0091.wav,Tamil,அவன் பழிக்கு நாணமாட்டான் வழிக்கு வரமாட்டான்.,fake,facebook/mms-tts-tam,synthetic_tts,clean
data/fake/tamil\fake_tam_0092.wav,Tamil,மற்றாெரு பகுதி ஒழுங்கற்ற பீடபூமி.,fake,facebook/mms-tts-tam,synthetic_tts,clean
data/fake/tamil\fake_tam_0093.wav,Tamil,இரக்கமற்றவனை நெஞ்சிலே ஈரம் அற்றவன் என்கிறோம்.,fake,facebook/mms-tts-tam,synthetic_tts,clean
data/fake/tamil\fake_tam_0094.wav,Tamil,எந்தவொரு நகரமும் பாரம்பரிய காலத்திற்கு பின் இருக்கவில்லை.,fake,facebook/mms-tts-tam,synthetic_tts,clean
data/fake/tamil\fake_tam_0095.wav,Tamil,மனிதனோ அவற்றை உதைத்துத் தள்ளிவிட்டுப் போகிறான்.,fake,facebook/mms-tts-tam,synthetic_tts,clean
data/fake/tamil\fake_tam_0096.wav,Tamil,சந்திரனுக்கு இயற்கையான ஒளி இல்லை.,fake,facebook/mms-tts-tam,synthetic_tts,clean
data/fake/tamil\fake_tam_0097.wav,Tamil,இந்த நெறிகள் மானுடத்தின் ஒழுகலாறாகும் பொழுதுதான் மானுடம் வெல்லும் வையகம் வளரும்.,fake,facebook/mms-tts-tam,synthetic_tts,clean
data/fake/tamil\fake_tam_0098.wav,Tamil,ஒட்டகப்பாதை முழுவதும் ஒரே கூட்டம்!,fake,facebook/mms-tts-tam,synthetic_tts,clean
data/fake/tamil\fake_tam_0099.wav,Tamil,இதைப் போக்க ஆக்சிஜனை அளக்கக் கூடிய முனைச் செயல் நீக்கியைப் பயன்படுத்த வேண்டும்.,fake,facebook/mms-tts-tam,synthetic_tts,clean
data/fake/tamil\fake_tam_0100.wav,Tamil,அப்படி நழுவுவதற்குக் காரணம் தூக்கம்.,fake,facebook/mms-tts-tam,synthetic_tts,clean
data/fake/tamil\fake_tam_0101.wav,Tamil,பக்கத் துறவின் முறையார்,fake,facebook/mms-tts-tam,synthetic_tts,clean
data/fake/tamil\fake_tam_0102.wav,Tamil,முறை வைப்பும் இஃதே.,fake,facebook/mms-tts-tam,synthetic_tts,clean
data/fake/tamil\fake_tam_0103.wav,Tamil,திருமணங்களையும் குருவாயூரப்பன் சந்நிதியிலேயே நடத்துவர் சிலர்.,fake,facebook/mms-tts-tam,synthetic_tts,clean
data/fake/tamil\fake_tam_0104.wav,Tamil,அயர்லாந்திலுள்ள பிளவு அமெரிக்காவிலிருந்த ஐரிஷ் காரர்களுக்குள்ளும் பரவிவிட்டது.,fake,facebook/mms-tts-tam,synthetic_tts,clean
data/fake/tamil\fake_tam_0105.wav,Tamil,சூதற்ற அகத்துறவு ஐம்புலனடக்க விளைவெனவும்,fake,facebook/mms-tts-tam,synthetic_tts,clean
data/fake/tamil\fake_tam_0106.wav,Tamil,பத்தொன்பது ஆம் நூற்றாண்டின் இறுதியில் கோடைக்கானலில் ஒரு வீழ்கொள்ளி திருவாளர் லோகன் என்பாரின் தோட்டக்காரனால் தோண்டி எடுக்கப்பட்டது.,fake,facebook/mms-tts-tam,synthetic_tts,clean
data/fake/tamil\fake_tam_0107.wav,Tamil,வாசவ தத்தையை உதயணன் எந்த அளவு காதலிக்கிறான்?,fake,facebook/mms-tts-tam,synthetic_tts,clean
data/fake/tamil\fake_tam_0108.wav,Tamil,சர்ச்சில் அவருக்கு ஒரு சுருட்டைக் கொடுத்த போது அவர் வந்தனத்தோடு மறுத்துவிட்டார்.,fake,facebook/mms-tts-tam,synthetic_tts,clean
data/fake/tamil\fake_tam_0109.wav,Tamil,பிரிட்டிஷ் நீதி மன்றத்திற்குத் தங்களை விசாரிப்பதற்கு உரிமையே கிடையாது என்று அவர்கள் கூறிவந்ததார்கள்.,fake,facebook/mms-tts-tam,synthetic_tts,clean
data/fake/tamil\fake_tam_0110.wav,Tamil,நேர்ந்தவை நேர்ந்திருக்கக் கூடாதென்றே அவன் கருதுகிறான்.,fake,facebook/mms-tts-tam,synthetic_tts,clean
data/fake/tamil\fake_tam_0111.wav,Tamil,● பள்ளியிறுதித் தேர்வு எழுதுதல்.,fake,facebook/mms-tts-tam,synthetic_tts,clean
data/fake/tamil\fake_tam_0112.wav,Tamil,தெய்வங்களை நினைத்து வாழ்க்கையில் செழிப்பை வேண்டிக் கொண்டு ஆடிப்பாடினான்.,fake,facebook/mms-tts-tam,synthetic_tts,clean
data/fake/tamil\fake_tam_0113.wav,Tamil,"ஏனெனில், உமார் தனியாக வரவில்லை.",fake,facebook/mms-tts-tam,synthetic_tts,clean
data/fake/tamil\fake_tam_0114.wav,Tamil,நெடுநேரம் பயணம் செய்து கழிந்தபின் முல்லை நிலமொன்று எதிர்ப்பட்டது.,fake,facebook/mms-tts-tam,synthetic_tts,clean
data/fake/tamil\fake_tam_0115.wav,Tamil,"சில சமயங்களில், தலைமை அலுவலாளர்க்கு அஞ்சி அப்படியும் இப்படியுமாக அசைவதும் உண்டு.",fake,facebook/mms-tts-tam,synthetic_tts,clean
data/fake/tamil\fake_tam_0116.wav,Tamil,அரசியல் கிளர்ச்சிகளில் இனிமேல் ஈடுபடமாட்டேன் என்று நன்னடத்தை ஜாமீன் தர வேண்டும் என்றும் அவர் கோபாவேசமாக எச்சரித்தார்.,fake,facebook/mms-tts-tam,synthetic_tts,clean
data/fake/tamil\fake_tam_0117.wav,Tamil,அவனது கைங்கர்யமே இந்த ஆண்டாளுக்கு தனித்த சந்நிதி.,fake,facebook/mms-tts-tam,synthetic_tts,clean
data/fake/tamil\fake_tam_0118.wav,Tamil,இப்படி இருக்கும் நிலையில் மனத்தில் பொறாமைக் கனல் மூளவேண்டிய அவசியம் நேர்வது இயற்கைதானே.,fake,facebook/mms-tts-tam,synthetic_tts,clean
data/fake/tamil\fake_tam_0119.wav,Tamil,கோபத்துடன் தொடர்பு கொண்டு இழப்பை அடைவதில் என்ன பயன்?,fake,facebook/mms-tts-tam,synthetic_tts,clean
data/fake/tamil\fake_tam_0120.wav,Tamil,இந்தக் கோயிலுக்கு மூன்று பிரகாரங்கள்.,fake,facebook/mms-tts-tam,synthetic_tts,clean
data/fake/tamil\fake_tam_0121.wav,Tamil,"இந்த எக்ஸ்ட்ராக்களே அப்படித்தான், ஸார்.",fake,facebook/mms-tts-tam,synthetic_tts,clean
data/fake/tamil\fake_tam_0122.wav,Tamil,ஆற்றை வளைத்துநெல் நாற்றுக்கள் நட்டோ ம்;,fake,facebook/mms-tts-tam,synthetic_tts,clean
data/fake/tamil\fake_tam_0123.wav,Tamil,எம்.ஜி.ஆருக்கு ஒரு பலகீன மனப்பான்மை இருக்கிறது என்று நான் யூகித்தேன்.,fake,facebook/mms-tts-tam,synthetic_tts,clean
data/fake/tamil\fake_tam_0124.wav,Tamil,"அதனால், நன்கு கற்றுக்கொண்ட பிறகே, இந்தப் பிடிமுறையை ஆட்டத்தில் பயன்படுத்த வேண்டும்.",fake,facebook/mms-tts-tam,synthetic_tts,clean
data/fake/tamil\fake_tam_0125.wav,Tamil,"இக்ரிமாவைக் கொல்லும்படி நீங்கள் கட்டளையிடுவீர்களோ என்ற அச்சத்தால், அவர் ஏமனுக்கு ஓடி விட்டார்.",fake,facebook/mms-tts-tam,synthetic_tts,clean
data/fake/tamil\fake_tam_0126.wav,Tamil,"ஓ, இது எல்லாம் சரி!",fake,facebook/mms-tts-tam,synthetic_tts,clean
data/fake/tamil\fake_tam_0127.wav,Tamil,நான் அனுதாபத்துடன் கேட்டிருந்தது அவளுக்கு சிறு ஆறுதல்.,fake,facebook/mms-tts-tam,synthetic_tts,clean
data/fake/tamil\fake_tam_0128.wav,Tamil,பில்லி சூனியம் பில்லி சூனியம் எல்லாத் தோடர்களுக்கும் ஓரளவு தெரியும்.,fake,facebook/mms-tts-tam,synthetic_tts,clean
data/fake/tamil\fake_tam_0129.wav,Tamil,படுக்கைகளும் தலையணைகளும் அலங்காரமாகப் போடப்பட்ட இடத்தில் நித்திரைக்குக் குறைவிருக்குமோ!,fake,facebook/mms-tts-tam,synthetic_tts,clean
data/fake/tamil\fake_tam_0130.wav,Tamil,சிங்க வாகனத்தில் திரிசூலத்துடன் காட்சியளித்த காளியின் களிமண் சிலையின் முன்னால் நின்று கூப்பாடு போடுவதுபோல் கூக்குரலிட்டாள்.,fake,facebook/mms-tts-tam,synthetic_tts,clean
data/fake/tamil\fake_tam_0131.wav,Tamil,மின்னோட்டம் உள்செல்லும் வெளிவரும் வழி.,fake,facebook/mms-tts-tam,synthetic_tts,clean
data/fake/tamil\fake_tam_0132.wav,Tamil,"வால்டன், சீனியர் வே.",fake,facebook/mms-tts-tam,synthetic_tts,clean
data/fake/tamil\fake_tam_0133.wav,Tamil,அவை உருவத்தால் இருண்டன.,fake,facebook/mms-tts-tam,synthetic_tts,clean
data/fake/tamil\fake_tam_0134.wav,Tamil,கோவில் முழுதும் கண்டேன் உயர் கோபுரம் ஏறிக் கண்டேன் தேவாதி தேவனை யான் தோழி தேடியும் கண்டிலனே.,fake,facebook/mms-tts-tam,synthetic_tts,clean
data/fake/tamil\fake_tam_0135.wav,Tamil,"ஆனால் அவர்களது காதல் வளர்ந்தால், கருணாகரனால் பூர்த்திபெறவேண்டிய தேவியின் மனத்தேர் அச்சுமுறிந்து போய்விடுமென்பதையும் அறிவார் அவர்.",fake,facebook/mms-tts-tam,synthetic_tts,clean
data/fake/tamil\fake_tam_0136.wav,Tamil,பேசினால் ஆபத்து வரும்.,fake,facebook/mms-tts-tam,synthetic_tts,clean
data/fake/tamil\fake_tam_0137.wav,Tamil,இவ்விதிக்குப் பழங்கால மக்களான கிரேக்கர்கள் விலக்கானவர்களல்லர்.,fake,facebook/mms-tts-tam,synthetic_tts,clean
data/fake/tamil\fake_tam_0138.wav,Tamil,ஆனால் குரங்காட்டி கொஞ்ச தூரம் போய் நின்று குரங்கனிடம் ஏதோ வாதமிடுவதைக் கேட்டதும் நிமிர்ந்து பார்த்தேன்.,fake,facebook/mms-tts-tam,synthetic_tts,clean
data/fake/tamil\fake_tam_0139.wav,Tamil,அரங்கேற்றம் வெற்றிகரமாக முடிந்தது.,fake,facebook/mms-tts-tam,synthetic_tts,clean
data/fake/tamil\fake_tam_0140.wav,Tamil,வினாவினால் ஒரிஜினல் வள்ளி தேவயானையர் களவு போய் டூப்ளிகேட் வள்ளி தேவயானையரையே பின்னர் செய்து வைத்திருக்கிறார்கள் என்று தெரியும்.,fake,facebook/mms-tts-tam,synthetic_tts,clean
data/fake/tamil\fake_tam_0141.wav,Tamil,பின்பு உதயணன் பதுமையின் புதல்வனாகிய கோமுகனை அழைத்து அவனுக்கு முடிசூட்டிவிட்டுச் சென்று தேவியருக்குத் தன் கருத்தைத் தெரிவித்தான்.,fake,facebook/mms-tts-tam,synthetic_tts,clean
data/fake/tamil\fake_tam_0142.wav,Tamil,வயல்கிணற்றில் குளித்து விட்டு முடித்துவிடப்பட்ட கூந்தலின் பின்புறம் செருகப்பட்ட ஒற்றை ரோஜா.,fake,facebook/mms-tts-tam,synthetic_tts,clean
data/fake/tamil\fake_tam_0143.wav,Tamil,ஆண்டி அன்னத்துக்கு அழுகிறான் அவன் நாய் அப்பத்துக்கு அழுகிறது.,fake,facebook/mms-tts-tam,synthetic_tts,clean
data/fake/tamil\fake_tam_0144.wav,Tamil,தீய சொற்கள் அவற்றைச் சொல்வோருக்குத் தீமை விளைவிப்பதும் உண்டு.,fake,facebook/mms-tts-tam,synthetic_tts,clean
data/fake/tamil\fake_tam_0145.wav,Tamil,தனி மனிதனுடைய சுய நல ஆசையால் மற்றவர்களுடைய துவேஷம் ஏற்படுகிறது.,fake,facebook/mms-tts-tam,synthetic_tts,clean
data/fake/tamil\fake_tam_0146.wav,Tamil,"நம் நாட்டில் வழங்கும் புராணங்களில் வரும் கதைகள் நம்பத்தகாதன, குருட்டு நம்பிக்கையினால் எழுந்தன என்று சிலர் சொல்லுவார்கள்.",fake,facebook/mms-tts-tam,synthetic_tts,clean
data/fake/tamil\fake_tam_0147.wav,Tamil,அந்தி மழையும் ஒளவையாரைப் பிடித்த பிணியும் விடா.,fake,facebook/mms-tts-tam,synthetic_tts,clean
data/fake/tamil\fake_tam_0148.wav,Tamil,கடம்பர்களிடம் சிறைப்பட்டவர்கள் என்ற முறையில்தான் இன்னும் கொடுங்கோளூர் வீரர்கள் இருந்தனர்.,fake,facebook/mms-tts-tam,synthetic_tts,clean
data/fake/tamil\fake_tam_0149.wav,Tamil,தோட்டத்திலிருந்து உமார் அழைத்து வரப்பட்டான்.,fake,facebook/mms-tts-tam,synthetic_tts,clean
data/fake/tamil\fake_tam_0150.wav,Tamil,"ஆனால், நீ நிசாப்பூரையும் இஸ்லாமியக் கல்லூரிகளையும் விட்டுவிலகிச் சென்று விடவேண்டும்.",fake,facebook/mms-tts-tam,synthetic_tts,clean
data/fake/tamil\fake_tam_0151.wav,Tamil,"இவ்விரு பண்புகளையும் அணியெனப் பெற முயலவேண்டும், இவையே புகழ்மிக்க வாழ்க்கைக்கு அணிகள்!",fake,facebook/mms-tts-tam,synthetic_tts,clean
data/fake/tamil\fake_tam_0152.wav,Tamil,பிரதான நுழைவாயிலுக்கும் தளத்திற்கும் இடையில் நிலை அணுகல் கிடைக்கிறது.,fake,facebook/mms-tts-tam,synthetic_tts,clean
data/fake/tamil\fake_tam_0153.wav,Tamil,அதனால் நம்மை என்ன செய்ய முடியும்?,fake,facebook/mms-tts-tam,synthetic_tts,clean
data/fake/tamil\fake_tam_0154.wav,Tamil,அருணகிரியார் தனியே பிள்ளைத் தமிழ் என்று பெயர் வைத்து ஒன்றும் பாடவில்லை.,fake,facebook/mms-tts-tam,synthetic_tts,clean
data/fake/tamil\fake_tam_0155.wav,Tamil,"உயிரின் ஆரம்பம் தாயின் கர்ப்பத்திலா, குழந்தை மண்மீது பிறந்தவுடனா.",fake,facebook/mms-tts-tam,synthetic_tts,clean
data/fake/tamil\fake_tam_0156.wav,Tamil,ஒன்றும் செய்யத் தோன்றாமல் எல்லாப் படகுகளையும் நடுக் கடலிலேயே நிற்கச் செய்வதற்குரிய ஏற்பாட்டை மேற்கொண்டான் அவன்.,fake,facebook/mms-tts-tam,synthetic_tts,clean
data/fake/tamil\fake_tam_0157.wav,Tamil,எல்லாருக்கும் சொல்லும் பல்லி தான் போய்க் காடிப் பானையில் விழுமாம்.,fake,facebook/mms-tts-tam,synthetic_tts,clean
data/fake/tamil\fake_tam_0158.wav,Tamil,கொளுத்தி டும்கானல்! - உயிர்,fake,facebook/mms-tts-tam,synthetic_tts,clean
data/fake/tamil\fake_tam_0159.wav,Tamil,கோபுரத்தின் மேலேயிருந்த வரந்தைச் சுவர் ஓரமாக வெண்கலக் கருவிகள் பல ஒளிவீசிக் கொண்டிருந்தன.,fake,facebook/mms-tts-tam,synthetic_tts,clean
data/fake/tamil\fake_tam_0160.wav,Tamil,"புதிய காதல் வாழ்வின் தொடக்கம் என்பதே, ஒரு புதிய இலக்கியத்தைக் கற்பது போலத்தானே!",fake,facebook/mms-tts-tam,synthetic_tts,clean
data/fake/tamil\fake_tam_0161.wav,Tamil,"பக்கிங்காம் பிரபு சென்னை மாநில ஆளுநராகப் பணியாற்றிய போது, அரசியல் மனையின் வளர்ச்சிக்குப் பெரிதும் பாடுபட்டார்.",fake,facebook/mms-tts-tam,synthetic_tts,clean
data/fake/tamil\fake_tam_0162.wav,Tamil,"ஆனால் அந்த இடத்திலே கொல்லப்பட்டதாகத் தெரியவில்லை, வேறு எங்கோ கொலைசெய்து அங்கே கொண்டுவந்து போட்டிருக்கிறார்கள்.",fake,facebook/mms-tts-tam,synthetic_tts,clean
data/fake/tamil\fake_tam_0163.wav,Tamil,அன்றைய வசூல் என்னவென்று நினைக்கிறீர்கள்?,fake,facebook/mms-tts-tam,synthetic_tts,clean
data/fake/tamil\fake_tam_0164.wav,Tamil,புருவம் நெறித்தனர் கோப நகை செய்தனர் பாசத்தையுஞ் சூலத்தையும் எடுத்தனர் எருமைவாகனத் தேறினர் நாரதரே!,fake,facebook/mms-tts-tam,synthetic_tts,clean
data/fake/tamil\fake_tam_0165.wav,Tamil,சொர்க்கம் சொர்க்கம் என்று கூவியது அந்தக் குரல்.,fake,facebook/mms-tts-tam,synthetic_tts,clean
data/fake/tamil\fake_tam_0166.wav,Tamil,ஏழெட்டு மாதங்களில் நன்றாகப் படிக்கக் கற்று கொண்டனர்.,fake,facebook/mms-tts-tam,synthetic_tts,clean
data/fake/tamil\fake_tam_0167.wav,Tamil,காந்தருவதத்தை அவனோடு புறப்பட ஏற்பாடுகள் செய்து கொண்டாள்.,fake,facebook/mms-tts-tam,synthetic_tts,clean
data/fake/tamil\fake_tam_0168.wav,Tamil,நான் அமைதியாகச் சொன்னேன்.,fake,facebook/mms-tts-tam,synthetic_tts,clean
data/fake/tamil\fake_tam_0169.wav,Tamil,மூன்றாவது நரி கூடங்கள் மாடங்கள் ஏறினாலும் இராகங்கள் சங்கீதங்கள் இழுக்கலாமா என்றது.,fake,facebook/mms-tts-tam,synthetic_tts,clean
data/fake/tamil\fake_tam_0170.wav,Tamil,வேண்டாத சாதி இருட்டு வெளுப்பதற்குத்,fake,facebook/mms-tts-tam,synthetic_tts,clean
data/fake/tamil\fake_tam_0171.wav,Tamil,"அப்பொழுது ஒரு ராணுவ ஒற்றன் முன்வந்து, அவனை விட்டுவிடு நமக்கு வேண்டியவன்.அதோ நிற்கிறான் என்று டிரீஸியைச் சுட்டிக்காட்டினான்.",fake,facebook/mms-tts-tam,synthetic_tts,clean
data/fake/tamil\fake_tam_0172.wav,Tamil,"எட்டு வாழ்வும் மரணமும் சத்தியத்தின் குரல், மரணம் கிடையாது! என்று மனிதர்களுக்குச் சொல்லுகிறது.",fake,facebook/mms-tts-tam,synthetic_tts,clean
data/fake/tamil\fake_tam_0173.wav,Tamil,"இவைகள், ஆண்குலக் கோணத்திலிருந்து பார்த்தால் சரியெனப்பட்டது.",fake,facebook/mms-tts-tam,synthetic_tts,clean
data/fake/tamil\fake_tam_0174.wav,Tamil,சேயணு என்றால் என்ன?,fake,facebook/mms-tts-tam,synthetic_tts,clean
data/fake/tamil\fake_tam_0175.wav,Tamil,அதற்குமேல் நண்பர்களும் அவனை வற்புறுத்தித் தடுக்கவோ மறுக்கவோ விரும்பவில்லை.,fake,facebook/mms-tts-tam,synthetic_tts,clean
data/fake/tamil\fake_tam_0176.wav,Tamil,பிறகலைக் கூடங்கள் புனித மேரி திருச் சபையாரால் கிருத்தவக் கன்னியருக்காக நடத்தப்படும் இரண்டு பள்ளிகளும் உள்ளன.,fake,facebook/mms-tts-tam,synthetic_tts,clean
data/fake/tamil\fake_tam_0177.wav,Tamil,அதற்கேற்ப நம் செயல் அமைதல் வேண்டும்.,fake,facebook/mms-tts-tam,synthetic_tts,clean
data/fake/tamil\fake_tam_0178.wav,Tamil,நக்கிக்குடி! அதை நல்லதென்று சொல்!,fake,facebook/mms-tts-tam,synthetic_tts,clean
data/fake/tamil\fake_tam_0179.wav,Tamil,ஊராரைப் பகைத்து உயிரோடு இருந்தவர் இல்லை.,fake,facebook/mms-tts-tam,synthetic_tts,clean
data/fake/tamil\fake_tam_0180.wav,Tamil,என்ன விஷயம் குமரேசா?,fake,facebook/mms-tts-tam,synthetic_tts,clean
data/fake/tamil\fake_tam_0181.wav,Tamil,"‘Fiddle-de-dee’ ஆங்கிலம் அல்ல’, என Alice கடுமையாக பதிலளித்தாள்.",fake,facebook/mms-tts-tam,synthetic_tts,clean
data/fake/tamil\fake_tam_0182.wav,Tamil,பிறகு கவர்னர் உன் பையன் பெயர் என்ன?,fake,facebook/mms-tts-tam,synthetic_tts,clean
data/fake/tamil\fake_tam_0183.wav,Tamil,அறுகங் கட்டைபோல் அடிவேர் தளிர்க்கிறது.,fake,facebook/mms-tts-tam,synthetic_tts,clean
data/fake/tamil\fake_tam_0184.wav,Tamil,"இந்தக் கருத்துகளை எல்லாம் குறிப்பாய் உள்ளடக்கி, காலமும் இடமும் வாலிதின் நோக்கி என நன்னூல் அறிவிக்கிறது.",fake,facebook/mms-tts-tam,synthetic_tts,clean
data/fake/tamil\fake_tam_0185.wav,Tamil,"அங்ஙனம் ஓடிச் சென்றுவிட்ட அவர்கள், நேரே தத்தை அந்தப்புரத்திற்குள்ளே போய் மறைந்து கொண்டனர்.",fake,facebook/mms-tts-tam,synthetic_tts,clean
data/fake/tamil\fake_tam_0186.wav,Tamil,அறிஞர் டால்ஸ்டாய் கலைச்சுவை நிரம்பிய பல கதைகளையும் நாவல்களையும் எழுதியுள்ளார்.,fake,facebook/mms-tts-tam,synthetic_tts,clean
data/fake/tamil\fake_tam_0187.wav,Tamil,இல்லை கோனேரிராஜபுரம் நடராஜனைக் காட்டலாமா?,fake,facebook/mms-tts-tam,synthetic_tts,clean
data/fake/tamil\fake_tam_0188.wav,Tamil,ஐரோப்பியரல்லாத மக்கள் இந்து சமயத்தவரே.,fake,facebook/mms-tts-tam,synthetic_tts,clean
data/fake/tamil\fake_tam_0189.wav,Tamil,ஒருவரை அடியொற்றிப் பின்பற்றாமல் போற்றுவது ஒருவிதமான உணர்ச்சி.,fake,facebook/mms-tts-tam,synthetic_tts,clean
data/fake/tamil\fake_tam_0190.wav,Tamil,எப்படி.. நீங்க இங்க வருவதுல ஒரு பிரயோசனமும் கிடையாது சார்.,fake,facebook/mms-tts-tam,synthetic_tts,clean
data/fake/tamil\fake_tam_0191.wav,Tamil,வண்டு துளைக்கும் வலி யாகிய அநுபவம் இருந்தது.,fake,facebook/mms-tts-tam,synthetic_tts,clean
data/fake/tamil\fake_tam_0192.wav,Tamil,"கருணையற்ற அதிகாரமும், பக்தியற்ற ஆசாரமும், துன்ப உணர்வற்ற வருத்தமும் எனக்கு அறவே பிடிக்காத விஷயமாகும்.",fake,facebook/mms-tts-tam,synthetic_tts,clean
data/fake/tamil\fake_tam_0193.wav,Tamil,"குஞ்சு பொரிக்கும்போது அதன் கால்கள் இளஞ்சிவப்பு நிறத்தில் இருந்தன, அவை வயதாகும்போது சாம்பல்-கருப்பு நிறமாக மாறுகிறது.",fake,facebook/mms-tts-tam,synthetic_tts,clean
data/fake/tamil\fake_tam_0194.wav,Tamil,"தலைவரின் கொள்கைக்கு மொட்டை போடுகிறவர்கள், தலைவர் இறந்தாலும் தலை மொட்டை போடுகிறார்கள்.",fake,facebook/mms-tts-tam,synthetic_tts,clean
data/fake/tamil\fake_tam_0195.wav,Tamil,என்பி லதனை வெயில்போலக் காயுமே அன்பி லதனை அறம் பதினொன்று .,fake,facebook/mms-tts-tam,synthetic_tts,clean
data/fake/tamil\fake_tam_0196.wav,Tamil,இவைகளின் உயரம் ஏறக்குறைய நாநூறு அடி இருக்கும்.,fake,facebook/mms-tts-tam,synthetic_tts,clean
data/fake/tamil\fake_tam_0197.wav,Tamil,உமைஒன்று வேண்டுகின்றேன். மாசில் லாத,fake,facebook/mms-tts-tam,synthetic_tts,clean
data/fake/tamil\fake_tam_0198.wav,Tamil,அந்த நாய்! என்று உமார் கத்தினான்.,fake,facebook/mms-tts-tam,synthetic_tts,clean
data/fake/tamil\fake_tam_0199.wav,Tamil,"பிறருடைய செல்வத்தை, செல்வாக்கைக் கண்டால், கேட்டால் மகிழும் இயல்பினைப் பெறுதல் வேண்டும்.",fake,facebook/mms-tts-tam,synthetic_tts,clean
data/fake/tamil\fake_tam_0200.wav,Tamil,அதுபோல குழந்தைகளின் அறியாமையை நீக்கும் ஆசிரியர்களை நாடுவதில்லை.,fake,facebook/mms-tts-tam,synthetic_tts,clean
data/fake/tamil\fake_tam_0201.wav,Tamil,"யாருக்கு நாம் அன்பு செய்கிறோமோ, அவரை நேசிக்கிறோம்.",fake,facebook/mms-tts-tam,synthetic_tts,clean
data/fake/tamil\fake_tam_0202.wav,Tamil,புள்ளி அம்புறவு இறை.,fake,facebook/mms-tts-tam,synthetic_tts,clean
data/fake/tamil\fake_tam_0203.wav,Tamil,இங்கே வென்றவர் யார்?,fake,facebook/mms-tts-tam,synthetic_tts,clean
data/fake/tamil\fake_tam_0204.wav,Tamil,சோழர்கள் காலத்தில் இறைவனுக்கு இடப்பக்கத்தில் இருந்த அம்பிகை நாயக்க மன்னர்கள் காலத்திலே திரும்பவும் வலப்பக்கத்திற்கே வந்து கோயில் கொண்டிருக்கிறாள்.,fake,facebook/mms-tts-tam,synthetic_tts,clean
data/fake/tamil\fake_tam_0205.wav,Tamil,முறுக்க நெறிமுறை எதில் பயன்படுகிறது?,fake,facebook/mms-tts-tam,synthetic_tts,clean
data/fake/tamil\fake_tam_0206.wav,Tamil,"பாவிப் பயல் காதைத் திருகாமல் எழுப்பினால், அவன் குடியா முழுகிப் போய்விடும்?",fake,facebook/mms-tts-tam,synthetic_tts,clean
data/fake/tamil\fake_tam_0207.wav,Tamil,"சில சமயங்களில், தூரத்தில் உள்ள காட்டின் ஊடே காற்று துளைத்துக் கொண்டு அடிப்பது போன்ற ஓசை கேட்டது.",fake,facebook/mms-tts-tam,synthetic_tts,clean
data/fake/tamil\fake_tam_0208.wav,Tamil,உலகமொழி என்று பாராட்டப்படுகின்ற ஆங்கிலத்திலும் மொழி பேசும் மக்களின் வாழ்க்கைக்கு இலக்கணமில்லை.,fake,facebook/mms-tts-tam,synthetic_tts,clean
data/fake/tamil\fake_tam_0209.wav,Tamil,"தான்பீரின், பாதிரியார் தங்களுக்குச் செய்த உதவிகளையும், நண்பர்களுக்கு விரிவாக எடுத்துரைத்தான்.",fake,facebook/mms-tts-tam,synthetic_tts,clean
data/fake/tamil\fake_tam_0210.wav,Tamil,"தன் சக்திக்கு அப்பாற்பட்டதையும், சக்திக்கு உட்பட்டதையும் நினைத்துத் தன் சக்திக்கு உட்பட்ட காரியத்தைக்கூடச் செய்யும் திண்மை அற்றவன் அதமன்.",fake,facebook/mms-tts-tam,synthetic_tts,clean
data/fake/tamil\fake_tam_0211.wav,Tamil,அவள் பலவாறு எண்ணமிட்டுக் கொண்டிருப்பாள்.,fake,facebook/mms-tts-tam,synthetic_tts,clean
data/fake/tamil\fake_tam_0212.wav,Tamil,"ஈரமாகிவிட்ட அவளது சட்டையை கழற்றி விட்டு வேறு துணிகளை அணிவித்து, அருணகிரிக்கும் வேறு துணிகளைக் கொடுத்தாள் லட்சுமி அம்மாள்.",fake,facebook/mms-tts-tam,synthetic_tts,clean
data/fake/tamil\fake_tam_0213.wav,Tamil,உலகில் எங்கே பார்த்தாலும் அரசு விதிக்கும் பல வகை வரிகளால் பொதுமக்கள் பெரிதும் சலிப்புக்கு ஆளாகிறார்கள் என்பது தெரியவருகிறது.,fake,facebook/mms-tts-tam,synthetic_tts,clean
data/fake/tamil\fake_tam_0214.wav,Tamil,இந்த யக்ஞவராகர் ஒரு காலத்தில் திப்பு சுல்தானால் களவாடப்பட்டு மறைந்திருக்கிறார்.,fake,facebook/mms-tts-tam,synthetic_tts,clean
data/fake/tamil\fake_tam_0215.wav,Tamil,இந்த உயிர் இந்த உடலை விட்டு நீங்கும்வரை நீ நினைப்பதொன்றும் நடக்காது.,fake,facebook/mms-tts-tam,synthetic_tts,clean
data/fake/tamil\fake_tam_0216.wav,Tamil,"ஏனென்றால், அவன் செத்துக்கிடந்த இடத்திலே தரையில் இரத்தக்கறையேயில்லை! உமாருக்கு இது ஹாஸானுடைய ஆட்களின் வேலைதான் என்று தெரிந்தது.",fake,facebook/mms-tts-tam,synthetic_tts,clean
data/fake/tamil\fake_tam_0217.wav,Tamil,அவன் பார்த்தான்.,fake,facebook/mms-tts-tam,synthetic_tts,clean
data/fake/tamil\fake_tam_0218.wav,Tamil,"பித்துப் பிடித்ததுபோல் நடந்து புல்வெளித் தரையில் முட்டுக்காலிட்டு, முகத்தை அதில் சாத்தினான்.",fake,facebook/mms-tts-tam,synthetic_tts,clean
data/fake/tamil\fake_tam_0219.wav,Tamil,என் வயது எழுபத்தாறு என்று கணீரென்று உரைத்தார்.,fake,facebook/mms-tts-tam,synthetic_tts,clean
data/fake/tamil\fake_tam_0220.wav,Tamil,அறிவு என்பது செய்திகளின் தொகுப்பு அல்ல!,fake,facebook/mms-tts-tam,synthetic_tts,clean
data/fake/tamil\fake_tam_0221.wav,Tamil,சமநீர் எடை என்றால் என்ன?,fake,facebook/mms-tts-tam,synthetic_tts,clean
data/fake/tamil\fake_tam_0222.wav,Tamil,அழித்தல் என்ற பொருளை ஆரம்பத்தில் வைத்து நூல் தொடங்கலாமா?,fake,facebook/mms-tts-tam,synthetic_tts,clean
data/fake/tamil\fake_tam_0223.wav,Tamil,பணிவு இயற்கையாக அமைதல் வேண்டும்.,fake,facebook/mms-tts-tam,synthetic_tts,clean
data/fake/tamil\fake_tam_0224.wav,Tamil,அந்தத் தோட்டத்தின் வாயிலில் முற்காலத்தில் எப்பொழுதும் ஒரு போர்ப்படை இருப்பது வழக்கம்.,fake,facebook/mms-tts-tam,synthetic_tts,clean
data/fake/tamil\fake_tam_0225.wav,Tamil,இலவு காத்த கிளி போல.,fake,facebook/mms-tts-tam,synthetic_tts,clean
data/fake/tamil\fake_tam_0226.wav,Tamil,"அதனால், பிரிவினையை எதிர்த்து இந்திய மக்கள் போராடத் துவங்கிவிட்டார்கள்.",fake,facebook/mms-tts-tam,synthetic_tts,clean
data/fake/tamil\fake_tam_0227.wav,Tamil,ஊரை வளைத்தாலும் உற்ற துணை இல்லை நாட்டை வளைத்தானும் நல்ல துணை இல்லை.,fake,facebook/mms-tts-tam,synthetic_tts,clean
data/fake/tamil\fake_tam_0228.wav,Tamil,ஆபத்து வேளைகளில் அவனுடைய வலது கைதுப்பாக்கியைப் பற்றிய வண்ணமாகவேயிருந்தான்.,fake,facebook/mms-tts-tam,synthetic_tts,clean
data/fake/tamil\fake_tam_0229.wav,Tamil,இது நான்கு விருப்பத்தேர்வுகளிலிருந்து Alberta இன் பிரதிநிதி கட்சி என்ற பெயரையும் தேர்ந்தெடுத்தது.,fake,facebook/mms-tts-tam,synthetic_tts,clean
data/fake/tamil\fake_tam_0230.wav,Tamil,நீண்ட உடை மற்றும் நீலநிற தொப்பி அணிந்துகொண்டு ஒரு நடத்துனர் இரயில் பெட்டிக்கு அருகே நிற்கிறார்.,fake,facebook/mms-tts-tam,synthetic_tts,clean
data/fake/tamil\fake_tam_0231.wav,Tamil,"அவர்களது எழிலும், அவர்களது நிறமும் ஒயிலும் நம் உள்ளத்தைக் கொள்ளை கொள்ளும்.",fake,facebook/mms-tts-tam,synthetic_tts,clean
data/fake/tamil\fake_tam_0232.wav,Tamil,"அப்பொழுது, அதைப் பார்த்தவுடன், நிச்சயமாயிற்று!.",fake,facebook/mms-tts-tam,synthetic_tts,clean
data/fake/tamil\fake_tam_0233.wav,Tamil,நாடகம் முடிவடையும் நேரத்தில் நாங்கள் உணர்வற்ற நிலையில் இருப்போம்.,fake,facebook/mms-tts-tam,synthetic_tts,clean
data/fake/tamil\fake_tam_0234.wav,Tamil,"பலரும் எக்ஸ்ட்ரீமொபில்ஸ், முன்பு வாழ்க்கைக்கு பொருத்தமான இடமில்லை மற்றும் வாழவே முடியாது என்று நினைத்த இடங்களில் வாழ்கின்றனர்.",fake,facebook/mms-tts-tam,synthetic_tts,clean
data/fake/tamil\fake_tam_0235.wav,Tamil,திடீரென்று பேசக் கற்றுக் கொண்ட பச்சைக் கிளியொன்றைப் பார்ப்பது போல் உமார் அவளைப் பார்த்தான்.,fake,facebook/mms-tts-tam,synthetic_tts,clean
data/fake/tamil\fake_tam_0236.wav,Tamil,அவருடைய பேச்சுக்களிலிருந்து அவற்றைத் தொகுத்திருந்தால் அதுவே ஒரு தனிப் புத்தகமாக ஆகிவிடும்.,fake,facebook/mms-tts-tam,synthetic_tts,clean
data/fake/tamil\fake_tam_0237.wav,Tamil,"என்றாலும், அது அளவுக்கு மீறிவிடுமானால், அச்சு முறிவதைப்போல, அது குடும்பத்தையே முறித்துவிடும் என்ற கருத்தும் இக் குறளில் இல்லாமலில்லை.",fake,facebook/mms-tts-tam,synthetic_tts,clean
data/fake/tamil\fake_tam_0238.wav,Tamil,"ஐயர் பாதி, அரண்மனை பாதி.",fake,facebook/mms-tts-tam,synthetic_tts,clean
data/fake/tamil\fake_tam_0239.wav,Tamil,இன்று அகிடா அதிகார எல்லையாக இருக்கும் இடத்தில் அவர் பிறந்தார்.,fake,facebook/mms-tts-tam,synthetic_tts,clean
data/fake/tamil\fake_tam_0240.wav,Tamil,அதுபோல சாதிகளிலேயே பழகிப்போன நமக்குச் சாதிகளை விடமுடியாத அளவுக்கு மூடத்தனம் வளர்ந்து விட்டது.,fake,facebook/mms-tts-tam,synthetic_tts,clean
data/fake/tamil\fake_tam_0241.wav,Tamil,அடியும் பிடியும் சரி.,fake,facebook/mms-tts-tam,synthetic_tts,clean
data/fake/tamil\fake_tam_0242.wav,Tamil,"இதை உருவாக்கியது லெனான்-மெக்கார்ட்னி , ஆனால் ஜான் லெனான் எழுதியதாக கூறப்படுகிறது",fake,facebook/mms-tts-tam,synthetic_tts,clean
data/fake/tamil\fake_tam_0243.wav,Tamil,வானம் சேர்த்துப் பெய்து பயன் என்ன?,fake,facebook/mms-tts-tam,synthetic_tts,clean
data/fake/tamil\fake_tam_0244.wav,Tamil,நியாய விலைக் கடையில் அரிசிக்குக் கூடை தாங்கிக் கால்கடுக்கத் தவம் செய்கிறான்.,fake,facebook/mms-tts-tam,synthetic_tts,clean
data/fake/tamil\fake_tam_0245.wav,Tamil,"ஒரு நாள் அவனைப் பாதுகாப்பதற்காக நின்ற காவலர்கள், இன்று அவன் பறந்தோடிவிடாமல் பார்த்துக் கொள்ளச் சுற்றி நின்றார்கள்.",fake,facebook/mms-tts-tam,synthetic_tts,clean
data/fake/tamil\fake_tam_0246.wav,Tamil,தியாகத்தில் பிறந்த தியாகமன்றோ அது!,fake,facebook/mms-tts-tam,synthetic_tts,clean
data/fake/tamil\fake_tam_0247.wav,Tamil,நீர்மூழ்கிக் கப்பலை மீண்டும் சேவைக்கு கொண்டுவருவது மிகவும் சாத்தியமில்லை என்று அதிகாரப்பூர்வ வட்டாரங்கள் தெரிவித்தன.,fake,facebook/mms-tts-tam,synthetic_tts,clean
data/fake/tamil\fake_tam_0248.wav,Tamil,சார்பு என்றால் என்ன?,fake,facebook/mms-tts-tam,synthetic_tts,clean
data/fake/tamil\fake_tam_0249.wav,Tamil,"⁠ஆகவே, மெதுவாக, பதமாகச் செய்யும் பயிற்சிகளே, நல்ல பல பலன்களை நல்குகின்றன.",fake,facebook/mms-tts-tam,synthetic_tts,clean
data/fake/tamil\fake_tam_0250.wav,Tamil,இவ்வாறாக மருந்து மரத்தின் எல்லா உறுப்புக்களையும் எடுத்துப் பயன் படுத்துகிறோம்.,fake,facebook/mms-tts-tam,synthetic_tts,clean
data/fake/tamil\fake_tam_0251.wav,Tamil,சந்தனக் கல்லடி காலியாக இருந்தது.,fake,facebook/mms-tts-tam,synthetic_tts,clean
data/fake/tamil\fake_tam_0252.wav,Tamil,துறவுக் கோலத்தில் தெய்வீக மனிதராக நடந்து கொண்டான்.,fake,facebook/mms-tts-tam,synthetic_tts,clean
data/fake/tamil\fake_tam_0253.wav,Tamil,"இம் மூவரையும் இழந்த நான் அறம், பொருள், இன்பம் என்ற மூன்று உறுதிப் பொருள்களையுமே இழந்தவன்போல ஆகின்றேன்.",fake,facebook/mms-tts-tam,synthetic_tts,clean
data/fake/tamil\fake_tam_0254.wav,Tamil,இவள் யார்? என்று அரங்கில் ஆடியவளைப் பற்றி அடுத்து இருந்தவனை விசாரித்தான்.,fake,facebook/mms-tts-tam,synthetic_tts,clean
data/fake/tamil\fake_tam_0255.wav,Tamil,நான்கு வயதிலிருந்து அவர் லாஸ் ஏஞ்சலஸில் வளர்க்கப்பட்டார்.,fake,facebook/mms-tts-tam,synthetic_tts,clean
data/fake/tamil\fake_tam_0256.wav,Tamil,கானப் புலிபோல் கடும்பகைவர் மேற்பாயும்!,fake,facebook/mms-tts-tam,synthetic_tts,clean
data/fake/tamil\fake_tam_0257.wav,Tamil,இது அவனுடைய ஏழாவது பணி.,fake,facebook/mms-tts-tam,synthetic_tts,clean
data/fake/tamil\fake_tam_0258.wav,Tamil,நாடுகள் சுதந்திரம் பெற்றபின் குடிமைப் பயிற்சி என்பது மலிந்து வருகிறது.,fake,facebook/mms-tts-tam,synthetic_tts,clean
data/fake/tamil\fake_tam_0259.wav,Tamil,ஒரு காட்சி காதற் காட்சி!,fake,facebook/mms-tts-tam,synthetic_tts,clean
data/fake/tamil\fake_tam_0260.wav,Tamil,இது பெர்முடாவில் ஆரம்பத்தில் குடியேறிய பகுதிகளில் ஒன்றாகும்.,fake,facebook/mms-tts-tam,synthetic_tts,clean
data/fake/tamil\fake_tam_0261.wav,Tamil,எந்தச் சொல்லிலும் பொருளை மட்டும் நாடாமல் வாய்மையை நாடுக.,fake,facebook/mms-tts-tam,synthetic_tts,clean
data/fake/tamil\fake_tam_0262.wav,Tamil,பத்திரமாக வைத்திருக்கிறேன் யாருக்குப் கொடுப்பதில்லை.,fake,facebook/mms-tts-tam,synthetic_tts,clean
data/fake/tamil\fake_tam_0263.wav,Tamil,மக்களிடமும் வாங்கும் சக்தி ஓரளவு பெருகி வந்துள்ளது.,fake,facebook/mms-tts-tam,synthetic_tts,clean
data/fake/tamil\fake_tam_0264.wav,Tamil,அவருக்குக் கோபம் வரும்.,fake,facebook/mms-tts-tam,synthetic_tts,clean
data/fake/tamil\fake_tam_0265.wav,Tamil,"அன்றியும் பதுமையைக் காதலித்தது, மணம் புரிந்து கொண்டது யாவும் என் விதியினது விளைவுகள்.",fake,facebook/mms-tts-tam,synthetic_tts,clean
data/fake/tamil\fake_tam_0266.wav,Tamil,பிராயச்சித்தம் செய்து கொள்ள வேண்டுமே பிராமண குலோத்தமர்கள்!,fake,facebook/mms-tts-tam,synthetic_tts,clean
data/fake/tamil\fake_tam_0267.wav,Tamil,உண்டபின் தீர்ந்துபோய் விட்டதே எவ்வாறு கொடுப்பது என்ற பதில் வந்தது போலும்.,fake,facebook/mms-tts-tam,synthetic_tts,clean
data/fake/tamil\fake_tam_0268.wav,Tamil,"ஆதலால், உங்கள் தலைவர் யமதரும ராஜருக்கு நடுவன் என்றொரு பெயர் உண்டு.",fake,facebook/mms-tts-tam,synthetic_tts,clean
data/fake/tamil\fake_tam_0269.wav,Tamil,நட்புக் குறையாமல் காப்பதே பழைமை எனப்படும்.,fake,facebook/mms-tts-tam,synthetic_tts,clean
data/fake/tamil\fake_tam_0270.wav,Tamil,அன்பெனச் சொல்லியிங் காதிமுதற் பேத,fake,facebook/mms-tts-tam,synthetic_tts,clean
data/fake/tamil\fake_tam_0271.wav,Tamil,இன்னும் இத்தலத்தில் காயாரோணகர் கோயிலை ஒட்டிய சுற்றுக் கோயில்களும் பல உண்டு.,fake,facebook/mms-tts-tam,synthetic_tts,clean
data/fake/tamil\fake_tam_0272.wav,Tamil,ஒரு சவால் வந்தது.,fake,facebook/mms-tts-tam,synthetic_tts,clean
data/fake/tamil\fake_tam_0273.wav,Tamil,"மருந்தளவை ஆராய்வதற்காக, கூறுகள் தீவிரமான நாட்பட்ட மாதிரிகளில் பரிசோதிக்கப்பட்டன.",fake,facebook/mms-tts-tam,synthetic_tts,clean
data/fake/tamil\fake_tam_0274.wav,Tamil,அதையே அருணகிரியார் ப்ரமம் என்று சொல்கிறார்.,fake,facebook/mms-tts-tam,synthetic_tts,clean
data/fake/tamil\fake_tam_0275.wav,Tamil,அதோ ஒரு பரிசல் தெரியுது.,fake,facebook/mms-tts-tam,synthetic_tts,clean
data/fake/tamil\fake_tam_0276.wav,Tamil,விண்மீன்கள் அங்கொன்றும் இங்கொன்றுமாக மின்னிக் கொண்டிருந்தன.,fake,facebook/mms-tts-tam,synthetic_tts,clean
data/fake/tamil\fake_tam_0277.wav,Tamil,தெரிதலும் தேர்ந்து செயலும் ஒருதலையாச் சொல்லலும் வல்லது,fake,facebook/mms-tts-tam,synthetic_tts,clean
data/fake/tamil\fake_tam_0278.wav,Tamil,இதற்கு ஆர்க்டிக் நீரோட்டம் என்று பெயர்.,fake,facebook/mms-tts-tam,synthetic_tts,clean
data/fake/tamil\fake_tam_0279.wav,Tamil,மானத்துக்குத் தக்க உதாரணம் சொல்ல வேண்டுமா?,fake,facebook/mms-tts-tam,synthetic_tts,clean
data/fake/tamil\fake_tam_0280.wav,Tamil,நீட்டினார் தலையை வீட்டின் வெளியில்,fake,facebook/mms-tts-tam,synthetic_tts,clean
data/fake/tamil\fake_tam_0281.wav,Tamil,அப்பொழுது நீங்கள் அவனிடம் அன்பு காட்டவேண்டும் என்று கூறினான்.,fake,facebook/mms-tts-tam,synthetic_tts,clean
data/fake/tamil\fake_tam_0282.wav,Tamil,அ.தி.மு.க தி.மு.க.விற்கும் இடையே உள்ள பகைமை அத்தகையது.,fake,facebook/mms-tts-tam,synthetic_tts,clean
data/fake/tamil\fake_tam_0283.wav,Tamil,வீடுமனை மடக்கிப் போர் தொடுத்தனர்.,fake,facebook/mms-tts-tam,synthetic_tts,clean
data/fake/tamil\fake_tam_0284.wav,Tamil,தத்தம் முகாம்களிலே தங்களால் முடிந்தவரை சேனைகளைத் திரட்டிக் கொண்டார்கள்.,fake,facebook/mms-tts-tam,synthetic_tts,clean
data/fake/tamil\fake_tam_0285.wav,Tamil,"இனிய செல்வ, நீ சொல்வது புரிகிறது!",fake,facebook/mms-tts-tam,synthetic_tts,clean
data/fake/tamil\fake_tam_0286.wav,Tamil,வெப்ப ஏற்புத்திறன் என்றால் என்ன?,fake,facebook/mms-tts-tam,synthetic_tts,clean
data/fake/tamil\fake_tam_0287.wav,Tamil,அவ்வாறே ஓர்மனிதன் ஆகாயம் பூமிமட்டும்,fake,facebook/mms-tts-tam,synthetic_tts,clean
data/fake/tamil\fake_tam_0288.wav,Tamil,இந்த சாதனத்தை இயக்கினால் தலைகீழாக ஒரு ஜெனரேட்டராகவும் செயல்படுகிறது.,fake,facebook/mms-tts-tam,synthetic_tts,clean
data/fake/tamil\fake_tam_0289.wav,Tamil,சந்தடியே இல்லாமல் இந்தி தமிழகத்தில் வளர்கிறது.,fake,facebook/mms-tts-tam,synthetic_tts,clean
data/fake/tamil\fake_tam_0290.wav,Tamil,அவர்களுக்கு வழக்கமாயிருந்த தைரியத்துடன் விலகியிருந்து விட்டார்கள்.,fake,facebook/mms-tts-tam,synthetic_tts,clean
data/fake/tamil\fake_tam_0291.wav,Tamil,சமுதாயத்தின் மதிப்பைக் கெளரவித்தலில் தனிமனித ஒழுகலாறு சிறப்படைய வழி உண்டு.,fake,facebook/mms-tts-tam,synthetic_tts,clean
data/fake/tamil\fake_tam_0292.wav,Tamil,பழையன கழிதலும் புதியன புகுதலும் வழுவல காலவகையினுனே என்பது இயற்கை விதி அல்லவா?,fake,facebook/mms-tts-tam,synthetic_tts,clean
data/fake/tamil\fake_tam_0293.wav,Tamil,அதற்காகத்தான் இப்படி அந்தண இளைஞன்போல் மாறி உருக்கொண்டானோ?,fake,facebook/mms-tts-tam,synthetic_tts,clean
data/fake/tamil\fake_tam_0294.wav,Tamil,அவர் லிஜ்ஜீ என்ற பெயரை விரும்பவில்லை என்று தெரிவிக்கப்பட்டுள்ளது.,fake,facebook/mms-tts-tam,synthetic_tts,clean
data/fake/tamil\fake_tam_0295.wav,Tamil,இது கல்லூரி மட்ட விஞ்ஞானம் என்று பதில் உரைத்தார்.,fake,facebook/mms-tts-tam,synthetic_tts,clean
data/fake/tamil\fake_tam_0296.wav,Tamil,"அது போல, மொழியால் சமய நெறியால் வள்ர்ந்த தமிழின்த்தின் மதர்த்த சோம்பலை ஆரியம் வெற்றிகொள்ளத் துடிக்கிறது.",fake,facebook/mms-tts-tam,synthetic_tts,clean
data/fake/tamil\fake_tam_0297.wav,Tamil,பறக்கும் பச்சை உடையணிந்த ஒரு பெண் நடனம் ஆடுகிறார்.,fake,facebook/mms-tts-tam,synthetic_tts,clean
data/fake/tamil\fake_tam_0298.wav,Tamil,வீட்டைப் படைத்தவன் எந்த எந்த மாதிரியாகப் படைத்தானோ அதில் சிறிதளவுகூட மாற்றம் செய்ய முடியாது.,fake,facebook/mms-tts-tam,synthetic_tts,clean
data/fake/tamil\fake_tam_0299.wav,Tamil,இவ்வாறு நான் சும்மா உட்கார்ந்து கொண்டிருந்ததில் மற்றொரு விபரீதமான கஷ்டமொன்று நேர்ந்தது.,fake,facebook/mms-tts-tam,synthetic_tts,clean
data/fake/tamil\fake_tam_0300.wav,Tamil,"கோயிலுள் நுழைகிற போதே, உள்ளத்தில் ஓர் எழுச்சி உண்டாகிறது.",fake,facebook/mms-tts-tam,synthetic_tts,clean
data/fake/tamil\fake_tam_0301.wav,Tamil,"⁠அப்படியானால் மிகச் சிறந்த தத்துவ வாதிகளும், தருக்க நிபுணர்களும் நாத்திகவாதிகளாயிருந்தும், இந்தியாவில் நாத்திகம் பரவவில்லையே, ஏன்?",fake,facebook/mms-tts-tam,synthetic_tts,clean
data/fake/tamil\fake_tam_0302.wav,Tamil,புத்தர் சங்கம் அமைத்துத் தம் கொள்கைகளை உலகெங்கும் பரவச் செய்தார்.,fake,facebook/mms-tts-tam,synthetic_tts,clean
data/fake/tamil\fake_tam_0303.wav,Tamil,இதில் அளவும் திசையும் குறிக்கப்பட வேண்டும்.,fake,facebook/mms-tts-tam,synthetic_tts,clean
data/fake/tamil\fake_tam_0304.wav,Tamil,அவ்வளவு செல்வாக்கும் சொல்வாக்கும் அவருக்கு மக்களிடையே அப்போது இருந்தது.,fake,facebook/mms-tts-tam,synthetic_tts,clean
data/fake/tamil\fake_tam_0305.wav,Tamil,⁠இப்ரஹீமின் பையன் விறுவிறுவென்று மரத்தின் மேல் ஏறினான்.,fake,facebook/mms-tts-tam,synthetic_tts,clean
data/fake/tamil\fake_tam_0306.wav,Tamil,எனக்கு இந்த விஷயமே தெரியாது.,fake,facebook/mms-tts-tam,synthetic_tts,clean
data/fake/tamil\fake_tam_0307.wav,Tamil,இதனால் நிலத்தின் பூசாரம் குறைந்தது தான் மிச்சம்.,fake,facebook/mms-tts-tam,synthetic_tts,clean
data/fake/tamil\fake_tam_0308.wav,Tamil,"மனத்தைவிட ஆழ்ந்த ஒருண்மை ஆன்மா இதைப் பகுத்தறிவினாலோ, தருக்கங்களாலோ அறிய முடியாது.",fake,facebook/mms-tts-tam,synthetic_tts,clean
data/fake/tamil\fake_tam_0309.wav,Tamil,ஆயிரம் உளி வாய்ப்பட்டு ஒரு லிங்கம் ஆக வேணும்.,fake,facebook/mms-tts-tam,synthetic_tts,clean
data/fake/tamil\fake_tam_0310.wav,Tamil,அன்றும் இல்லை இன்றும் இல்லை.,fake,facebook/mms-tts-tam,synthetic_tts,clean
data/fake/tamil\fake_tam_0311.wav,Tamil,மேல்புறம் அகழியில் மீன் வளர்க்கிறார்கள்.,fake,facebook/mms-tts-tam,synthetic_tts,clean
data/fake/tamil\fake_tam_0312.wav,Tamil,ஆனால் தங்கம்மாள் தூங்கவே இல்லை.,fake,facebook/mms-tts-tam,synthetic_tts,clean
data/fake/tamil\fake_tam_0313.wav,Tamil,"கோசாம்பி நகரத்துக் கணிகையர் தெரு, கலைகளின் இருப்பிடம் என்று கூறுமாறு விளங்குவது.",fake,facebook/mms-tts-tam,synthetic_tts,clean
data/fake/tamil\fake_tam_0314.wav,Tamil,அவர்களுடைய கண்கள் ஹாஸானுடைய கண்களில் பிணிப்புண்டு கிடந்தன.,fake,facebook/mms-tts-tam,synthetic_tts,clean
data/fake/tamil\fake_tam_0315.wav,Tamil,அவர்கள் ஒரு நாள் போற்றும் காலம் வரும்.,fake,facebook/mms-tts-tam,synthetic_tts,clean
data/fake/tamil\fake_tam_0316.wav,Tamil,அந்த நாராயணன் தான் எத்தனை நாட்களுக்குத் திருமகளைப் பிரிந்து இருப்பான்?,fake,facebook/mms-tts-tam,synthetic_tts,clean
data/fake/tamil\fake_tam_0317.wav,Tamil,மினரல் பாயிண்ட் நகரம் ஊருக்குள் அமைந்துள்ளது.,fake,facebook/mms-tts-tam,synthetic_tts,clean
data/fake/tamil\fake_tam_0318.wav,Tamil,"பஞ்சவர்ணக் கிளியே, நீ என் தாயாராக இருந்தால் என் அண்ணன்மார்களைப் பாதாளச் சிறையில் அடைக்கும்",fake,facebook/mms-tts-tam,synthetic_tts,clean
data/fake/tamil\fake_tam_0319.wav,Tamil,சார்ந்த ஒளிதான் தகத்தகா யக்காட்சி!,fake,facebook/mms-tts-tam,synthetic_tts,clean
data/fake/tamil\fake_tam_0320.wav,Tamil,அதைக் கேட்டவுடன் ஹரதத்தர் விசித்து விசித்து அழுதார்.,fake,facebook/mms-tts-tam,synthetic_tts,clean
data/fake/tamil\fake_tam_0321.wav,Tamil,கலவையாக்கி என்றால் என்ன?,fake,facebook/mms-tts-tam,synthetic_tts,clean
data/fake/tamil\fake_tam_0322.wav,Tamil,அவ் எருது கருநிறம் பெற்று விளங்கியதால் காரி எனப்பட்டது.,fake,facebook/mms-tts-tam,synthetic_tts,clean
data/fake/tamil\fake_tam_0323.wav,Tamil,வந்தவன் கருமுகில்வண்ணன் நெடுமால் என்பதை உணர்ந்து விதுரன் பக்தியில் ஆழ்ந்தான்.,fake,facebook/mms-tts-tam,synthetic_tts,clean
data/fake/tamil\fake_tam_0324.wav,Tamil,ஐயம்பேட்டைத் துலுக்கன் போல்.,fake,facebook/mms-tts-tam,synthetic_tts,clean
data/fake/tamil\fake_tam_0325.wav,Tamil,ஆகாயத்தில் எறிந்த கல் அங்கேயே நிற்குமா?,fake,facebook/mms-tts-tam,synthetic_tts,clean
data/fake/tamil\fake_tam_0326.wav,Tamil,அவர் நாவலின் அடிப்படை அமைப்பை டூமாஸிடம் கூறுவார்.,fake,facebook/mms-tts-tam,synthetic_tts,clean
data/fake/tamil\fake_tam_0327.wav,Tamil,வலிமையால் மட்டும் பெண்களைத் தவறிழைக்காமல் வைத்திருக்க முடியாது.,fake,facebook/mms-tts-tam,synthetic_tts,clean
data/fake/tamil\fake_tam_0328.wav,Tamil,வங்காளத்தை இரண்டு பிரிவினையாகப் பிரித்துவிட்டதே அமைதியில்லாச் செயலுக்குக் காரணம் என்கிறார்கள்.,fake,facebook/mms-tts-tam,synthetic_tts,clean
data/fake/tamil\fake_tam_0329.wav,Tamil,"உடல் வருந்த உழைத்தாலே, நோய், அணுகாது.",fake,facebook/mms-tts-tam,synthetic_tts,clean
data/fake/tamil\fake_tam_0330.wav,Tamil,கிளி அவனுக்கு வழி காண்பித்துக்கொண்டே முன்னால் மெதுவாகப் பறந்து சென்றது.,fake,facebook/mms-tts-tam,synthetic_tts,clean
data/fake/tamil\fake_tam_0331.wav,Tamil,⁠உழைப்பாளிகள் யாருக்குமே தொந்தி வராது அதாவது உடலை வருத்துகின்ற வேலையாட்களுக்கென்று சொல்ல வரவில்லை.,fake,facebook/mms-tts-tam,synthetic_tts,clean
data/fake/tamil\fake_tam_0332.wav,Tamil,இரு கம்பெனியாருக்கும் விளம்பர அறிக்கைகளிலேயே விவாதம் நடந்தது.,fake,facebook/mms-tts-tam,synthetic_tts,clean
data/fake/tamil\fake_tam_0333.wav,Tamil,"மகிடம், மேதி என்பவற்றின் பொருள் எருமை.",fake,facebook/mms-tts-tam,synthetic_tts,clean
data/fake/tamil\fake_tam_0334.wav,Tamil,நிசாம் அல்முல்க் அவர்களின் உத்திரவுப்படி உன்னைத் தொடர்ந்து கவனித்து பாதுகாவலும் செய்து வந்தேன்.,fake,facebook/mms-tts-tam,synthetic_tts,clean
data/fake/tamil\fake_tam_0335.wav,Tamil,"பதுமாபதி தன் நெஞ்சைக் கவர்ந்ததையும், அவள் நெஞ்சில் தான் குடி கொண்டதையும் நளினமாக எடுத்துக் கூறி முடித்தான்.",fake,facebook/mms-tts-tam,synthetic_tts,clean
data/fake/tamil\fake_tam_0336.wav,Tamil,Vanderbilt மகளை தன் பொறுப்பில் வைத்துக் கொள்ளும் தகுதியை தனது மைத்துனி Gertrude Vanderbilt Whitney-யிடம் இழந்தார்.,fake,facebook/mms-tts-tam,synthetic_tts,clean
data/fake/tamil\fake_tam_0337.wav,Tamil,கல்கத்தா தமிழர்களின் பாரதி பக்தியைக் கண்டு நாங்கள் வியப்படைந்தோம்.,fake,facebook/mms-tts-tam,synthetic_tts,clean
data/fake/tamil\fake_tam_0338.wav,Tamil,அரும்பொருளையும் பொதுப் பொருளாக்கும் நல்லியல்பு மற்றொரு பக்கமிருந் பரவசப்படுத்திற்று.,fake,facebook/mms-tts-tam,synthetic_tts,clean
data/fake/tamil\fake_tam_0339.wav,Tamil,நாள் அது நம் வாழ்நாளை அறுக்கும் வாள் என்பதை உணர்ந்து செயல்பட வேண்டும்.,fake,facebook/mms-tts-tam,synthetic_tts,clean
data/fake/tamil\fake_tam_0340.wav,Tamil,அவன் உருவம் பார்க்கத்தக்கதுதான் திண்ணமான சரீரம்.,fake,facebook/mms-tts-tam,synthetic_tts,clean
data/fake/tamil\fake_tam_0341.wav,Tamil,எதிரில் யார் வந்ததென்று நினைக்கிறீர்கள்?,fake,facebook/mms-tts-tam,synthetic_tts,clean
data/fake/tamil\fake_tam_0342.wav,Tamil,"ஆனால் அவள் வலிந்து ஏற்றுக் கொண்ட பழியை அதனால் மாய்க்க முடியுமா, என்ன?...",fake,facebook/mms-tts-tam,synthetic_tts,clean
data/fake/tamil\fake_tam_0343.wav,Tamil,கள்ளும் சாராயமும் மட்டுமல்ல கஞ்சாவும் அபினும் இதன் தம்பி தங்கைகள்.,fake,facebook/mms-tts-tam,synthetic_tts,clean
data/fake/tamil\fake_tam_0344.wav,Tamil,இப்பொழுது ஆரியர் இன்னார் என்று யாரால் குறிப்பிட முடியும்?,fake,facebook/mms-tts-tam,synthetic_tts,clean
data/fake/tamil\fake_tam_0345.wav,Tamil,இது வருந்தத் தக்கது!,fake,facebook/mms-tts-tam,synthetic_tts,clean
data/fake/tamil\fake_tam_0346.wav,Tamil,வேர்இன்றிப் பெயர்த்திட விதித்து விட்டேன்!,fake,facebook/mms-tts-tam,synthetic_tts,clean
data/fake/tamil\fake_tam_0347.wav,Tamil,"காட்சி நான்கு இடம் பூந்தோட்டம் காலம் மாலை பாத்திரங்கள் லீலா, பாலு, நடராஜன்.",fake,facebook/mms-tts-tam,synthetic_tts,clean
data/fake/tamil\fake_tam_0348.wav,Tamil,இந்தத் தடம் கெனஸ்டன் தரைவழிப் பாதை கட்டப்படும்போது சேர்க்கப்பட்டது.,fake,facebook/mms-tts-tam,synthetic_tts,clean
data/fake/tamil\fake_tam_0349.wav,Tamil,பல படங்களில் இப்பாலத்தைப் பார்த்துக் களித்திருக்கிறோம்.,fake,facebook/mms-tts-tam,synthetic_tts,clean
data/fake/tamil\fake_tam_0350.wav,Tamil,ஒரு-வழி பயணத்தில் இந்த ரயில் பதினான்கு முறை சாலைகளை கடக்கிறது.,fake,facebook/mms-tts-tam,synthetic_tts,clean
data/fake/tamil\fake_tam_0351.wav,Tamil,கதிரியக்கத் தனிமங்கள் யாவை?,fake,facebook/mms-tts-tam,synthetic_tts,clean
data/fake/tamil\fake_tam_0352.wav,Tamil,"சூரியன், சந்திரன் ஆகிய இரண்டு சக்கரங்களைக் கோத்தான்.",fake,facebook/mms-tts-tam,synthetic_tts,clean
data/fake/tamil\fake_tam_0353.wav,Tamil,ஒருங்கிணைந்த ஆற்றலைக் காட்டுவதற்கான தயாரிப்புகளை அவர்கள் விரைவில் செய்து கொண்டிருந்தனர்.,fake,facebook/mms-tts-tam,synthetic_tts,clean
data/fake/tamil\fake_tam_0354.wav,Tamil,"பிரபுவே, உங்களிடமிருந்து நான் விரும்புவது... உங்களுடைய ஒரு நாள் வருமானத்தையே என தயக்கத்தோடு கூறினாள் அந்த வேலைக்காரி.",fake,facebook/mms-tts-tam,synthetic_tts,clean
data/fake/tamil\fake_tam_0355.wav,Tamil,"மற்ற குள்ள மிருகங்களைப் போலவே, கிர்க்கின் டிக்-டிக்ஸும் இந்தப் பிரதேசங்களில் ஒரே மாதிரியான ஜோடிகளில் தான் உள்ளன.",fake,facebook/mms-tts-tam,synthetic_tts,clean
data/fake/tamil\fake_tam_0356.wav,Tamil,கொடியில் மேலே தொங்குமாம்.,fake,facebook/mms-tts-tam,synthetic_tts,clean
data/fake/tamil\fake_tam_0357.wav,Tamil,ஈரம் போகாமல் எருவை மூடு.,fake,facebook/mms-tts-tam,synthetic_tts,clean
data/fake/tamil\fake_tam_0358.wav,Tamil,"பொருள் இல்லையே என்பதால், ஆரம்பத்தில் அவர்கள் கேலிக்கும் கிண்டலுக்கும் ஆளாகி இருக்கலாம்.",fake,facebook/mms-tts-tam,synthetic_tts,clean
data/fake/tamil\fake_tam_0359.wav,Tamil,"அந்தக் கவசத்தின் விலையைப் பற்றி நான் அதிகமாகப் பாராட்டவில்லை அதையளித்த மனத்தையும், அதைக் கொடுத்த விதத்தையுமே அதிகமாக மதிக்கிறேன்.",fake,facebook/mms-tts-tam,synthetic_tts,clean
data/fake/tamil\fake_tam_0360.wav,Tamil,புறத்தைத் தூய்மையாக வைத்துக்கொள்ள முடியும்.,fake,facebook/mms-tts-tam,synthetic_tts,clean
data/fake/tamil\fake_tam_0361.wav,Tamil,"நின்னா கால் ஒடுஞ்சுடுமா... என்று மெல்ல முணுத்தபோது, செல்லாத்தா, பாரு இவள... என்பது மாதிரி முத்துமாரியைப் பார்த்தாள்.",fake,facebook/mms-tts-tam,synthetic_tts,clean
data/fake/tamil\fake_tam_0362.wav,Tamil,தருசகன் மீண்டும் மீண்டும் உதயணனை வாய் ஓயாமல் நிறைய நிறையப் புகழ்ந்து நன்றி கூறினான்.,fake,facebook/mms-tts-tam,synthetic_tts,clean
data/fake/tamil\fake_tam_0363.wav,Tamil,இது சேர்வராயன் மலைகளில் முலுவி என்ற இடத்தில் தோன்றி வடகிழக்கு நோக்கி மல்லாபுரம் மலைப்பாதை செல்லும் வழியாக ஓடுகின்றது.,fake,facebook/mms-tts-tam,synthetic_tts,clean
data/fake/tamil\fake_tam_0364.wav,Tamil,"நடிப்பது ஐந்து நிமிஷமான போதிலும், வேஷம் போட்டுக் கொள்ளும் கஷ்டத்திற்குக் குறைவில்லை!",fake,facebook/mms-tts-tam,synthetic_tts,clean
data/fake/tamil\fake_tam_0365.wav,Tamil,"நடிப்புப் போலிகள் இனிய செல்வ, இன்று பெருமை எது?",fake,facebook/mms-tts-tam,synthetic_tts,clean
data/fake/tamil\fake_tam_0366.wav,Tamil,எனது பாடல் பட்டியலுக்கு ஹிப் ஹாப் மன்ற பேங்கர்கள் புனோங் தனாவின் ஆல்பத்தைச் சேர்க்கிறார்கள்.,fake,facebook/mms-tts-tam,synthetic_tts,clean
data/fake/tamil\fake_tam_0367.wav,Tamil,ஒரு பெண் நீண்ட பிரவுன் கூந்தலுடன் வெளியில் பனியில் ஒரு யாழுடன் நிற்கிறாள்.,fake,facebook/mms-tts-tam,synthetic_tts,clean
data/fake/tamil\fake_tam_0368.wav,Tamil,"அது கடல்மட்டத்துக்கு மேலும், தரை மட்டத்துக்கு மேலும் செல்கிறது.",fake,facebook/mms-tts-tam,synthetic_tts,clean
data/fake/tamil\fake_tam_0369.wav,Tamil,அவ்வூருக்கு வடக்கில் வெண்மையான பாறையொன்று உள்ளது.,fake,facebook/mms-tts-tam,synthetic_tts,clean
data/fake/tamil\fake_tam_0370.wav,Tamil,கொண்டு வந்து கொடுத்தாள்; அதை அவன்,fake,facebook/mms-tts-tam,synthetic_tts,clean
data/fake/tamil\fake_tam_0371.wav,Tamil,அவன் ஒரு கருத்துச் சொன்னால் இஸ்லாமிய உலகம் அதை அப்படியே ஏற்றுக் கொள்ளக்கூடிய அத்தனை பெரிய செல்வாக்கு அடைந்திருந்தான்.,fake,facebook/mms-tts-tam,synthetic_tts,clean
data/fake/tamil\fake_tam_0372.wav,Tamil,தாளத்திற்கு கொன்னக்கோல் என்று பெயர்,fake,facebook/mms-tts-tam,synthetic_tts,clean
data/fake/tamil\fake_tam_0373.wav,Tamil,"நல்ல கதைதான், அறுபத்து மூன்று நாயன்மாரில் சிறந்த ஒருவரையே மதம் மாறியவராகக் கூறுவது!",fake,facebook/mms-tts-tam,synthetic_tts,clean
data/fake/tamil\fake_tam_0374.wav,Tamil,அவனை அவளுக்குப் பிடிக்காவிட்டால் எந்த நேரமும் அவனுக்கு அஞ்சலி செலுத்திவிட்டு நடைகட்ட முடியும் என்ற நம்பிக்கை இருக்கிறது.,fake,facebook/mms-tts-tam,synthetic_tts,clean
data/fake/tamil\fake_tam_0375.wav,Tamil,அர்மீனியர்களாகிய நாங்கள் அடிமைகளைப் போலவே நடத்தப்படுகிறோம்.,fake,facebook/mms-tts-tam,synthetic_tts,clean
data/fake/tamil\fake_tam_0376.wav,Tamil,வாலஸ் யூதர் என்பதுடன் அவரது பெற்றோர் இருவரும் யூதர்கள் ஆவர்.,fake,facebook/mms-tts-tam,synthetic_tts,clean
data/fake/tamil\fake_tam_0377.wav,Tamil,எதற்காக நம் கணவர் இப்படி எல்லாம் கஷ்டப்படவேண்டும்?,fake,facebook/mms-tts-tam,synthetic_tts,clean
data/fake/tamil\fake_tam_0378.wav,Tamil,"அமெரிக்க நாட்டில் பத்து நிமிடத்திற்கொரு உந்துவண்டித் திருட்டும், நாற்பது நிமிடத்திற்கொரு கற்பழிப்பும் நடை, பெறுவதாகக் கணக்கிட்டிருக்கிறார்கள்.",fake,facebook/mms-tts-tam,synthetic_tts,clean
data/fake/tamil\fake_tam_0379.wav,Tamil,"அந்த மரக்கிளையொன்றில் பயந்து நடுங்கி பதுங்கிக் கொண்டிருந்தது, அந்த சாம்பல் வண்ணப் பூனைக்குட்டி.",fake,facebook/mms-tts-tam,synthetic_tts,clean
data/fake/tamil\fake_tam_0380.wav,Tamil,ராமாயணம் சொல்லி நாளைக் கழிக்கின்ற,fake,facebook/mms-tts-tam,synthetic_tts,clean
data/fake/tamil\fake_tam_0381.wav,Tamil,தான்பிரீன் அங்கிருந்து கெர்ரிக்குக் கொண்டுசெல்லப்பட்டான்.,fake,facebook/mms-tts-tam,synthetic_tts,clean
data/fake/tamil\fake_tam_0382.wav,Tamil,"ஆனால், அவன் கையோ அசையவில்லை.",fake,facebook/mms-tts-tam,synthetic_tts,clean
data/fake/tamil\fake_tam_0383.wav,Tamil,இருள் ஒழிந்து எங்கும் ஒளிமயம் தொடங்கிவிட்டது.,fake,facebook/mms-tts-tam,synthetic_tts,clean
data/fake/tamil\fake_tam_0384.wav,Tamil,கட்டை மனிதன் போலத் தோன்றும்.,fake,facebook/mms-tts-tam,synthetic_tts,clean
data/fake/tamil\fake_tam_0385.wav,Tamil,நடந்த சம்பவங்களைச் சொல்லிக் கையில் இருந்த காயத்தைக் காண்பித்தேன்.,fake,facebook/mms-tts-tam,synthetic_tts,clean
data/fake/tamil\fake_tam_0386.wav,Tamil,நாடகம் பார்க்க வந்ததுபோல் சில போலீஸ் அதிகாரிகள் வந்து நான் இருப்பதைக் கண்டுபிடித்துவிட்டார்கள்.,fake,facebook/mms-tts-tam,synthetic_tts,clean
data/fake/tamil\fake_tam_0387.wav,Tamil,உலகில் அறம் தழைக்க உங்களை இழக்கத்தான் போகிறீர்கள்.,fake,facebook/mms-tts-tam,synthetic_tts,clean
data/fake/tamil\fake_tam_0388.wav,Tamil,குண்டை வைத்திருக்கும் கரத்தை என்ன பண்ணப் போகிறதோ தெரியவில்லை.,fake,facebook/mms-tts-tam,synthetic_tts,clean
data/fake/tamil\fake_tam_0389.wav,Tamil,அந்த வாலிபனைக் கட்டியிருந்த கயிற்றையெல்லாம் கத்தியால் அறுத்துவிட்டான்.,fake,facebook/mms-tts-tam,synthetic_tts,clean
data/fake/tamil\fake_tam_0390.wav,Tamil,"சமவெளியில் விளைவதைப் போன்று இங்குள்ள பீடபூமிகளிலும் சாமையும், ராகியும் விளைகின்றன.",fake,facebook/mms-tts-tam,synthetic_tts,clean
data/fake/tamil\fake_tam_0391.wav,Tamil,இப்பொழுது அது இல்லை.,fake,facebook/mms-tts-tam,synthetic_tts,clean
data/fake/tamil\fake_tam_0392.wav,Tamil,கையில் இருக்கும் ஒரு கட்டியை டாக்டர் அறுத்துச் சிகிச்சை செய்கிறார்.,fake,facebook/mms-tts-tam,synthetic_tts,clean
data/fake/tamil\fake_tam_0393.wav,Tamil,ஓர் இட்டிலியும் ஒரு சாயாவும் அந்த சிறிய கும்பிக்குப் போதும் போலும்!,fake,facebook/mms-tts-tam,synthetic_tts,clean
data/fake/tamil\fake_tam_0394.wav,Tamil,அவர் அப்படிப் பேசுவது என்றால் பாதிரிகளாகிய நாங்கள் ஏன்?,fake,facebook/mms-tts-tam,synthetic_tts,clean
data/fake/tamil\fake_tam_0395.wav,Tamil,குட்டி மானைப் பார்த்த பிறகுதான் அம்மா மானின் கவலை தீர்ந்தது!,fake,facebook/mms-tts-tam,synthetic_tts,clean
data/fake/tamil\fake_tam_0396.wav,Tamil,தம்மபதம் பாலி மொழியில் எழுதப்பட்டது.,fake,facebook/mms-tts-tam,synthetic_tts,clean
data/fake/tamil\fake_tam_0397.wav,Tamil,அத்தகைய போராட்டம் புதுச்சேரியில் நடக்காதபடிப் பிரெஞ்சுக்கார ஆட்சியினர் கண்காணித்து வந்தனர்.,fake,facebook/mms-tts-tam,synthetic_tts,clean
data/fake/tamil\fake_tam_0398.wav,Tamil,உழைப்பே செல்வத்திற்குரிய ஆதாரம்!,fake,facebook/mms-tts-tam,synthetic_tts,clean
data/fake/tamil\fake_tam_0399.wav,Tamil,இளிவரல் என்றால் இழிவாம்.,fake,facebook/mms-tts-tam,synthetic_tts,clean
data/fake/tamil\fake_tam_0400.wav,Tamil,"இரண்டு வருடங்களுக்கு முன் அத்தீவுக்குப் போனபொழுது, கொழும்பில் நாங்கள் நாடகமாடினதைப் பார்க்க, யாழ்ப்பாணத்திலிருந்து ஜனங்கள் வந்தனர்.",fake,facebook/mms-tts-tam,synthetic_tts,clean
data/fake/tamil\fake_tam_0401.wav,Tamil,இவர்கள் கையாண்ட முறையெல்லாம் சார் சானிக் பாணி என்பார்கள்.,fake,facebook/mms-tts-tam,synthetic_tts,clean
data/fake/tamil\fake_tam_0402.wav,Tamil,வசிஷ்டர் இந்தக் குளக்கரைக்கு வந்திருக்கிறார்.,fake,facebook/mms-tts-tam,synthetic_tts,clean
data/fake/tamil\fake_tam_0403.wav,Tamil,மேலே தாவி ஏறிக்கொள்வதற்கு வசதியாக இருந்த அந்த வேங்கை மரம் அவனுக்கு அப்போது அடைக்கலம் அளித்தது.,fake,facebook/mms-tts-tam,synthetic_tts,clean
data/fake/tamil\fake_tam_0404.wav,Tamil,பணம் என்றால் பலவும் செய்வார்.,fake,facebook/mms-tts-tam,synthetic_tts,clean
data/fake/tamil\fake_tam_0405.wav,Tamil,இவர் ஆற்றிய பொழிவுகள் இவரைத் தலைசிறந்த மேடைப் பேச்சாளராகக் காட்டுகின்றன.,fake,facebook/mms-tts-tam,synthetic_tts,clean
data/fake/tamil\fake_tam_0406.wav,Tamil,உண்ணுபவன் உண்டு விட்டுப் போனால் உன் தலைப்புண் விட்டுப்போகிறது.,fake,facebook/mms-tts-tam,synthetic_tts,clean
data/fake/tamil\fake_tam_0407.wav,Tamil,அவள் இந்நாட்டில் பிறந்த நங்கை என்று கூற இயலாது புதியவளாக இருக்கின்றாள் என்று நவின்றனர்.,fake,facebook/mms-tts-tam,synthetic_tts,clean
data/fake/tamil\fake_tam_0408.wav,Tamil,இவ் வருஷத்தின் ஆரம்பத்தில் சபையின் பொதுக் கூட்டத்தில் எனது நண்பராகிய துரைசாமி ஐயங்கார் தமிழ் கண்டக்டராக நியமிக்கப்பட்டார்.,fake,facebook/mms-tts-tam,synthetic_tts,clean
data/fake/tamil\fake_tam_0409.wav,Tamil,அறிவியல் தமிழ் வளர்ச்சிப்பணியிலும் ஈடுபட்டோம்.,fake,facebook/mms-tts-tam,synthetic_tts,clean
data/fake/tamil\fake_tam_0410.wav,Tamil,மற்ற மற்ற அசுரர்களை எல்லாம் கொல்ல முருகன் போகவில்லை.,fake,facebook/mms-tts-tam,synthetic_tts,clean
data/fake/tamil\fake_tam_0411.wav,Tamil,ஊடல் தீர்கிறது அவளுக்கு.,fake,facebook/mms-tts-tam,synthetic_tts,clean
data/fake/tamil\fake_tam_0412.wav,Tamil,ஏற்ற வேடம் தயாராகிவிடும்.,fake,facebook/mms-tts-tam,synthetic_tts,clean
data/fake/tamil\fake_tam_0413.wav,Tamil,தகீப் கூட்டத்தார் குறைஷிகளுக்குச் சமமானவர்களாகக் கருதப்பட்டிருந்தார்கள்.,fake,facebook/mms-tts-tam,synthetic_tts,clean
data/fake/tamil\fake_tam_0414.wav,Tamil,விளம்பரம் விநாசத்தை உண்டுபண்ணும் தம் குறைபாடுகளைப் பகைவர் அறியாதபடி நடந்துகொள்வது அழிவு வாராமல் காக்கும்.,fake,facebook/mms-tts-tam,synthetic_tts,clean
data/fake/tamil\fake_tam_0415.wav,Tamil,"இந்த நெருக்கடிகள் நாளுக்கு நாள் நெருப்புபோல சுடர்விட்டு எரிந்தனவே தவிர, அவர்கள் கோபம் தணியவில்லை.",fake,facebook/mms-tts-tam,synthetic_tts,clean
data/fake/tamil\fake_tam_0416.wav,Tamil,மக்கள் வாழ்க்கையே மலையில்தான் தோன்றியது என்பது சில அறிஞர்களின் கொள்கை.,fake,facebook/mms-tts-tam,synthetic_tts,clean
data/fake/tamil\fake_tam_0417.wav,Tamil,மணப்பெண் போலக் காட்சி அளித்தாள்.,fake,facebook/mms-tts-tam,synthetic_tts,clean
data/fake/tamil\fake_tam_0418.wav,Tamil,"அதில் ஒருவர், என்ன சார், முதலியார்வாள், நாடகம் முடிந்தபிறகுதான் நீங்கள் இந் நாடகத்தில் ஒரு பாட்டும் பாடவில்லையென்று கண்டறிந்தோம்!",fake,facebook/mms-tts-tam,synthetic_tts,clean
data/fake/tamil\fake_tam_0419.wav,Tamil,எண்பத்தைந்து சதவிகித வெற்றி எனக்குக் கிட்டியது.,fake,facebook/mms-tts-tam,synthetic_tts,clean
data/fake/tamil\fake_tam_0420.wav,Tamil,அற்ப மனிதர்கள்தான் பெரிய மனிதர்களாகிக் கொண்டு வருகின்றனர்.,fake,facebook/mms-tts-tam,synthetic_tts,clean
data/fake/tamil\fake_tam_0421.wav,Tamil,"இனிய செல்வ, சோம்பலால் குடி கெடுகிறது.",fake,facebook/mms-tts-tam,synthetic_tts,clean
data/fake/tamil\fake_tam_0422.wav,Tamil,இந்த விளக்கைக் கூடவா அணைச்சுடணும்?,fake,facebook/mms-tts-tam,synthetic_tts,clean
data/fake/tamil\fake_tam_0423.wav,Tamil,ஃபிலடெல்பியா பகுதியில் டெலாவேர் கவுன்டி தான் மகளிர் தொழில்முறை கால்பந்தாட்டத்துக்கான பாரம்பரிய இல்லம்.,fake,facebook/mms-tts-tam,synthetic_tts,clean
data/fake/tamil\fake_tam_0424.wav,Tamil,நம்ம டெப்டி டைரக்டருக்கு மூளையே இல்லை.,fake,facebook/mms-tts-tam,synthetic_tts,clean
data/fake/tamil\fake_tam_0425.wav,Tamil,மித்திரகாமன் அவர்களைப் போற்றி வரவேற்றான்.,fake,facebook/mms-tts-tam,synthetic_tts,clean
data/fake/tamil\fake_tam_0426.wav,Tamil,"அதன் பின்னர், அவனுடைய எழுத்தை உணர்ந்த பத்திரிகாசிரியர்கள் விரும்பிப் பிரசுரிக்கத் தொடங்கிவிட்டனர்.",fake,facebook/mms-tts-tam,synthetic_tts,clean
data/fake/tamil\fake_tam_0427.wav,Tamil,இந்த வீட்டில் உயிர் குடியிருக்கிறது.,fake,facebook/mms-tts-tam,synthetic_tts,clean
data/fake/tamil\fake_tam_0428.wav,Tamil,ஆயிரம் காக்கைக்குள் ஓர் அன்னம் அகப்பட்டது போல.,fake,facebook/mms-tts-tam,synthetic_tts,clean
data/fake/tamil\fake_tam_0429.wav,Tamil,ஈஸ்வர வாதமும் இயற்கை வாதமும் வேத காலத்திற்கு பின் பொருள்முதல்வாதச் சார்புடைய மூன்று கொள்கைகள் உருவாயின.,fake,facebook/mms-tts-tam,synthetic_tts,clean
data/fake/tamil\fake_tam_0430.wav,Tamil,"ஆனால், சிதம்பரனார் சித்தாந்தத்தின் படி நடக்க ராஜாஜிக்குப் போதிய கால வாய்ப்புக் கிடைக்கவில்லை.",fake,facebook/mms-tts-tam,synthetic_tts,clean
data/fake/tamil\fake_tam_0431.wav,Tamil,"ஆண் மற்றும் பெண் பாலட் நடனக் கலைஞர்கள் ஒன்றாக நடனமாடுகின்றனர், அவர் அவளை சற்று மேலே தூக்கிப் பிடித்திருக்கிறார்.",fake,facebook/mms-tts-tam,synthetic_tts,clean
data/fake/tamil\fake_tam_0432.wav,Tamil,மாங்காட்டு மறையோன் திருமாலிடம் ஈடுபாடு கொண்டவன்.,fake,facebook/mms-tts-tam,synthetic_tts,clean
data/fake/tamil\fake_tam_0433.wav,Tamil,"இருப்பதைக் கொண்டு இனிய, எளிய வாழ்க்கை நடத்துபவர்கள்.",fake,facebook/mms-tts-tam,synthetic_tts,clean
data/fake/tamil\fake_tam_0434.wav,Tamil,"""எவ்வாறு நான் சகிப்பேன் இந்தக் கறுப்பன்",fake,facebook/mms-tts-tam,synthetic_tts,clean
data/fake/tamil\fake_tam_0435.wav,Tamil,அதன்பேரில் மோகினியின் கணவனாகிய பாசதாமன் வேடம் நான் பூண நேரிட்டது.,fake,facebook/mms-tts-tam,synthetic_tts,clean
data/fake/tamil\fake_tam_0436.wav,Tamil,எதிர்பார்த்துச் செய்தல் என்பதே சிறந்த செயற்பாடு.,fake,facebook/mms-tts-tam,synthetic_tts,clean
data/fake/tamil\fake_tam_0437.wav,Tamil,இவ்வுலகம் உண்டு என்று கூறிப் போந்தார் தமிழ்ப்புலவர் ஒருவர்.,fake,facebook/mms-tts-tam,synthetic_tts,clean
data/fake/tamil\fake_tam_0438.wav,Tamil,உடும்பு பிடிக்கப்போய் கையை விட்டால் போதும் என்ற நிலைக்கு வந்து விட்டார்.,fake,facebook/mms-tts-tam,synthetic_tts,clean
data/fake/tamil\fake_tam_0439.wav,Tamil,வல்லவர் சேசு வகுத்தது தான்என்ன? தோழி - புவி,fake,facebook/mms-tts-tam,synthetic_tts,clean
data/fake/tamil\fake_tam_0440.wav,Tamil,ஆறு ஆண்டுகள் கழிந்தன.,fake,facebook/mms-tts-tam,synthetic_tts,clean
data/fake/tamil\fake_tam_0441.wav,Tamil,கடற்கரையோரத்திலுள்ள மீன்பிடிவலைகளை உள்ளூர் மீனவர்கள் சிலர் ஆய்வு செய்கின்றனர்.,fake,facebook/mms-tts-tam,synthetic_tts,clean
data/fake/tamil\fake_tam_0442.wav,Tamil,இதுவரை அவன் கண்ணகிக்குத்தான் தீங்கு இழைத்ததாகக் கருதி வந்தான்.,fake,facebook/mms-tts-tam,synthetic_tts,clean
data/fake/tamil\fake_tam_0443.wav,Tamil,"ஆண் குரலில் பிரான்கி அவர்களைக் கத்துகிறார், அவளின் கழுத்தை நெரிக்க ஹவுஸ்மேன் முயற்சி செய்கிறார்.",fake,facebook/mms-tts-tam,synthetic_tts,clean
data/fake/tamil\fake_tam_0444.wav,Tamil,"அதற்குப் பிறகு சிறிது காலத்திற்குள்ளாகவே, ரயில்வே தொழிலாளர்கள் அங்கு குடியேறினர்.",fake,facebook/mms-tts-tam,synthetic_tts,clean
data/fake/tamil\fake_tam_0445.wav,Tamil,"பிறகு என்ன ஆடுவது என்கிற பேச்சு வந்த பொழுது, உனது அபிப்பிராயம் என்னவென்று என்னைக் கேட்டார்கள்.",fake,facebook/mms-tts-tam,synthetic_tts,clean
data/fake/tamil\fake_tam_0446.wav,Tamil,தவறாக யாராவது போய்ச் சொல்லிவிட்டால் அதனை மாற்ற முடியாது.,fake,facebook/mms-tts-tam,synthetic_tts,clean
data/fake/tamil\fake_tam_0447.wav,Tamil,அதனை எடுத்துக் கொடுக்குமாறு மாணவர்களிடம் துரோணன் கூறினான்.,fake,facebook/mms-tts-tam,synthetic_tts,clean
data/fake/tamil\fake_tam_0448.wav,Tamil,பரதன் என்பவன் துஷியந்தனுக்கும் சகுந்தலைக்கும் பிறந்தவன் நாட்டியக்கலை நன்கனம் வகுத்துப் பரதம் என்னும் நூலைச் செய்தவன்.,fake,facebook/mms-tts-tam,synthetic_tts,clean
data/fake/tamil\fake_tam_0449.wav,Tamil,"அகப்பட்டுக் கொண்ட பகைவர்களுக்கோ, அதுவே அவர்களுடைய வாழ்க்கையின் அந்தி நேரம்.",fake,facebook/mms-tts-tam,synthetic_tts,clean
data/fake/tamil\fake_tam_0450.wav,Tamil,நீர்மின்சாரம் என்றால் என்ன?,fake,facebook/mms-tts-tam,synthetic_tts,clean
data/fake/tamil\fake_tam_0451.wav,Tamil,பின் காதலைத் தொடர்ந்து செய்ய உதவியதும் மீண்டும் அவள் பார்த்த பார்வையே.,fake,facebook/mms-tts-tam,synthetic_tts,clean
data/fake/tamil\fake_tam_0452.wav,Tamil,ஆசைக்கு உரிய நேசமும் பாசமும் உள்ள பத்தினியர் இருவருக்கும் பாதி பாதியாகப் பகிர்ந்து அளித்தான்.,fake,facebook/mms-tts-tam,synthetic_tts,clean
data/fake/tamil\fake_tam_0453.wav,Tamil,முத்துப் பல்லக்கு மாதிரி ஆடி அசைந்து புறப்பட்டது அந்த நீலநிற கார்.,fake,facebook/mms-tts-tam,synthetic_tts,clean
data/fake/tamil\fake_tam_0454.wav,Tamil,"பொதுவாக, பொருளுடைமையில் ஆசையிருப்பதென்பது மரபு.",fake,facebook/mms-tts-tam,synthetic_tts,clean
data/fake/tamil\fake_tam_0455.wav,Tamil,"ஆக, எதிர்த்தாக்குதலில் ஈடுபடும் ஆட்டக் காரர்கள் மிகவும் எச்சரிக்கையுடன் ஈடுபட வேண்டும்.",fake,facebook/mms-tts-tam,synthetic_tts,clean
data/fake/tamil\fake_tam_0456.wav,Tamil,சொத்து உரிமையாளர்கள் உடனடியாக பொது சுவற்றில் எழுதப்பட்ட கிராஃபிட்டியை அகற்ற வேண்டும் என்ற சட்டத்தை ஹோம்ஸ் ஆதரித்தார்.,fake,facebook/mms-tts-tam,synthetic_tts,clean
data/fake/tamil\fake_tam_0457.wav,Tamil,"அப்போது அவர் மனைவி மக்கள் எல்லாம் என்னிடம் வந்து, நாங்கள் என்ன பண்ணுவோம்?",fake,facebook/mms-tts-tam,synthetic_tts,clean
data/fake/tamil\fake_tam_0458.wav,Tamil,நன்கு மெருகேறிய பழம் பெரும் நகைச்சுவை நடிகர் அவர்.,fake,facebook/mms-tts-tam,synthetic_tts,clean
data/fake/tamil\fake_tam_0459.wav,Tamil,எறும்பு முட்டை கொண்டு திட்டை ஏறின் மழை பெய்யும்.,fake,facebook/mms-tts-tam,synthetic_tts,clean
data/fake/tamil\fake_tam_0460.wav,Tamil,ஒரு சமீபத்திய கட்டுரையில் iPod மியூசிக் ஸ்டோரை Norway தடைசெய்தது விமர்சிக்கப்பட்டிருந்தது.,fake,facebook/mms-tts-tam,synthetic_tts,clean
data/fake/tamil\fake_tam_0461.wav,Tamil,தக்க தரிகிடத் தாளம் கேட்டுத்,fake,facebook/mms-tts-tam,synthetic_tts,clean
data/fake/tamil\fake_tam_0462.wav,Tamil,"அந்த மது வியாபாரி, மற்ற வியாபாரிகளின் பேச்சை, மறுத்துப் பேசவில்லை.",fake,facebook/mms-tts-tam,synthetic_tts,clean
data/fake/tamil\fake_tam_0463.wav,Tamil,சிதம்பரத்திலிருந்து இருபத்தாறு மைல் தூரத்தில் உள்ளது.,fake,facebook/mms-tts-tam,synthetic_tts,clean
data/fake/tamil\fake_tam_0464.wav,Tamil,திண்டுகளில் சாய்ந்தபடியே சோக பிம்பமாக இருந்தார் கோமான்.,fake,facebook/mms-tts-tam,synthetic_tts,clean
data/fake/tamil\fake_tam_0465.wav,Tamil,"இனிய செல்வ, நாட்டு மக்கள் பெருவாரியான வாக்குகள் மூலம் காங்கிரஸ் கட்சியை ஆட்சியில் அமர்த்தியிருக்கிறார்கள்.",fake,facebook/mms-tts-tam,synthetic_tts,clean
data/fake/tamil\fake_tam_0466.wav,Tamil,"மாறாத albendazole எதுவும் கழிவில் வெளியேறவில்லை, ஏனெனில் அது விரைவாக வள்ர்சிதைமாற்றம் அடைந்து விடும்.",fake,facebook/mms-tts-tam,synthetic_tts,clean
data/fake/tamil\fake_tam_0467.wav,Tamil,அமெசான்கள் பித்தளையினால் செய்த விற்களை வைத்துக்கொண்டு போர் செய்வார்கள்.,fake,facebook/mms-tts-tam,synthetic_tts,clean
data/fake/tamil\fake_tam_0468.wav,Tamil,யார் அப்படிச் சொன்னது?,fake,facebook/mms-tts-tam,synthetic_tts,clean
data/fake/tamil\fake_tam_0469.wav,Tamil,மீவிரை மையவிலக்கி என்றால் என்ன?,fake,facebook/mms-tts-tam,synthetic_tts,clean
data/fake/tamil\fake_tam_0470.wav,Tamil,நிறை என்றால் என்ன?,fake,facebook/mms-tts-tam,synthetic_tts,clean
data/fake/tamil\fake_tam_0471.wav,Tamil,அதிலே நாள்தோறும் ஒரே ஒரு தாமரை மலர்மட்டும் பூக்கும்.,fake,facebook/mms-tts-tam,synthetic_tts,clean
data/fake/tamil\fake_tam_0472.wav,Tamil,இந்தச் சமயத்திலே கண்ணகி விழித்துக்கொண்டாள்.,fake,facebook/mms-tts-tam,synthetic_tts,clean
data/fake/tamil\fake_tam_0473.wav,Tamil,ஆனைத் தலையளவு பெருங்காயம் கரைத்த வீடா?,fake,facebook/mms-tts-tam,synthetic_tts,clean
data/fake/tamil\fake_tam_0474.wav,Tamil,"இரும்பாலான கோட்டை, வெள்ளியால் ஆன கோட்டை, தங்கத்தாலான கோட்டை ஆகிய மூன்றையும் முருகப் பெருமானுடைய தந்தை எரித்தான்.",fake,facebook/mms-tts-tam,synthetic_tts,clean
data/fake/tamil\fake_tam_0475.wav,Tamil,"ஆகவே, நாடு முழுவதும் இதைப் பற்றிய எண்ணம், குசுகுசுப் பேச்சு.",fake,facebook/mms-tts-tam,synthetic_tts,clean
data/fake/tamil\fake_tam_0476.wav,Tamil,உழுகிறவன்தான் வைக்கோல் போட வேண்டும்.,fake,facebook/mms-tts-tam,synthetic_tts,clean
data/fake/tamil\fake_tam_0477.wav,Tamil,ஆனால் தத்துவங்களை விளக்க முற்படும் போலி விஞ்ஞானம் அப்படியன்று.,fake,facebook/mms-tts-tam,synthetic_tts,clean
data/fake/tamil\fake_tam_0478.wav,Tamil,ராமநாதபுரச்சீமைப் பக்கம் எனக்கு.,fake,facebook/mms-tts-tam,synthetic_tts,clean
data/fake/tamil\fake_tam_0479.wav,Tamil,ஆனந்தபைரவி அவருக்கு பிடித்த ராகமாக கருதப்படுகிறது.,fake,facebook/mms-tts-tam,synthetic_tts,clean
data/fake/tamil\fake_tam_0480.wav,Tamil,எட்டுச் சிந்தாத்திரை ஒரு தட்டுதலுக்கு ஒக்கும்.,fake,facebook/mms-tts-tam,synthetic_tts,clean
data/fake/tamil\fake_tam_0481.wav,Tamil,"பிரிட்டிஷ் ஆட்சி வேண்டாம், ஐரிஷ் குடியரசையே ஆதரிப்போம் என்று கூறியவர்களுக்கே வெற்றி கிடைத்தது.",fake,facebook/mms-tts-tam,synthetic_tts,clean
data/fake/tamil\fake_tam_0482.wav,Tamil,ஆனால் இன்று ஏற்பட்டதோ கொடிய அநுபவம்.... கொடூரமாகப் போகவிருந்த அனுபவம்.,fake,facebook/mms-tts-tam,synthetic_tts,clean
data/fake/tamil\fake_tam_0483.wav,Tamil,அங்கு ராஜராஜேஸ்வரிக்கும் ஒரு சிறு கோயில் கட்டப்பட்டிருக்கிறது.,fake,facebook/mms-tts-tam,synthetic_tts,clean
data/fake/tamil\fake_tam_0484.wav,Tamil,குறட்பாப் போலச் சில சொற்கள் பேசி அறிவுறுத்தத் தெரியாதவரே மிகைபடப் பேசிக்கொண்டு இருப்பர் பல சொற்களைத் தேடுவர்.,fake,facebook/mms-tts-tam,synthetic_tts,clean
data/fake/tamil\fake_tam_0485.wav,Tamil,துன்பம் தருவதனால் மாணாததாயிற்று.,fake,facebook/mms-tts-tam,synthetic_tts,clean
data/fake/tamil\fake_tam_0486.wav,Tamil,தஞ்சைப் பெரிய கோயிலக் காட்டுகிறதா.,fake,facebook/mms-tts-tam,synthetic_tts,clean
data/fake/tamil\fake_tam_0487.wav,Tamil,"நான் பாடுவது என்ன, அவ்வளவு உயர்ந்ததா?",fake,facebook/mms-tts-tam,synthetic_tts,clean
data/fake/tamil\fake_tam_0488.wav,Tamil,காலிபன் இசைப்பிரியன் காட்டு மொழியில் கவிதை பாடும் புலவன்.,fake,facebook/mms-tts-tam,synthetic_tts,clean
data/fake/tamil\fake_tam_0489.wav,Tamil,சிற்றின்ப வேட்கை பெருந்துயரில் கொண்டு போய் நிறுத்துகின்றது.,fake,facebook/mms-tts-tam,synthetic_tts,clean
data/fake/tamil\fake_tam_0490.wav,Tamil,அதன் இருக்கை ஒயிட்டியில் உள்ளது.,fake,facebook/mms-tts-tam,synthetic_tts,clean
data/fake/tamil\fake_tam_0491.wav,Tamil,"உருவம் இல்லாத கடவுளுக்கு உருவம் கற்பிக்கும் போது, ஆகாசத்தோடு ஆகாசமாய்ப் பரந்திருக்கும் அவர் நிலை ஞாபகத்திற்கு வந்திருக்கிறது.",fake,facebook/mms-tts-tam,synthetic_tts,clean
data/fake/tamil\fake_tam_0492.wav,Tamil,வெப்பத்தையும் மின்சாரத்தையும் கடத்தும் பொருள் செம்பு.,fake,facebook/mms-tts-tam,synthetic_tts,clean
data/fake/tamil\fake_tam_0493.wav,Tamil,மன்மதன் தன்னுடைய மலர் அம்புகளை இறைவன்மேல் தொடுத்தான்.,fake,facebook/mms-tts-tam,synthetic_tts,clean
data/fake/tamil\fake_tam_0494.wav,Tamil,"அவன் தானாகவே இறங்கிக் கொல்லைப்புற, வழியாக ஓடிவிடவில்லையா இதற்கெல்லாம் கால்கோள் செய்வதுபோல வள்ளுவர் பேசியிருக்கிறார்.",fake,facebook/mms-tts-tam,synthetic_tts,clean
data/fake/tamil\fake_tam_0495.wav,Tamil,நான் பயந்து கொண்டே அவரிடம் போனேன்.,fake,facebook/mms-tts-tam,synthetic_tts,clean
data/fake/tamil\fake_tam_0496.wav,Tamil,ஏற்கெனவே இருந்த ஒரு கோயிலின் இடிந்த குவியலின் மேல் தெரிந்தது.,fake,facebook/mms-tts-tam,synthetic_tts,clean
data/fake/tamil\fake_tam_0497.wav,Tamil,அதற்காக நான் உங்களிடம் கட்டணம் வசூலிக்க வேண்டும் என்று நான் பயப்படுகிறேன்.,fake,facebook/mms-tts-tam,synthetic_tts,clean
data/fake/tamil\fake_tam_0498.wav,Tamil,வரவிருப்பம் உடையவர்கள் வருக! தீம்!தீம்!,fake,facebook/mms-tts-tam,synthetic_tts,clean
data/fake/tamil\fake_tam_0499.wav,Tamil,"ஆனால், இங்கே இன் என்பது, ஆறாம் வேற்றுமை உருபாக உள்ளது.",fake,facebook/mms-tts-tam,synthetic_tts,clean
data/fake/tamil\fake_tam_0500.wav,Tamil,அண்ணன் நீ கூப்பிட்ட உடனே கடலைத் தாண்டி அப்படியே வந்து குதித்து விடுவானே?,fake,facebook/mms-tts-tam,synthetic_tts,clean
data/fake/tamil\fake_tam_0501.wav,Tamil,"இடம் வீதி பாத்திரங்கள் ஜம்பு, சுப்பையா.",fake,facebook/mms-tts-tam,synthetic_tts,clean
data/fake/tamil\fake_tam_0502.wav,Tamil,வசதிகளைப் பெருக்கி வாழ வகை செய்துகொண்டு வருகிறோம்.,fake,facebook/mms-tts-tam,synthetic_tts,clean
data/fake/tamil\fake_tam_0503.wav,Tamil,இத் தொடருக்கு அருகில் குறிப்பிடத்தக்க வேறுபல சிகரங்களும் உள்ளன.,fake,facebook/mms-tts-tam,synthetic_tts,clean
data/fake/tamil\fake_tam_0504.wav,Tamil,"நாங்கள் சீக்கிரம் திருவனந்தபுரத்தை விட்டுப் போகத் தீர்மானித்தபடியால், எங்களை மன்னிக்க வேண்டுமென்று சொல்லியனுப்ப வேண்டியதாயிற்று.",fake,facebook/mms-tts-tam,synthetic_tts,clean
data/fake/tamil\fake_tam_0505.wav,Tamil,ஆனைப் பசிக்குச் சோளப் பெரியா?,fake,facebook/mms-tts-tam,synthetic_tts,clean
data/fake/tamil\fake_tam_0506.wav,Tamil,ஆயிரம் இடிகள் விழுவதுபோல் நாலு பக்கத்திலும் குண்டுகள் விழுகின்றன.,fake,facebook/mms-tts-tam,synthetic_tts,clean
data/fake/tamil\fake_tam_0507.wav,Tamil,தமிழில் ஏற்கனவே இருந்த நூல்களை ஒட்டியும் தழுவியுமே அந்நூல்கள் எழுதப் பெற்றன.,fake,facebook/mms-tts-tam,synthetic_tts,clean
data/fake/tamil\fake_tam_0508.wav,Tamil,இன்னொரு முறை அதை என் காதில் படும்படி சொல்லாதே.,fake,facebook/mms-tts-tam,synthetic_tts,clean
data/fake/tamil\fake_tam_0509.wav,Tamil,சடங்கு நெறியைக் கடந்து பத்திமை யுகத்திற்கு வந்தாயிற்று!,fake,facebook/mms-tts-tam,synthetic_tts,clean
data/fake/tamil\fake_tam_0510.wav,Tamil,கடைநிலை ஊழியர் குடும்பங்கள் மூன்று தலைமுறை வரையில் பெறலாம்.,fake,facebook/mms-tts-tam,synthetic_tts,clean
data/fake/tamil\fake_tam_0511.wav,Tamil,வீணாக மின்சாரம் செலவழிதல்.,fake,facebook/mms-tts-tam,synthetic_tts,clean
data/fake/tamil\fake_tam_0512.wav,Tamil,வலம்புரிச் சங்குகள் முழங்கின.,fake,facebook/mms-tts-tam,synthetic_tts,clean
data/fake/tamil\fake_tam_0513.wav,Tamil,அவர்கள் மீண்டும் கண்ணாடி வழியாக உற்றுப் பார்த்தார்கள்.,fake,facebook/mms-tts-tam,synthetic_tts,clean
data/fake/tamil\fake_tam_0514.wav,Tamil,இப்பொழுது வேண்டாம் என்று ஆட்சேபித்து அதை நிறுத்தி வைத்தேன்.,fake,facebook/mms-tts-tam,synthetic_tts,clean
data/fake/tamil\fake_tam_0515.wav,Tamil,"அவர் அழைத்துக் கொண்டு, மணியின் வீட்டுக்குப் போனார்.",fake,facebook/mms-tts-tam,synthetic_tts,clean
data/fake/tamil\fake_tam_0516.wav,Tamil,சில கற்களின் தோற்றம் மனிதனின் முகத்தைப்போன்ற அமைப்புடன் விளங்கியது.,fake,facebook/mms-tts-tam,synthetic_tts,clean
data/fake/tamil\fake_tam_0517.wav,Tamil,இருநூற்று பதினைந்து  அசைப்புக்கு ஆயிரம் பொன் வாங்குகிறது.,fake,facebook/mms-tts-tam,synthetic_tts,clean
data/fake/tamil\fake_tam_0518.wav,Tamil,"ஆண்டர்சன் பிஷப் காட்டன் பாய்ஸ் பள்ளிக்குச் சென்றார், பெங்களூருவின் செயிண்ட் ஜோசப் கல்லூரியில் படித்தார்.",fake,facebook/mms-tts-tam,synthetic_tts,clean
data/fake/tamil\fake_tam_0519.wav,Tamil,பரப்பு இழுவிசை என்றால் என்ன?,fake,facebook/mms-tts-tam,synthetic_tts,clean
data/fake/tamil\fake_tam_0520.wav,Tamil,வெற்றி பெற்று தனது கோட்பாட்டை நிலை நிறுத்தினார்!,fake,facebook/mms-tts-tam,synthetic_tts,clean
data/fake/tamil\fake_tam_0521.wav,Tamil,சில நூறு சம்பாதிக்கிறான்.,fake,facebook/mms-tts-tam,synthetic_tts,clean
data/fake/tamil\fake_tam_0522.wav,Tamil,மற்றொரு சந்தர்ப்பம் இப்போது வந்துள்ளது.,fake,facebook/mms-tts-tam,synthetic_tts,clean
data/fake/tamil\fake_tam_0523.wav,Tamil,அடிமை யாக வைத்து நம்மை அந்நி யர்கள் ஆள்வதோ?,fake,facebook/mms-tts-tam,synthetic_tts,clean
data/fake/tamil\fake_tam_0524.wav,Tamil,⁠கோயிலின் எதிர்ப்புறத்தில் இருந்த பங்களாவில் படப்பிடிப்புக்குரிய வேலைகள் நடைபெற்றன.,fake,facebook/mms-tts-tam,synthetic_tts,clean
data/fake/tamil\fake_tam_0525.wav,Tamil,"உடம்பினாலும், உள்ளத்தினாலும் அசுரர்களாக இருந்தவர்களைப் பற்றிப் புராணம் சொல்கிறது.",fake,facebook/mms-tts-tam,synthetic_tts,clean
data/fake/tamil\fake_tam_0526.wav,Tamil,பாரதிதாசன் ஊரும் பேரும் எண்பத்து நான்கு பதினான்கு .,fake,facebook/mms-tts-tam,synthetic_tts,clean
data/fake/tamil\fake_tam_0527.wav,Tamil,"இது அட்லாண்டிக் கடலோர பைன் வறள்நில சூழல் பகுதியின் குட்டைகள், மரங்கள் மற்றும் கடல் முகப்பைக் கொண்டுள்ளது",fake,facebook/mms-tts-tam,synthetic_tts,clean
data/fake/tamil\fake_tam_0528.wav,Tamil,"வெற்றியொளி வீச, மகிழ்ச்சியோடு கூறினர், யாரோ வழிப்போக்கர், காற்று வாக்கிலே கூறவில்லை.",fake,facebook/mms-tts-tam,synthetic_tts,clean
data/fake/tamil\fake_tam_0529.wav,Tamil,ஒருவேளை அந்த மெத்தை துடிப்பது ஏழை பாண்டிலிருந்து வெளியே எடுக்கும்.,fake,facebook/mms-tts-tam,synthetic_tts,clean
data/fake/tamil\fake_tam_0530.wav,Tamil,அதனால் அதில் எழுவது எளிதாக இருந்தது.,fake,facebook/mms-tts-tam,synthetic_tts,clean
data/fake/tamil\fake_tam_0531.wav,Tamil,ஆடிமையம் என்றால் என்ன?,fake,facebook/mms-tts-tam,synthetic_tts,clean
data/fake/tamil\fake_tam_0532.wav,Tamil,உன்னோடு பிறந்த பட்டாளம்!,fake,facebook/mms-tts-tam,synthetic_tts,clean
data/fake/tamil\fake_tam_0533.wav,Tamil,ஆனை லத்தி ஆனை ஆகுமா?,fake,facebook/mms-tts-tam,synthetic_tts,clean
data/fake/tamil\fake_tam_0534.wav,Tamil,இந்த முரண் பாட்டுக்குக் காரணம் அறிவு பெறுதலுக்கு அனைவருக்கும் சம வாய்ப்பு அமையாமையே யாம்.,fake,facebook/mms-tts-tam,synthetic_tts,clean
data/fake/tamil\fake_tam_0535.wav,Tamil,"ஆனால், நமது தமிழர்கள் இருக்கிறாரகளே, இவர்கள் வடித்த சிலைகளில் எலும்பும், தசையும், நரம்பும், தோலும் முக்கிய இடம் பெறுவதில்லை.",fake,facebook/mms-tts-tam,synthetic_tts,clean
data/fake/tamil\fake_tam_0536.wav,Tamil,ஊருணி நீர்நிறைந் தற்றே உலகவாம் பேரறிவாளன் திரு.,fake,facebook/mms-tts-tam,synthetic_tts,clean
data/fake/tamil\fake_tam_0537.wav,Tamil,பகுதி சுவடு ஒரு குவாண்டம் செயல்பாடாக பார்க்கப்படலாம்.,fake,facebook/mms-tts-tam,synthetic_tts,clean
data/fake/tamil\fake_tam_0538.wav,Tamil,வித்தை காட்டிக் கொண் டிருக்கக் கூடாது வெளிக் கொணர வேண்டும்.,fake,facebook/mms-tts-tam,synthetic_tts,clean
data/fake/tamil\fake_tam_0539.wav,Tamil,தலைநகரத்தின் வீதிகள் திருவிழாக்கோலம் பூண்டவைபோல் தோன்றின.,fake,facebook/mms-tts-tam,synthetic_tts,clean
data/fake/tamil\fake_tam_0540.wav,Tamil,"சந்தர்ப்பம் கிடைக்கும் போதெல்லாம் இராணுவத்தினரையும், குடியேற்றக்காரரையும் கொன்று தொலைப்பதில் மக்கள் அக்கறை காட்டினர்.",fake,facebook/mms-tts-tam,synthetic_tts,clean
data/fake/tamil\fake_tam_0541.wav,Tamil,அது மிகவும் விசாலமான ஏரி.,fake,facebook/mms-tts-tam,synthetic_tts,clean
data/fake/tamil\fake_tam_0542.wav,Tamil,அப்போது திருக்கோவலூரை யாண்டிருந்த மலையமான் தெய்வீகன் என்னும் மன்னனைச் சென்று கண்டார்.,fake,facebook/mms-tts-tam,synthetic_tts,clean
data/fake/tamil\fake_tam_0543.wav,Tamil,இப்பொருளை இக்குறளிலுள்ள திருக்குறளிலுள்ள காணின் என்ற சொல்லே காட்டும்.,fake,facebook/mms-tts-tam,synthetic_tts,clean
data/fake/tamil\fake_tam_0544.wav,Tamil,ஆடி அவரை தேடிப் போடு.,fake,facebook/mms-tts-tam,synthetic_tts,clean
data/fake/tamil\fake_tam_0545.wav,Tamil,"ஆனால், பலர் பகுத்தறிவைப் பயன்படுத்துவதில்லை.",fake,facebook/mms-tts-tam,synthetic_tts,clean
data/fake/tamil\fake_tam_0546.wav,Tamil,"ஏமாற்றம் அடைந்த அபூ ஸுப்யான் மதீனா பள்ளி வாசலுக்குச் சென்று, நாங்கள் முஸ்லிம்களுடனும் மற்றவர்களுடனும் சமாதானமாக வாழ விரும்புகிறோம்.",fake,facebook/mms-tts-tam,synthetic_tts,clean
data/fake/tamil\fake_tam_0547.wav,Tamil,பயன்தராதது மட்டுமின்றி எதிர் விளைவுகளையும் உருவாக்கும்.,fake,facebook/mms-tts-tam,synthetic_tts,clean
data/fake/tamil\fake_tam_0548.wav,Tamil,வருடகார அறிவும் அநுபவ முதிர்ச்சியும் மிகுந்த உன்னிடம் சில செய்திகளை நான் தனியாகக் கூறவேண்டும்.,fake,facebook/mms-tts-tam,synthetic_tts,clean
data/fake/tamil\fake_tam_0549.wav,Tamil,பேரரசர்கள் யாவருக்கும் நீ நண்பனாகவும் உறவினனாகவும் இருக்கிறாய்.,fake,facebook/mms-tts-tam,synthetic_tts,clean
data/fake/tamil\fake_tam_0550.wav,Tamil,கண்ணகியையும் கண்டது வியப்பைத் தந்தது.,fake,facebook/mms-tts-tam,synthetic_tts,clean
data/fake/tamil\fake_tam_0551.wav,Tamil,கயவர்கட்கு அந்த ஆற்றலும் இராது.,fake,facebook/mms-tts-tam,synthetic_tts,clean
data/fake/tamil\fake_tam_0552.wav,Tamil,அடக்குகிற வழியிலே அடக்குவோம்.,fake,facebook/mms-tts-tam,synthetic_tts,clean
data/fake/tamil\fake_tam_0553.wav,Tamil,வய நாட்டுச் செட்டிகள் பெருங் குடியர்கள்.,fake,facebook/mms-tts-tam,synthetic_tts,clean
data/fake/tamil\fake_tam_0554.wav,Tamil,"இறப்பதற்கு முன்பு, பாட் ஹைவ் இசைக்குழுவை முன்னிறுத்தினார்",fake,facebook/mms-tts-tam,synthetic_tts,clean
data/fake/tamil\fake_tam_0555.wav,Tamil,"தாவாச் சிறுமான், மோவா அரும்பு!",fake,facebook/mms-tts-tam,synthetic_tts,clean
data/fake/tamil\fake_tam_0556.wav,Tamil,"தமிழ் மருத்துயப்படி வாதம், பித்தம், சிலோட்டுமம் இந்நாடிகள் ஒழுங்காக வேலை செய்ய வேண்டும் என்பர்.",fake,facebook/mms-tts-tam,synthetic_tts,clean
data/fake/tamil\fake_tam_0557.wav,Tamil,"மிருகம் தன் சுய நலத்தையும், இன விருத்தியையுமே வாழ்வின் முதன்மையான லட்சியமாகக் கொள்கிறது.",fake,facebook/mms-tts-tam,synthetic_tts,clean
data/fake/tamil\fake_tam_0558.wav,Tamil,தாங்கள் கடைசியாக ஆடிய அற்புத நடனத்தின் பொருள் என்ன என்று மிக்க ஆர்வத்தோடு கேட்கிறார்.,fake,facebook/mms-tts-tam,synthetic_tts,clean
data/fake/tamil\fake_tam_0559.wav,Tamil,"அந்த மாநாட்டுக்கு வந்திருந்த தலைவர்கள் பலர், இராஜேந்திரர் சேவையைப் பாராட்டினார்கள்.",fake,facebook/mms-tts-tam,synthetic_tts,clean
data/fake/tamil\fake_tam_0560.wav,Tamil,"இவர்களைப் பயமுறுத்தினால், உதைத்தால் அடங்குவர் அடங்குவது போல நடிப்பர்.",fake,facebook/mms-tts-tam,synthetic_tts,clean
data/fake/tamil\fake_tam_0561.wav,Tamil,"ஒரு தேவாலயம் மற்றும் மடத்தைத் தவிர, இது ஒரு நூலகம் மற்றும் கேடாகம்ப்களையும் கொண்டுள்ளது.",fake,facebook/mms-tts-tam,synthetic_tts,clean
data/fake/tamil\fake_tam_0562.wav,Tamil,"ஒரு வழி சொல்லுகிறேன், கேள்.",fake,facebook/mms-tts-tam,synthetic_tts,clean
data/fake/tamil\fake_tam_0563.wav,Tamil,ஆண்டவன் என் மூலமாக உங்களை நேர்வழிப்படுத்தினான்.,fake,facebook/mms-tts-tam,synthetic_tts,clean
data/fake/tamil\fake_tam_0564.wav,Tamil,அந்த நெகிழ்ச்சியில் மனதுக்கினியவளின் நினைவே பெருகியது.,fake,facebook/mms-tts-tam,synthetic_tts,clean
data/fake/tamil\fake_tam_0565.wav,Tamil,வழக்கறிஞர் அயர்ந்து போனார்.,fake,facebook/mms-tts-tam,synthetic_tts,clean
data/fake/tamil\fake_tam_0566.wav,Tamil,அவள் தன்னிடம் சினமும் ஊடலும் கொண்டிருப்பதற்கு என்ன காரணம் என்று இப்போது உதயணனுக்குத் தெளிவாகத் தெரிந்துவிட்டது.,fake,facebook/mms-tts-tam,synthetic_tts,clean
data/fake/tamil\fake_tam_0567.wav,Tamil,சில இடங்களில் பன்னிப் பன்னிச் சொன்னதுபோலத் தோற்றும்.,fake,facebook/mms-tts-tam,synthetic_tts,clean
data/fake/tamil\fake_tam_0568.wav,Tamil,உதயணன் நினைவில் மட்டும் பதுமாபதியின் காதல் ஒன்றே ஓங்கி நின்றது.,fake,facebook/mms-tts-tam,synthetic_tts,clean
data/fake/tamil\fake_tam_0569.wav,Tamil,நாம் எங்கிருந்து பயணம் தொடங்கினோம் என்பதை நாம் சொல்ல அவர்கள் நம்புகிறார்கள்.,fake,facebook/mms-tts-tam,synthetic_tts,clean
data/fake/tamil\fake_tam_0570.wav,Tamil,என் துயரம் முழுதும் நீ அறிவாயோ! என்று கேட்டாள்.,fake,facebook/mms-tts-tam,synthetic_tts,clean
data/fake/tamil\fake_tam_0571.wav,Tamil,இடுப்பின் பகுதிகள் வளை வேண்டும்.,fake,facebook/mms-tts-tam,synthetic_tts,clean
data/fake/tamil\fake_tam_0572.wav,Tamil,உங்கள் வழக்கைத் தீர்க்க எனக்கு நேரம் இல்லை,fake,facebook/mms-tts-tam,synthetic_tts,clean
data/fake/tamil\fake_tam_0573.wav,Tamil,"""ஐந்தாவது எஸ்டேட்"" வெளிப்படையாக வீரர்களை கலகம் செய்ய அழைத்தது.",fake,facebook/mms-tts-tam,synthetic_tts,clean
data/fake/tamil\fake_tam_0574.wav,Tamil,அதனால் அவர்களைத் துது அனுப்பி வரவழைத்து அத்தினாபுரியில் நிறுத்திக் கொண்டனர்.,fake,facebook/mms-tts-tam,synthetic_tts,clean
data/fake/tamil\fake_tam_0575.wav,Tamil,சிரித்துக்கொண்டே இருப்பான் அவன் பையில் கத்தியை மறைத்து வைத்திருப்பான்.,fake,facebook/mms-tts-tam,synthetic_tts,clean
data/fake/tamil\fake_tam_0576.wav,Tamil,அப்போது எண்ணியதை அடையலாம்.,fake,facebook/mms-tts-tam,synthetic_tts,clean
data/fake/tamil\fake_tam_0577.wav,Tamil,எருமை மாட்டைத் தண்ணீரில் போட்டுக் கொண்டு விலை பேசுகிறது.,fake,facebook/mms-tts-tam,synthetic_tts,clean
data/fake/tamil\fake_tam_0578.wav,Tamil,அட்டைப் படத்திலே அவர் உட்கார்ந்திருக்கிற ஜோரைத் தான் பாருங்களேன்.,fake,facebook/mms-tts-tam,synthetic_tts,clean
data/fake/tamil\fake_tam_0579.wav,Tamil,இங்கே பெரியவர்கள்தான் அந்தப் பொறுப்பை ஏற்க வேண்டியிருக்கிறது.,fake,facebook/mms-tts-tam,synthetic_tts,clean
data/fake/tamil\fake_tam_0580.wav,Tamil,"இருவினைகளிலிருந்தும் விடுதலை பெற, பொய்தீர் ஒழுக்கநெறி நிற்க வேண்டும்.",fake,facebook/mms-tts-tam,synthetic_tts,clean
data/fake/tamil\fake_tam_0581.wav,Tamil,இம்மிகள் அதிர்வடைகின்ற திசைக்குச் செங்குத்தான திசையில் இதில் அலைவு பரவும்.,fake,facebook/mms-tts-tam,synthetic_tts,clean
data/fake/tamil\fake_tam_0582.wav,Tamil,நம் நாட்டில் சினிமா நடிகைகள் நீடித்த மணவாழ்வு சில சமயம் நடத்த முடியாமல் போகிறது.,fake,facebook/mms-tts-tam,synthetic_tts,clean
data/fake/tamil\fake_tam_0583.wav,Tamil,இவ்வாறு ஆங்காங்கே நடைபெற்ற ஒவ்வொரு ஆட்ட முறைக்கும் வெவ்வேறு தரமான விதிமுறைகள் அமைந்திருந்தன.,fake,facebook/mms-tts-tam,synthetic_tts,clean
data/fake/tamil\fake_tam_0584.wav,Tamil,இந்தச் சமயத்திலே தாழிவயிறன் உரக்கக் கூவினான்.,fake,facebook/mms-tts-tam,synthetic_tts,clean
data/fake/tamil\fake_tam_0585.wav,Tamil,"ஸுபைர் அவர்கள் நாயகத்திடம் இதைத் தெரிவித்ததும், சரி போகட்டும் விட்டு விடுங்கள் என்று பெருமானார் கூறி விட்டார்கள்.",fake,facebook/mms-tts-tam,synthetic_tts,clean
data/fake/tamil\fake_tam_0586.wav,Tamil,குப்பை உயரும் கோபுரம் தாழும்.,fake,facebook/mms-tts-tam,synthetic_tts,clean
data/fake/tamil\fake_tam_0587.wav,Tamil,ஏசுவின் கட்டளை நாசம் புரிந்தனர் தோழா.,fake,facebook/mms-tts-tam,synthetic_tts,clean
data/fake/tamil\fake_tam_0588.wav,Tamil,அடுத்த கட்ட நடவடிக்கை என்ன என்பதை அறிந்துகொண்டு இறுதியில்தான் Flutes வரும்.,fake,facebook/mms-tts-tam,synthetic_tts,clean
data/fake/tamil\fake_tam_0589.wav,Tamil,என்ஆணை! என்ஆணை! உதார னோடே,fake,facebook/mms-tts-tam,synthetic_tts,clean
data/fake/tamil\fake_tam_0590.wav,Tamil,துண்டுபட்ட அந்தத் தலை எல்லோருக்கும் தெரியும்படி உயரத்தில் தூக்கிக் காண்பிக்கப்பேட்டது.,fake,facebook/mms-tts-tam,synthetic_tts,clean
data/fake/tamil\fake_tam_0591.wav,Tamil,"குறள்வழி, நஞ்சினையுண்டும் வாழ்ந்தார் நமது ஞானத் தலைவர் அப்பரடிகள்.",fake,facebook/mms-tts-tam,synthetic_tts,clean
data/fake/tamil\fake_tam_0592.wav,Tamil,"கப்பல பிறகு மீண்டும் மிதக்க விடப்பட்டு, ஸ்க்ராப் செய்யப்படுவதற்காக ஜெனோவாவுக்கு இழுத்துச் செல்லப்பட்டது.",fake,facebook/mms-tts-tam,synthetic_tts,clean
data/fake/tamil\fake_tam_0593.wav,Tamil,"இதை வேகமாக, விறுவிறுப்புடன், திடீர் பாய்ச்சலில் செய்ய வேண்டும்.",fake,facebook/mms-tts-tam,synthetic_tts,clean
data/fake/tamil\fake_tam_0594.wav,Tamil,ஆண்மை என்ற சொல்லுக்கு ஆளுந் தன்மை என்பது பொருள்.,fake,facebook/mms-tts-tam,synthetic_tts,clean
data/fake/tamil\fake_tam_0595.wav,Tamil,சவியோலோ மற்றொரு வாள்வீரனின் கைகளில் இறக்கவில்லை என்று இது கூறுகிறது.,fake,facebook/mms-tts-tam,synthetic_tts,clean
data/fake/tamil\fake_tam_0596.wav,Tamil,இலையேஎனும் எளிமை,fake,facebook/mms-tts-tam,synthetic_tts,clean
data/fake/tamil\fake_tam_0597.wav,Tamil,இத்துடன் அவனுடைய பழைய வாழ்க்கை அறுபட்டு நிற்கிறது.,fake,facebook/mms-tts-tam,synthetic_tts,clean
data/fake/tamil\fake_tam_0598.wav,Tamil,இனிஎன்னால் அவர்கட்குத் தொல்லைவேண்டாம்;,fake,facebook/mms-tts-tam,synthetic_tts,clean
data/fake/tamil\fake_tam_0599.wav,Tamil,பல நூற்றாண்டுகளுக்குத் திறனாய்வு செய்யலாம்.,fake,facebook/mms-tts-tam,synthetic_tts,clean
data/fake/tamil\fake_tam_0600.wav,Tamil,சிறிது நேர உல்லாச உரையாடலுக்குப்பின் அவர்கள் பிரியவேண்டிய வேளை வந்தது.,fake,facebook/mms-tts-tam,synthetic_tts,clean
data/fake/tamil\fake_tam_0601.wav,Tamil,"ஆற்றின் வேகம் அதிகம் என்றால், அதிலே எதிர்த்துப் போகிறவனின் சக்தி பெரிதில்லையா?",fake,facebook/mms-tts-tam,synthetic_tts,clean
data/fake/tamil\fake_tam_0602.wav,Tamil,"இந்த அறிக்கை நிறுவனத்தை ""வெட்கத்திற்குள்ளாக்கியதாக"" வெஸ்டர்வெல்லே கூறினார்.",fake,facebook/mms-tts-tam,synthetic_tts,clean
data/fake/tamil\fake_tam_0603.wav,Tamil,"இந்த விருந்துகளில் விருந்தினர்கள் திரைப்பட நட்சத்திரங்கள், பாப் பிரபலங்கள் மற்றும் அரசியல்வாதிகள் கலந்துக் கொள்வர்.",fake,facebook/mms-tts-tam,synthetic_tts,clean
data/fake/tamil\fake_tam_0604.wav,Tamil,இளங்கன்று பயமறியாது என்பார்கள்.,fake,facebook/mms-tts-tam,synthetic_tts,clean
data/fake/tamil\fake_tam_0605.wav,Tamil,அதோட ஒன் பழமொழியில வர்ற வெகுஜனம் என்கிறது.,fake,facebook/mms-tts-tam,synthetic_tts,clean
data/fake/tamil\fake_tam_0606.wav,Tamil,இது அதிகமான யூத குடியேற்றத்தையும் விரும்பவில்லை.,fake,facebook/mms-tts-tam,synthetic_tts,clean
data/fake/tamil\fake_tam_0607.wav,Tamil,"அந்த நாக்குகள் அசல் நெருப்புப் போல சிவப்பாக இல்லை, ஒரு வித நீல நிறத்துடன் விளங்கின.",fake,facebook/mms-tts-tam,synthetic_tts,clean
data/fake/tamil\fake_tam_0608.wav,Tamil,இந்தத் தயக்கம் சோவியத் நாட்டில் கடந்த பல ஆண்டுகளாக இருந்து வந்தது.,fake,facebook/mms-tts-tam,synthetic_tts,clean
data/fake/tamil\fake_tam_0609.wav,Tamil,"அறத்திற்குப் பகை, பகையேயாம்.",fake,facebook/mms-tts-tam,synthetic_tts,clean
data/fake/tamil\fake_tam_0610.wav,Tamil,அதனால் அதை அவர் அருந்துதல் நீங்கி,fake,facebook/mms-tts-tam,synthetic_tts,clean
data/fake/tamil\fake_tam_0611.wav,Tamil,என்னை வழியில் பார்த்து அடுத்த பகுதி வருவதற்கு ஒரு மாதம் காத்திருக்க வேண்டுமே என்று வருத்தப்பட்டார்.,fake,facebook/mms-tts-tam,synthetic_tts,clean
data/fake/tamil\fake_tam_0612.wav,Tamil,குறைப் பிரசவம் ஆகும்.,fake,facebook/mms-tts-tam,synthetic_tts,clean
data/fake/tamil\fake_tam_0613.wav,Tamil,அவர்கள் உருவாக்கிய நிறுவனமும் விஷியஸ் கப்லிங்குக்கு முன்னோடியாக அமைந்தது.,fake,facebook/mms-tts-tam,synthetic_tts,clean
data/fake/tamil\fake_tam_0614.wav,Tamil,ஓர் ஆயிரத்து தொள்ளாயிரத்து முப்பத்திரண்டு ஆம் ஆண்டு இது ஓர் உயர் நிலைப்பள்ளியாக மாற்றப்பட்டது.,fake,facebook/mms-tts-tam,synthetic_tts,clean
data/fake/tamil\fake_tam_0615.wav,Tamil,இரு தளகர்த்தாக்களை விடுதலை செய்ததிலிருந்து லிஞ்சின் தாராள சிந்தையும் தொண்டர்களுடைய கண்ணியமும் விளங்குகின்றன.,fake,facebook/mms-tts-tam,synthetic_tts,clean
data/fake/tamil\fake_tam_0616.wav,Tamil,கடவுள் தன்மை சமுதாய அமைப்பில் நிலைபெற்றுவிட்டால் கடவுளை எளிதில் நினைவு கூரலாம்.,fake,facebook/mms-tts-tam,synthetic_tts,clean
data/fake/tamil\fake_tam_0617.wav,Tamil,அந்த மூர்த்திகளின் முன் நாம் தலை வணங்குகிறோம்.,fake,facebook/mms-tts-tam,synthetic_tts,clean
data/fake/tamil\fake_tam_0618.wav,Tamil,"தருசகன் அவர்களுக்கு, உதயணன் உதவிப் பண்பு மிகுந்தவன் என்பதையும் அவன் நட்பின் சிறப்பையும், எடுத்துச் சொல்லிச் சமாதானம் கூறினான்.",fake,facebook/mms-tts-tam,synthetic_tts,clean
data/fake/tamil\fake_tam_0619.wav,Tamil,மருமகனைச் சுட்டுத் தள்ளிவிட்டார்!,fake,facebook/mms-tts-tam,synthetic_tts,clean
data/fake/tamil\fake_tam_0620.wav,Tamil,"எண்ணம் சுத்தமாகும் போது, ஆன்மா சுத்தமாகிறது.",fake,facebook/mms-tts-tam,synthetic_tts,clean
data/fake/tamil\fake_tam_0621.wav,Tamil,இந்த மாதிரி நேரத்தைப்பற்றி யாஸ்மி என்ன சொன்னாள்.,fake,facebook/mms-tts-tam,synthetic_tts,clean
data/fake/tamil\fake_tam_0622.wav,Tamil,"இதனை உணர்ந்த காரணத்தால், வருங்காலத்தைப்பற்றி முன்னம் கூறி அதற்காகப் போராட வேண்டும் எனக் கூறினார்.",fake,facebook/mms-tts-tam,synthetic_tts,clean
data/fake/tamil\fake_tam_0623.wav,Tamil,"அவன் வேதாந்தி ஆனால் ரத்தினசாமியின் விதண்டாவாதங்களையெல்லாம் கேட்டு, அவனுக்குப் பதில் சொல்லுவதிலே அவருக்கு ஓர் ஆனந்தம்.",fake,facebook/mms-tts-tam,synthetic_tts,clean
data/fake/tamil\fake_tam_0624.wav,Tamil,என்னைப் பொறுத்தவரை ஜெர்மனிய நாட்டுப் பெண்கள் நல்ல உடற்கட்டும் அழகும் பெற்றிருக்கிறார்கள் என்று நினைக்கிறேன்.,fake,facebook/mms-tts-tam,synthetic_tts,clean
data/fake/tamil\fake_tam_0625.wav,Tamil,அவன்மீது பாய்வதற்காக அது பதி போட்டது.,fake,facebook/mms-tts-tam,synthetic_tts,clean
data/fake/tamil\fake_tam_0626.wav,Tamil,படுக்கையறைக்கு கீழ் உள்ள தளத்தில் அவை இருந்தன.,fake,facebook/mms-tts-tam,synthetic_tts,clean
data/fake/tamil\fake_tam_0627.wav,Tamil,எந்தவிதம் நீங்கிநம்மை எதிர்ப்பார்? இன்னமும்,fake,facebook/mms-tts-tam,synthetic_tts,clean
data/fake/tamil\fake_tam_0628.wav,Tamil,அவன் குரல் கெஞ்சலில் வந்து நின்றது.,fake,facebook/mms-tts-tam,synthetic_tts,clean
data/fake/tamil\fake_tam_0629.wav,Tamil,"அறுத்திடா ராயின், தீமை, அன்னைசேர் சேய்போல் பற்றும்.",fake,facebook/mms-tts-tam,synthetic_tts,clean
data/fake/tamil\fake_tam_0630.wav,Tamil,சோழர் மண் அவனை மெய்மறக்கச் செய்தது போலும்!,fake,facebook/mms-tts-tam,synthetic_tts,clean
data/fake/tamil\fake_tam_0631.wav,Tamil,இத் தென்கோனாட்டின் மேற்பால் பகுதியே ஒல்லையூர் நாடு.,fake,facebook/mms-tts-tam,synthetic_tts,clean
data/fake/tamil\fake_tam_0632.wav,Tamil,விமான நிலையத்திற்கு புறப்படத் தயாராக காரை நிறுத்திக் கொண்டு டிரைவர் காத்து நின்றான்.,fake,facebook/mms-tts-tam,synthetic_tts,clean
data/fake/tamil\fake_tam_0633.wav,Tamil,"அதனால்தான் கூறுகிறேன், அவரவர் தங்களிடம் உள்ள குற்றங்களை, குறைபாடுகளைக் களைந்தெறியச் சிறிதும் தயக்கம் காட்டக்கூடாது என்று கேட்டுக் கொள்கிறேன்.",fake,facebook/mms-tts-tam,synthetic_tts,clean
data/fake/tamil\fake_tam_0634.wav,Tamil,⁠கட்டுரைகளின் ஊடே பலபல அரிய உண்மைகளை எடுத்துச் சொல்லிச் செல்கின்றார்.,fake,facebook/mms-tts-tam,synthetic_tts,clean
data/fake/tamil\fake_tam_0635.wav,Tamil,சம்பந்தம் தலைவிரி கோலமாக ஓடினார்.,fake,facebook/mms-tts-tam,synthetic_tts,clean
data/fake/tamil\fake_tam_0636.wav,Tamil,சிலர் இறப்பிற்குப்பின் ஒரு வாழ்க்கை இருப்பதாகச் சொல்கிறார்கள்.,fake,facebook/mms-tts-tam,synthetic_tts,clean
data/fake/tamil\fake_tam_0637.wav,Tamil,சிறுவனாகிய எனக்கே மிகத் தெளிவாக விளங்கியது நான் பேச வேண்டிய விஷயமும் அதுதான்.,fake,facebook/mms-tts-tam,synthetic_tts,clean
data/fake/tamil\fake_tam_0638.wav,Tamil,அன்று வள்ளுவரால் ஈகையின் சிறப்பு ஊரார் எல்லோர்க்கும் உணர்விலே தைத்து ஊன்றியது.,fake,facebook/mms-tts-tam,synthetic_tts,clean
data/fake/tamil\fake_tam_0639.wav,Tamil,"அந்த நேரத்தில், சார்லி ஸ்பைடரை மீட்டு, தனது நாக்கைத் திருப்பித் தருகிறார்.",fake,facebook/mms-tts-tam,synthetic_tts,clean
data/fake/tamil\fake_tam_0640.wav,Tamil,"இந்த உ சாரியை, தமிழினும் தெலுங்கில் மிகுதி.",fake,facebook/mms-tts-tam,synthetic_tts,clean
data/fake/tamil\fake_tam_0641.wav,Tamil,"அதாவது, முதல்நிலை எழுத்துகள் இறுதிநிலை எழுத்துகள் எனப்படுவன ஒரே சொல்லில் இருப்பனவாகும்.",fake,facebook/mms-tts-tam,synthetic_tts,clean
data/fake/tamil\fake_tam_0642.wav,Tamil,சூரபத்மனை சம்ஹரித்த வெற்றி வேலாயுதனை வீர ஹத்திகள் சூழ்ந்து கொள்கின்றன.,fake,facebook/mms-tts-tam,synthetic_tts,clean
data/fake/tamil\fake_tam_0643.wav,Tamil,"நீ போகிறாயா, இல்லையா?",fake,facebook/mms-tts-tam,synthetic_tts,clean
data/fake/tamil\fake_tam_0644.wav,Tamil,"நாம் அவர்களோடு எவ்வாறு, வேறுபடுகிறோம் என்பதைக் காட்டவே இதைப் பற்றிப் பேசவேண்டிய சூழ்நிலை ஏற்பட்டது.",fake,facebook/mms-tts-tam,synthetic_tts,clean
data/fake/tamil\fake_tam_0645.wav,Tamil,அன்று நான் சென்றபோது அவர் மேஜைமீது ஆனந்தவிகடன் பத்திரிகை இருந்தது.,fake,facebook/mms-tts-tam,synthetic_tts,clean
data/fake/tamil\fake_tam_0646.wav,Tamil,"பார்க்கப் பார்க்க, எட்டியே பறித்துத் தின்னத் தூண்டுமாம்.",fake,facebook/mms-tts-tam,synthetic_tts,clean
data/fake/tamil\fake_tam_0647.wav,Tamil,மெல்லிய வாழைக்குத் தான்ஈன்ற காய்கூற்றம் கூற்றமே,fake,facebook/mms-tts-tam,synthetic_tts,clean
data/fake/tamil\fake_tam_0648.wav,Tamil,உள்ளி இட உள்ளி இட உள்ளே போச்சுது.,fake,facebook/mms-tts-tam,synthetic_tts,clean
data/fake/tamil\fake_tam_0649.wav,Tamil,"ஒருவருக்கும், பிறர் ஒருவருக்கும் இடையே நல்லுறவு வேண்டும்.",fake,facebook/mms-tts-tam,synthetic_tts,clean
data/fake/tamil\fake_tam_0650.wav,Tamil,அவர்கள் இருவரும் இவ்வாறு அடிக்கடி அமைச்சர் பெருமானின் பெயரை நினைவூட்டிக்கொண்டிருப்பதையும் குமரன் நம்பி விரும்பவில்லை.,fake,facebook/mms-tts-tam,synthetic_tts,clean
data/fake/tamil\fake_tam_0651.wav,Tamil,எனக்கு வழி தெரியல.,fake,facebook/mms-tts-tam,synthetic_tts,clean
data/fake/tamil\fake_tam_0652.wav,Tamil,கன்னனையும் வீடுமனையும் அமைதிப்படுத்திவிட்டுத் துரோணனைக் கலந்து பேசிக் கண்ணனைப் படைத்துணைக்கு அழைப்பது என்று முடிவு செய்தான்.,fake,facebook/mms-tts-tam,synthetic_tts,clean
data/fake/tamil\fake_tam_0653.wav,Tamil,"சுவாமி விவேகானந்தர் பெருமானும், வள்ளலார் பெருந்தகையும் மடாதிபதிகளாய் இருக்கவில்லை!",fake,facebook/mms-tts-tam,synthetic_tts,clean
data/fake/tamil\fake_tam_0654.wav,Tamil,கடோர சித்தன் வீட்டிற் புகுந்தனன்.,fake,facebook/mms-tts-tam,synthetic_tts,clean
data/fake/tamil\fake_tam_0655.wav,Tamil,அந்த இருட்டு அவனுக்கு மிக உயர்ந்த மலையையும் காட்டவில்லை மிகப் பள்ளமான குளத்தையும் காட்டவில்லை.,fake,facebook/mms-tts-tam,synthetic_tts,clean
data/fake/tamil\fake_tam_0656.wav,Tamil,கடலழக் குன்றழச் சூரழ விம்மிஅழும் குருந்தை என்கிறார் அருணகிரியார்.,fake,facebook/mms-tts-tam,synthetic_tts,clean
data/fake/tamil\fake_tam_0657.wav,Tamil,நேரம் என்ன ஆனால் என்ன?,fake,facebook/mms-tts-tam,synthetic_tts,clean
data/fake/tamil\fake_tam_0658.wav,Tamil,ரே நகருக்குப் பின்னால் உள்ள மலைப் பிரதேசத்தில்தான் ஹாசான் பிறந்து வளர்ந்தவன்.,fake,facebook/mms-tts-tam,synthetic_tts,clean
data/fake/tamil\fake_tam_0659.wav,Tamil,பேரரசர் சோங் பேரரசர் ஷூனின் ஒரே மகன்.,fake,facebook/mms-tts-tam,synthetic_tts,clean
data/fake/tamil\fake_tam_0660.wav,Tamil,நீ இங்கேயே உட்கார்ந்து கொண்டு நீ எனக்குச் சமைக்கும் வித்தையைச் சொல்லிக் கொடு.,fake,facebook/mms-tts-tam,synthetic_tts,clean
data/fake/tamil\fake_tam_0661.wav,Tamil,"அவர்களை இருவர் நால்வராகத் தோழர்களிடம் பிரித்து அனுப்பி, நல்ல முறையில் அவர்களை நடத்தும்படி சொல்லியிருந்தார்கள்.",fake,facebook/mms-tts-tam,synthetic_tts,clean
data/fake/tamil\fake_tam_0662.wav,Tamil,"அமுத வல்லிஎன் ஆசைக் கொருபெண்!		2	0	thirties	male_masculine			ta	
db49c016e08aeb4e2c015c778167650c2f51ead40df7e01e8a23887bd3164d96d0329b67cfc95752a734b4cd539e03bd46bac42a2fcc0d4b2f3aba0ce05ee36e	common_voice_ta_21401303.mp3	b957f01cb568a7e948ff2a3ae67984bf27b6e7364e85137344425385b11a82fe	அணைக்க நெருங்கும் - உடன்		2	0	thirties	male_masculine			ta	
db49c016e08aeb4e2c015c778167650c2f51ead40df7e01e8a23887bd3164d96d0329b67cfc95752a734b4cd539e03bd46bac42a2fcc0d4b2f3aba0ce05ee36e	common_voice_ta_21445251.mp3	bbb932fcb4f9faa6a76507200c1074f92f887c05061545f5472d45d431cba53f	மறத்தலின் கேடில்லை; மாசற்றமனச் சான்றூறும்		2	1	thirties	male_masculine			ta	
db49c016e08aeb4e2c015c778167650c2f51ead40df7e01e8a23887bd3164d96d0329b67cfc95752a734b4cd539e03bd46bac42a2fcc0d4b2f3aba0ce05ee36e	common_voice_ta_21401300.mp3	fcb8ece6a082ca77a9cdbec84f1a03ca0a56a4cc7cb371cdbf677cbbbe6b1a06	சமையல் செய்யும் சங்கிலி வந்தாள்!		2	0	thirties	male_masculine			ta	
db49c016e08aeb4e2c015c778167650c2f51ead40df7e01e8a23887bd3164d96d0329b67cfc95752a734b4cd539e03bd46bac42a2fcc0d4b2f3aba0ce05ee36e	common_voice_ta_21401284.mp3	fd174761f373bda10dfd667dba13741f0bdff3d8aeca33a3a1b830f08dc5b918	திருடன் ஒருவன் தெருப்பக்கத்து		2	0	thirties	male_masculine			ta	
db49c016e08aeb4e2c015c778167650c2f51ead40df7e01e8a23887bd3164d96d0329b67cfc95752a734b4cd539e03bd46bac42a2fcc0d4b2f3aba0ce05ee36e	common_voice_ta_21445233.mp3	ef505cc095791ba061544438041b07bccb305e4f7a26591c256980155f286852	பாடகர் பாடிலர்! பதுமம் போன்ற		2	0	thirties	male_masculine			ta	
db49c016e08aeb4e2c015c778167650c2f51ead40df7e01e8a23887bd3164d96d0329b67cfc95752a734b4cd539e03bd46bac42a2fcc0d4b2f3aba0ce05ee36e	common_voice_ta_21401275.mp3	f98921d6702677813442b72784391a6ebac4482212339de8ce055842d44e8a36	அஞ்சலை, உன்ஆசை - என்னை",fake,facebook/mms-tts-tam,synthetic_tts,clean
data/fake/tamil\fake_tam_0663.wav,Tamil,உன் தலையில் ஓர் இடிவிழக் கூடாதா என்று சொல்லாமல் உள்ளத்தில் உன்னித் தெய்வத்தைத் திட்டுகின்றாள்.,fake,facebook/mms-tts-tam,synthetic_tts,clean
data/fake/tamil\fake_tam_0664.wav,Tamil,இவை காந்த ஆற்றல் நிலையாக இருக்கப் பயன்படுபவை.,fake,facebook/mms-tts-tam,synthetic_tts,clean
data/fake/tamil\fake_tam_0665.wav,Tamil,சிடு சிடு என்று விரைவில் சீற்றங்கொள்ள ஆரம்பித்தாள்.,fake,facebook/mms-tts-tam,synthetic_tts,clean
data/fake/tamil\fake_tam_0666.wav,Tamil,ஒரு விநாடி ஒரு யுகமாகத் தோன்றியது.,fake,facebook/mms-tts-tam,synthetic_tts,clean
data/fake/tamil\fake_tam_0667.wav,Tamil,கண்டவர்களையெல்லாம் போலிஸார் சந்தேகிப்பது வழக்கம்.,fake,facebook/mms-tts-tam,synthetic_tts,clean
data/fake/tamil\fake_tam_0668.wav,Tamil,அங்கே அவள் விளையாடுவதற்குப் பந்து கிடைக்க வில்லை ஊடலில் அவனை வைத்து விளையாடினாள்.,fake,facebook/mms-tts-tam,synthetic_tts,clean
data/fake/tamil\fake_tam_0669.wav,Tamil,"பெரும்பாலோருடைய எண்ணம், என்றேன்.",fake,facebook/mms-tts-tam,synthetic_tts,clean
data/fake/tamil\fake_tam_0670.wav,Tamil,"ஆனால் ஒரு கன்னிகையோ வெனின், அவதூறு, உலகத்தில் நிஷ்டூரம் என்ற சிலுவையில் அறையப்படுவாள்.",fake,facebook/mms-tts-tam,synthetic_tts,clean
data/fake/tamil\fake_tam_0671.wav,Tamil,"உணவு பரிமாறும் பகுதியில் பல நபர்கள் அமர்ந்துள்ளனர், அவர்களுக்கு மேலே நீல விளக்குகள் ஒளிர்கின்றன.",fake,facebook/mms-tts-tam,synthetic_tts,clean
data/fake/tamil\fake_tam_0672.wav,Tamil,மோப்பக் குழையும் அனிச்சம்!,fake,facebook/mms-tts-tam,synthetic_tts,clean
data/fake/tamil\fake_tam_0673.wav,Tamil,ஒருவேளை இவ்விரண்டு நாடகங்களுக்கும் எழுநூற்று ஐம்பது ரூபாய் வசூலாகாவிட்டால் என்ன செய்வது?,fake,facebook/mms-tts-tam,synthetic_tts,clean
data/fake/tamil\fake_tam_0674.wav,Tamil,இந்தக் கேள்விகளைக் கிளப்பினேன்.,fake,facebook/mms-tts-tam,synthetic_tts,clean
data/fake/tamil\fake_tam_0675.wav,Tamil,"பூபதியின் ஓலை மாற்று விளையாட்டுக்குப் பிறகு, கருணாகரன் தப்புகின்றான் அருள்மொழி தானே திறைப்பொருளாகி இசைமன்னனிடம் வருகிறாள்.",fake,facebook/mms-tts-tam,synthetic_tts,clean
data/fake/tamil\fake_tam_0676.wav,Tamil,டாக்டர் உமா தேவசேனா கந்த சஷ்டியன்று பிறந்தவள் என்பது பொருத்தமாகவும் அமைந்துவிட்டது.,fake,facebook/mms-tts-tam,synthetic_tts,clean
data/fake/tamil\fake_tam_0677.wav,Tamil,இங்கே பிச்சைக்காரர்கள் குறைந்துவிட்டார்கள் அதை ஒரு தொழிலாக நடத்தும் கூட்டம் மறைந்து விட்டது என்று கூறலாம்.,fake,facebook/mms-tts-tam,synthetic_tts,clean
data/fake/tamil\fake_tam_0678.wav,Tamil,ஏழு ஆண்டுகளாக அவர்கள் குறிப்பாக பயணிகளையும் இப்பகுதியில் கடந்து செல்லும் புலம்பெயர்ந்தோரையும் இரையாக்கினர்.,fake,facebook/mms-tts-tam,synthetic_tts,clean
data/fake/tamil\fake_tam_0679.wav,Tamil,கிராமங்கள் பெரும்பாலும் எந்தப் பொருட்களையும் வெளியே இருந்து வாங்குவதில்லை.,fake,facebook/mms-tts-tam,synthetic_tts,clean
data/fake/tamil\fake_tam_0680.wav,Tamil,அவர் சொல்லிவிட்டாரானால் அது அவர் அநுபவத்திற்கு ஒரு குறைபாடு.,fake,facebook/mms-tts-tam,synthetic_tts,clean
data/fake/tamil\fake_tam_0681.wav,Tamil,அவருடைய உடலைப் போர்த்தி அடக்கம் செய்வதற்காக இரண்டு துணிகளைக் கொடுத்து விட்டுத் திரும்பி விட்டார்.,fake,facebook/mms-tts-tam,synthetic_tts,clean
data/fake/tamil\fake_tam_0682.wav,Tamil,கரையிலே எங்காவது தங்கமணி முதலியவர்களைத் தாழிவயிறன் பிடித்து வைத்திருக்கிறானா என்று தெரிந்துகொள்வதே அவன் நோக்கமாயிருந்தது.,fake,facebook/mms-tts-tam,synthetic_tts,clean
data/fake/tamil\fake_tam_0683.wav,Tamil,ஆடுகளின் சட்டியை நாய் உருட்டுவது போல.,fake,facebook/mms-tts-tam,synthetic_tts,clean
data/fake/tamil\fake_tam_0684.wav,Tamil,அதுபோலத்தான் கயவர்கள் நிலை கயவர்கள் சொல்லப் பயன்படார்.,fake,facebook/mms-tts-tam,synthetic_tts,clean
data/fake/tamil\fake_tam_0685.wav,Tamil,காலம் இரவு நடராஜன் சாளரத்தின் வழியே மேல்மாடியில் குதிக்கிறான்.,fake,facebook/mms-tts-tam,synthetic_tts,clean
data/fake/tamil\fake_tam_0686.wav,Tamil,"கோப்பெருஞ்சோழன் பிசிராந்தையார் நட்பு, பாரி கபிலர் தோழமை முதலியவை சிறந்த எடுத்துக் காட்டுக்கள்!",fake,facebook/mms-tts-tam,synthetic_tts,clean
data/fake/tamil\fake_tam_0687.wav,Tamil,அவனுக்கு இதழுக்கும் புழுவுக்கும் வித்தியாசம் தெரியாது;  பாம்பைப் பழுதை என்பான்;  பழுதையைப்  பாம்பு என்பான்.,fake,facebook/mms-tts-tam,synthetic_tts,clean
data/fake/tamil\fake_tam_0688.wav,Tamil,ஆஸ்திரேலியாவின் பல பறவைக் குழுவினரின் பயிற்சியிலும் அவர் உதவினார்.,fake,facebook/mms-tts-tam,synthetic_tts,clean
data/fake/tamil\fake_tam_0689.wav,Tamil,"தேகம் அழிந்துவிடும்; சுற்றத்தார் செத்திடுவார்;		2	1	twenties	male_masculine			ta	
241bdb890336e245aa0eb04f7693dd6ff0f6522b90982366ec72f0e1077014a000971bf6237b80049f7ec647605cb358effade58b34d5ef092b775779cc351ad	common_voice_ta_19605624.mp3	773f59dd738d81f489c00001be1de61ef756810456c585eddf03d54f99110e01	சாதிச்சண் டைவளர்க்கத் தக்கஇதி காசங்கள்!		2	0	twenties	male_masculine			ta	
241bdb890336e245aa0eb04f7693dd6ff0f6522b90982366ec72f0e1077014a000971bf6237b80049f7ec647605cb358effade58b34d5ef092b775779cc351ad	common_voice_ta_19605623.mp3	88ce581437c555c0fa79e7553c09dde6931bd0ba5b1239b7e0fcf71b35ba098a	அன்னது நீக்கி யருள்க என்றான்.",fake,facebook/mms-tts-tam,synthetic_tts,clean
data/fake/tamil\fake_tam_0690.wav,Tamil,ரேவதியின் நடிப்பைவிட தோற்றம் என்னைக் கவர்ந்தது குழைந்து பேசும் இளமை இன்னும் மறக்க முடியலல்லை.,fake,facebook/mms-tts-tam,synthetic_tts,clean
data/fake/tamil\fake_tam_0691.wav,Tamil,இவை இரும்புத் தொடர்பான பொருள்கள்.,fake,facebook/mms-tts-tam,synthetic_tts,clean
data/fake/tamil\fake_tam_0692.wav,Tamil,வயந்தகன் பக்கத்தில் அமர்ந்திருந்தான்.,fake,facebook/mms-tts-tam,synthetic_tts,clean
data/fake/tamil\fake_tam_0693.wav,Tamil,அவர் எழுதிய கட்டுரைகளை ஆர்வத்தோடு படித்த எண்ணற்ற தமிழ் இதயங்கள் இதை நன்கு அறியும்.,fake,facebook/mms-tts-tam,synthetic_tts,clean
data/fake/tamil\fake_tam_0694.wav,Tamil,அதற்கு அவர்கள் இணங்கவில்லை என வெளிப்படையாகக் கூறினார்.,fake,facebook/mms-tts-tam,synthetic_tts,clean
data/fake/tamil\fake_tam_0695.wav,Tamil,அருட்செல்வமும் பொருட்செல்வமும் நிரம்பப் பெற்றிருந்த பெரியவர் பெரியகோவில் தலைவராக நியமிக்கப்பட்டார்.,fake,facebook/mms-tts-tam,synthetic_tts,clean
data/fake/tamil\fake_tam_0696.wav,Tamil,"எனினும், மேசனுக்கு எதிரான உள்ளூர் இயக்கம் எதுவும் இங்கில்லை.",fake,facebook/mms-tts-tam,synthetic_tts,clean
data/fake/tamil\fake_tam_0697.wav,Tamil,"மலர் என்றால் மணம் இல்லாவிட்டாலும், நிறம் வேண்டும் என்பதை இன்றைய நாகரிகத்தில் பார்க்கிறோம்.",fake,facebook/mms-tts-tam,synthetic_tts,clean
data/fake/tamil\fake_tam_0698.wav,Tamil,இது ஆன்மாவின் பரிணாம வளர்ச்சி.,fake,facebook/mms-tts-tam,synthetic_tts,clean
data/fake/tamil\fake_tam_0699.wav,Tamil,உங்கள் அனைவருக்கும் எப்படி கிடைக்கிறது?,fake,facebook/mms-tts-tam,synthetic_tts,clean
data/fake/tamil\fake_tam_0700.wav,Tamil,உண்மையிலேயே அக்கோயில் பெரிய கோயில்தான்.,fake,facebook/mms-tts-tam,synthetic_tts,clean
data/fake/tamil\fake_tam_0701.wav,Tamil,முன்பு மிகுதியாகப் புகைபிடித்த ஃப்ரெட்ரிக்சனின் நுரையீரல்கள் எம்ஃபிஸிமாவால் பலவீனமடைந்திருந்தன.,fake,facebook/mms-tts-tam,synthetic_tts,clean
data/fake/tamil\fake_tam_0702.wav,Tamil,"அவர்கள் ஏற்கனவே தயாராக இருந்ததால், முஸ்லிம்களை நோக்கி அம்புகளை எய்ய ஆரம்பித்தார்கள்.",fake,facebook/mms-tts-tam,synthetic_tts,clean
data/fake/tamil\fake_tam_0703.wav,Tamil,"ஆனால், தமிழகத்துச் சிற்பியோ வண்ணத்தைத் தீட்டுவதிலும் சுண்ணத்தைச் சேர்ப்பதிலும் மாத்திரம் தன் திறமையைக் காட்டியவன் அல்ல.",fake,facebook/mms-tts-tam,synthetic_tts,clean
data/fake/tamil\fake_tam_0704.wav,Tamil,இடத்தில் தொடங்குவ தாகும்,fake,facebook/mms-tts-tam,synthetic_tts,clean
data/fake/tamil\fake_tam_0705.wav,Tamil,"இடுப்பிலிருந்த ரிவால்வரை உருவிக்கொண்டு, பகைவனைத் தாக்கலானான்.",fake,facebook/mms-tts-tam,synthetic_tts,clean
data/fake/tamil\fake_tam_0706.wav,Tamil,இன்னும் கொஞ்சம் உயரத்திலே அது பாறையோடு ஒட்டாமல் பிடிக்க வசதி யாகவும் இருந்தது.,fake,facebook/mms-tts-tam,synthetic_tts,clean
data/fake/tamil\fake_tam_0707.wav,Tamil,பெருமையில் அடங்காதவை பலசான்றாண்மையில் அடங்கியிருக்கின்றன என்பது வள்ளுவர்பெருமான்கருத்து.,fake,facebook/mms-tts-tam,synthetic_tts,clean
data/fake/tamil\fake_tam_0708.wav,Tamil,அடிவயிற்றில் இடி விழுந்தாற் போல.,fake,facebook/mms-tts-tam,synthetic_tts,clean
data/fake/tamil\fake_tam_0709.wav,Tamil,இடையன் எறிந்த மரம் போல.,fake,facebook/mms-tts-tam,synthetic_tts,clean
data/fake/tamil\fake_tam_0710.wav,Tamil,இதோ என் கல்லூரி மாணவப் பருவம் நினைவிற்கு வருகிறது.,fake,facebook/mms-tts-tam,synthetic_tts,clean
data/fake/tamil\fake_tam_0711.wav,Tamil,வேரிற் பழுத்த பலா - மிகக்,fake,facebook/mms-tts-tam,synthetic_tts,clean
data/fake/tamil\fake_tam_0712.wav,Tamil,டாக்டர் கரேட் மியூஸ் முதல்வர் ஆவார்.,fake,facebook/mms-tts-tam,synthetic_tts,clean
data/fake/tamil\fake_tam_0713.wav,Tamil,தழைத்துக் கொழித்துப் பூத்து விளங்கிய பூம்புதர் புகைப்படலங்களில் மெல்ல மெல்ல மறைந்து கொண்டிருந்தது.,fake,facebook/mms-tts-tam,synthetic_tts,clean
data/fake/tamil\fake_tam_0714.wav,Tamil,"மூன்றாவது ஆள் வாளால் அவன் வாயைக் கிழித்து, சாக்கு மணலை அதில் சாய்த்துக் கொண்டிருந்தான்.",fake,facebook/mms-tts-tam,synthetic_tts,clean
data/fake/tamil\fake_tam_0715.wav,Tamil,துன்பங்களுடன் ஏதாகிலும் ரொட்டி சாப்பிடுவது நமது வாழ்நாளைக் குறைக்கிறது. துக்கத்தை இழப்பவர் நன்மை பெறுகிறார்.,fake,facebook/mms-tts-tam,synthetic_tts,clean
data/fake/tamil\fake_tam_0716.wav,Tamil,நால் ஏ கால் நாலே கால்.,fake,facebook/mms-tts-tam,synthetic_tts,clean
data/fake/tamil\fake_tam_0717.wav,Tamil,"இந்த விஷயங்களிலும் தூரத்திலுள்ளது எளிதாகவும், அருகிலுள்ளது கடினமானதாகவும் தோன்றுகின்றன.",fake,facebook/mms-tts-tam,synthetic_tts,clean
data/fake/tamil\fake_tam_0718.wav,Tamil,அங்கே காரை நிறுத்திவிட்டு கிட்டத்தட்ட ஆறு பர்லாங்கு மலைமீது ஏறித்தான் செல்ல வேண்டும்.,fake,facebook/mms-tts-tam,synthetic_tts,clean
data/fake/tamil\fake_tam_0719.wav,Tamil,நாமோ மரணத்தைக் கண்டு பயப்படுகிறோம்.,fake,facebook/mms-tts-tam,synthetic_tts,clean
data/fake/tamil\fake_tam_0720.wav,Tamil,"உழுது உழைத்து ஊரார்க்கு உணவளித்து உழவெருதே போல், தான் உழைத்துப் பிறரைப் பேணலே பேராண்மையும் பேரறமும் ஆம்.",fake,facebook/mms-tts-tam,synthetic_tts,clean
data/fake/tamil\fake_tam_0721.wav,Tamil,"அறிவியல் முதலிய சில பாடங்களில் எண்கள் இன்றியமையா இடத்தைப் பெற்றிருப்பதால், கணக்கும் கருவிப் பாடமே.",fake,facebook/mms-tts-tam,synthetic_tts,clean
data/fake/tamil\fake_tam_0722.wav,Tamil,அதில் பழுத்திருந்த பெரிய பழங்கள் ஆசையைத் தூண்டின.,fake,facebook/mms-tts-tam,synthetic_tts,clean
data/fake/tamil\fake_tam_0723.wav,Tamil,ஆலங்காட்டுப் பேய் மாதிரி அலைகிறான்.,fake,facebook/mms-tts-tam,synthetic_tts,clean
data/fake/tamil\fake_tam_0724.wav,Tamil,"அக் கேள்விக்கு மற்றொருவன், யாரோ, மகாராஜாவின் அரண்மனையைச் சேர்ந்தவர்களாயிருக்க வேண்டும்! என்று பதில் உரைத்தான்.",fake,facebook/mms-tts-tam,synthetic_tts,clean
data/fake/tamil\fake_tam_0725.wav,Tamil,வீட்சன் மின்சுற்று என்றால் என்ன?,fake,facebook/mms-tts-tam,synthetic_tts,clean
data/fake/tamil\fake_tam_0726.wav,Tamil,"பலிகளாலும், காணிக்கைகளாலும், ஜபங்களாலும், பிரார்த்தனைகளாலும் மாற்றமுடியாத விஞ்ஞான விதிகளுக்குட்பட்டு பிரபஞ்ச இயக்கம் நிகழ்கிறது.",fake,facebook/mms-tts-tam,synthetic_tts,clean
data/fake/tamil\fake_tam_0727.wav,Tamil,ஆனால் ஆணுக்கு எந்த நேரமும் செய்யலாம்.,fake,facebook/mms-tts-tam,synthetic_tts,clean
data/fake/tamil\fake_tam_0728.wav,Tamil,நீயோ அவரைப் பெற்றெடுத்தோன்.,fake,facebook/mms-tts-tam,synthetic_tts,clean
data/fake/tamil\fake_tam_0729.wav,Tamil,குடிமைப் பண்பு என்றால் என்ன?,fake,facebook/mms-tts-tam,synthetic_tts,clean
data/fake/tamil\fake_tam_0730.wav,Tamil,கல் மிருகத்தின் கால் நகத்திற்கிடையிலே நின்ற ஹாஸானை அவர்கள் பார்த்தார்கள்.,fake,facebook/mms-tts-tam,synthetic_tts,clean
data/fake/tamil\fake_tam_0731.wav,Tamil,"ஒரு விதவை, மூன்று குழந்தைகளால் உயிர்வாழ்கிறார்.",fake,facebook/mms-tts-tam,synthetic_tts,clean
data/fake/tamil\fake_tam_0732.wav,Tamil,"ஐயரவர்கள் எழுதியுள்ள உதயணன் சரிதச் சுருக்கத்திலிருந்து குறிப்பிட்ட பகுதிக்கான கதையை, நடைமாறாமல் அப்படியே இங்கு எடுத்து அளிக்க நேர்ந்தது.",fake,facebook/mms-tts-tam,synthetic_tts,clean
data/fake/tamil\fake_tam_0733.wav,Tamil,என்று கேட்க வந்ததேன் என்றேன்.,fake,facebook/mms-tts-tam,synthetic_tts,clean
data/fake/tamil\fake_tam_0734.wav,Tamil,இலட்சிய உலகில் வசிப்பவனா?,fake,facebook/mms-tts-tam,synthetic_tts,clean
data/fake/tamil\fake_tam_0735.wav,Tamil,இவை எல்லாம் பௌத்த சந்நியாசிகளால் எழுதப்பட்டவை என்று அறிகிறபோது நாம் அப்படியே அதிசயித்து நிற்கிறோம்.,fake,facebook/mms-tts-tam,synthetic_tts,clean
data/fake/tamil\fake_tam_0736.wav,Tamil,"லிதுவேனியாவுக்கு இடம்பெயர்ந்த ரஷ்யர்களில் அநேகர் வீரர்கள், மாலுமிகள் மற்றும் வணிகர்களாக இருந்தனர்.",fake,facebook/mms-tts-tam,synthetic_tts,clean
data/fake/tamil\fake_tam_0737.wav,Tamil,இது மூன்றாம் தொகுதி.,fake,facebook/mms-tts-tam,synthetic_tts,clean
data/fake/tamil\fake_tam_0738.wav,Tamil,"கூட்ட நெரிசலில் அவளைக் காணாததால், கார்ப்பரேஷன்காரர்கள் காய்கறிகளையும் வாரிக் கொண்டு போகவேண்டும் என்று விருப்பப்பட்டார்.",fake,facebook/mms-tts-tam,synthetic_tts,clean
data/fake/tamil\fake_tam_0739.wav,Tamil,முன்னே ஊர் முழுக்க எல்லாருக்கும் அவனைத் தெரியும்.,fake,facebook/mms-tts-tam,synthetic_tts,clean
data/fake/tamil\fake_tam_0740.wav,Tamil,பின்னே என்ன ஹீரோயினி ஆக்ட்டு கிடைக்கும்னு நினைச்சியா.?,fake,facebook/mms-tts-tam,synthetic_tts,clean
data/fake/tamil\fake_tam_0741.wav,Tamil,அவருக்கு மட்டுமன்று பெருநோய் அவருடைய அன்பு மகளுக்கு வந்தது பசிநோய்!,fake,facebook/mms-tts-tam,synthetic_tts,clean
data/fake/tamil\fake_tam_0742.wav,Tamil,அவரது அம்மாவைப் பற்றி அதிகமாகத் தெரியவில்லை.,fake,facebook/mms-tts-tam,synthetic_tts,clean
data/fake/tamil\fake_tam_0743.wav,Tamil,அவன் இருக்கிற இடத்திற்கே சென்று போராடினான்.,fake,facebook/mms-tts-tam,synthetic_tts,clean
data/fake/tamil\fake_tam_0744.wav,Tamil,"அதன் சொந்த உறுப்பினர்களால் ""தாராளவாதி"" என்று பெயரிடப்பட்டாலும், அது பொதுவாக நவீன வரையறைகளால் பழமைவாதமாக இருந்தது.",fake,facebook/mms-tts-tam,synthetic_tts,clean
data/fake/tamil\fake_tam_0745.wav,Tamil,"கோழைக்கு தைரியசாலி என்றும், முட்டாளுக்குத் தான் அறிஞன் என்ற எண்ணமும் வந்து விட்டால் அவனைத் திருத்த இயலாது.",fake,facebook/mms-tts-tam,synthetic_tts,clean
data/fake/tamil\fake_tam_0746.wav,Tamil,அம்மாளிகை இன்று கிளன்வியூ ஹோட்டல் என்ற பெயர் கொண்டு விளங்குகிறது.,fake,facebook/mms-tts-tam,synthetic_tts,clean
data/fake/tamil\fake_tam_0747.wav,Tamil,இவை அப்போதைய கத்தோலிக்க செய்தித்தாள் டி வோல்க்ஸ்கிராண்டில் ஒருங்கிணைக்கப்பட்டன.,fake,facebook/mms-tts-tam,synthetic_tts,clean
data/fake/tamil\fake_tam_0748.wav,Tamil,உதயணன் இத்துணை நாள் இவளைப் பிரிந்து எவ்வாறு இங்கே ஆற்றியிருக்க முடிந்தது? என்றெண்ணிக் கொண்டனர் மற்றும் சிலர்.,fake,facebook/mms-tts-tam,synthetic_tts,clean
data/fake/tamil\fake_tam_0749.wav,Tamil,பிரிவினை எதிர்ப்பு என்று நடத்தினால் பரபரப்பு இருக்காது.,fake,facebook/mms-tts-tam,synthetic_tts,clean
data/fake/tamil\fake_tam_0750.wav,Tamil,பெரிய மனிதர் வீடுகளில் ஏதாவது விசேஷமென்றால் திவான்பகதூர் பொன்னம்பலம் பிள்ளைக்குத்தான் முதல் அழைப்பு.,fake,facebook/mms-tts-tam,synthetic_tts,clean
data/fake/tamil\fake_tam_0751.wav,Tamil,கண்ணுக்கு இனிய கண்டு மனத்தைக் காட்டில் அலைய விட்டு பண்ணிடும் பூசையாலே தோழி பயனொன் றில்லையடி.,fake,facebook/mms-tts-tam,synthetic_tts,clean
data/fake/tamil\fake_tam_0752.wav,Tamil,கடவுள் எழுதியனுப்பிய தலையெழுத்தின்படி சிலர் நல்லவராயும் சிலர் தீயவராயும் இருப்பதில்லை.,fake,facebook/mms-tts-tam,synthetic_tts,clean
data/fake/tamil\fake_tam_0753.wav,Tamil,அபிமன் சயத்ரதன் உயிர் நிலை அறிந்து கதை கொண்டு தாக்க அவன் உடல் நெரி நெரிந்தது.,fake,facebook/mms-tts-tam,synthetic_tts,clean
data/fake/tamil\fake_tam_0754.wav,Tamil,அறிவிப்புத் தாளில் என் தலைமை என்பதைத் தவறாமல் பொறித்து வை இந்த ஊரில் முத்தமிழ் மன்றங்கள் இருக்கின்றன.,fake,facebook/mms-tts-tam,synthetic_tts,clean
data/fake/tamil\fake_tam_0755.wav,Tamil,⁠களைப்பின் விளக்கம் தான் என்ன?,fake,facebook/mms-tts-tam,synthetic_tts,clean
data/fake/tamil\fake_tam_0756.wav,Tamil,மதப்பற்று மிக்க பிரபல பாதிரியாருக்கு அது மிகுந்த வருத்தத்தை அளித்தது.,fake,facebook/mms-tts-tam,synthetic_tts,clean
data/fake/tamil\fake_tam_0757.wav,Tamil,தேரில் செல்லும்போது எல்லார் மனத்திலும் மகிழ்ச்சியே நிரம்பியிருந்தது.,fake,facebook/mms-tts-tam,synthetic_tts,clean
data/fake/tamil\fake_tam_0758.wav,Tamil,"அதனால், உரையாசிரியர்கள் மண்டையை உண்டத்துக் கொண்டு, முப்பத்திரண்டுக்கும், பதினாறுக்கும் குறிப்பாகப் பட்டியல் போட்டுக் காட்டியுள்ளனர்.",fake,facebook/mms-tts-tam,synthetic_tts,clean
data/fake/tamil\fake_tam_0759.wav,Tamil,அங்கே சரண்புகுந்த சரணாலயங்கள் இந்த இசையைப் பாடுக என்று வேண்டினர்.,fake,facebook/mms-tts-tam,synthetic_tts,clean
data/fake/tamil\fake_tam_0760.wav,Tamil,நீ இதனை வாசிக்கவோ அதற்காக வலிய முயன்று கற்கவோ வேண்டாம்!,fake,facebook/mms-tts-tam,synthetic_tts,clean
data/fake/tamil\fake_tam_0761.wav,Tamil,பல்வேறு சிகிச்சை முறைகளைக் கூறினார்கள்.,fake,facebook/mms-tts-tam,synthetic_tts,clean
data/fake/tamil\fake_tam_0762.wav,Tamil,"குறிப்பையும் பார்த்தால் குற்ற மென்ன?""",fake,facebook/mms-tts-tam,synthetic_tts,clean
data/fake/tamil\fake_tam_0763.wav,Tamil,என்ற கேள்விகளுக்கு எல்லாம் விடை கண்டாக வேண்டும்.,fake,facebook/mms-tts-tam,synthetic_tts,clean
data/fake/tamil\fake_tam_0764.wav,Tamil,தவறு செய்யும்போதும் செய்த போதும் செய்யப் புகும் போதும் மனமானது நீ தவறுகிறாய்!,fake,facebook/mms-tts-tam,synthetic_tts,clean
data/fake/tamil\fake_tam_0765.wav,Tamil,ஆய்வுசெய் நோக்கில் வரைந்தவர் சிலரெனினும்,fake,facebook/mms-tts-tam,synthetic_tts,clean
data/fake/tamil\fake_tam_0766.wav,Tamil,இதனால் சமுதாயக் கட்டுப்பாடு அதிகரிக்கலாயிற்று.,fake,facebook/mms-tts-tam,synthetic_tts,clean
data/fake/tamil\fake_tam_0767.wav,Tamil,பத்து நாட்களுக்கு முன்பு ராசகுமாரி பக்கத்து வீட்டுப் பையன் மூலம் கவர் வாங்கிக் கடிதம் எழுதியதைப் பார்த்தாள்.,fake,facebook/mms-tts-tam,synthetic_tts,clean
data/fake/tamil\fake_tam_0768.wav,Tamil,அவர் பேசியது எனக்குப் பெரிய அதிர்ச்சியாக இருந்தது.,fake,facebook/mms-tts-tam,synthetic_tts,clean
data/fake/tamil\fake_tam_0769.wav,Tamil,ஆடு கிடந்த இடத்தில் அதன் மயிரும் கிடவாமல் அழிந்து போவார்.,fake,facebook/mms-tts-tam,synthetic_tts,clean
data/fake/tamil\fake_tam_0770.wav,Tamil,பன்னிரண்டரை மணி வண்டியா?,fake,facebook/mms-tts-tam,synthetic_tts,clean
data/fake/tamil\fake_tam_0771.wav,Tamil,படிகத்தைப் பாலாபி ஷேகம் செய்து,fake,facebook/mms-tts-tam,synthetic_tts,clean
data/fake/tamil\fake_tam_0772.wav,Tamil,புல்லில் தனது கரங்களும் முகமும் இருக்குமாறு பக்கவாட்டு நடைபாதையில் ஒரு சிறுமி படுக்கிறாள்.,fake,facebook/mms-tts-tam,synthetic_tts,clean
data/fake/tamil\fake_tam_0773.wav,Tamil,உறுதியான தூண்களும் ஒருநாள் ⁠உடைந்து ஒழிந்து போகும்.,fake,facebook/mms-tts-tam,synthetic_tts,clean
data/fake/tamil\fake_tam_0774.wav,Tamil,தொழிற்சாலை அமைப்பில் வெள்ளை நிறம் அணிந்த ஒரு பெண் உணவு உற்பத்தி செய்கிறாள்.,fake,facebook/mms-tts-tam,synthetic_tts,clean
data/fake/tamil\fake_tam_0775.wav,Tamil,எருது ஈன்றது என்னுமுன் என்ன கன்று என்றது போல.,fake,facebook/mms-tts-tam,synthetic_tts,clean
data/fake/tamil\fake_tam_0776.wav,Tamil,அவன் மூக்கிலிருந்து ரத்தம் பீரிட்டு வழிந்து சட்டையெல்லாம் நனைந்தது.,fake,facebook/mms-tts-tam,synthetic_tts,clean
data/fake/tamil\fake_tam_0777.wav,Tamil,ராஜாஜியின் பெருந்தன்மையை நினைத்து உருகிப் போனேன்.,fake,facebook/mms-tts-tam,synthetic_tts,clean
data/fake/tamil\fake_tam_0778.wav,Tamil,அவளுக்குச் சிற்ப நூல் வல்லவரைக் கொண்டு கோயில் கட்டுவித்தான்.,fake,facebook/mms-tts-tam,synthetic_tts,clean
data/fake/tamil\fake_tam_0779.wav,Tamil,அதனால் முருகனை முதல்வனாகவும் மிகப் பழைய தெய்வமாகவும் அவர்கள் கொண்டிருந்தார்கள் என்று தெரியவரும்.,fake,facebook/mms-tts-tam,synthetic_tts,clean
data/fake/tamil\fake_tam_0780.wav,Tamil,"மிகவும் சிக்கலான இயற்கை மாற்றங்களுக்குப் பின்னர், இம்மாற்றங்களின் விளைவாக மனிதன் தோன்றினான்.",fake,facebook/mms-tts-tam,synthetic_tts,clean
data/fake/tamil\fake_tam_0781.wav,Tamil,இப்படியெல்லாம் சுற்றி விட்டே அம்மன் சந்நிதிக்கு வரவேணும்.,fake,facebook/mms-tts-tam,synthetic_tts,clean
data/fake/tamil\fake_tam_0782.wav,Tamil,அந்தக் குறைபாடு தான் கடைசியில் அவளிடம் கண்ணபிரானக் கொணர்ந்தது.,fake,facebook/mms-tts-tam,synthetic_tts,clean
data/fake/tamil\fake_tam_0783.wav,Tamil,நன்றாக மூச்சை இழுத்துக் கொள்ளவும்.,fake,facebook/mms-tts-tam,synthetic_tts,clean
data/fake/tamil\fake_tam_0784.wav,Tamil,இவர்களையெல்லாம் தரிசித்த பின்பே வெளியே வந்து வலப்புறம் சுற்றினால் சாரநாயகித் தாயாரைத் தரிசித்து வணங்கலாம்.,fake,facebook/mms-tts-tam,synthetic_tts,clean
data/fake/tamil\fake_tam_0785.wav,Tamil,இடப்பெயர்ச்சி திசைச்சாரி அளவாகும்.,fake,facebook/mms-tts-tam,synthetic_tts,clean
data/fake/tamil\fake_tam_0786.wav,Tamil,அதனால் நகரினையும் பல மக்களையும் அழியச் செய்வேன்.,fake,facebook/mms-tts-tam,synthetic_tts,clean
data/fake/tamil\fake_tam_0787.wav,Tamil,அப்போது அவர் பாடிய பாட்டுத்தான் இது!,fake,facebook/mms-tts-tam,synthetic_tts,clean
data/fake/tamil\fake_tam_0788.wav,Tamil,ஊனுக்கு ஊன் உறுப்பு மாற்று மருத்துவம் இக்காலத்தில் மிகுதியாக நடைபெறுகிறது.,fake,facebook/mms-tts-tam,synthetic_tts,clean
data/fake/tamil\fake_tam_0789.wav,Tamil,Weehawken நியூயார்க் பெருநகரத்தின் ஒரு பகுதி.,fake,facebook/mms-tts-tam,synthetic_tts,clean
data/fake/tamil\fake_tam_0790.wav,Tamil,"அன்றைய மக்கள் வானவெளியில் காணப்படும் கோள்கள் எல்லாம் எந்தெந்தப் பொருட்களால் ஆக்கப் பட்டவை, எதனால் இப்படி இயங்குகின்றன?",fake,facebook/mms-tts-tam,synthetic_tts,clean
data/fake/tamil\fake_tam_0791.wav,Tamil,இடையிடையே தூங்குவதற்காக விடுதிகளிலே தங்கிச் சென்றான்.,fake,facebook/mms-tts-tam,synthetic_tts,clean
data/fake/tamil\fake_tam_0792.wav,Tamil,சொல் அஃது ஆறாது.,fake,facebook/mms-tts-tam,synthetic_tts,clean
data/fake/tamil\fake_tam_0793.wav,Tamil,தினைப்புனம் காக்கும் வேட்டுவக் குமரியை மணக்க வேடுவனாகவே அல்லவா வந்திருக்கிறான்.,fake,facebook/mms-tts-tam,synthetic_tts,clean
data/fake/tamil\fake_tam_0794.wav,Tamil,"பன்னிரண்டு, பதினைந்து மைல்கள், சில சமயங்களில் இருபது மைல்கள் கூட நடப்பாராம்.",fake,facebook/mms-tts-tam,synthetic_tts,clean
data/fake/tamil\fake_tam_0795.wav,Tamil,அவர்கள் எதிர்பார்த்த காலத்திற்கு முன்பே இயந்திரம் முற்றுப் பெற்றுவிட்டது.,fake,facebook/mms-tts-tam,synthetic_tts,clean
data/fake/tamil\fake_tam_0796.wav,Tamil,இது பற்றி இன்றும் ஐயப்பாடுகள் இருந்து வருகின்றன.,fake,facebook/mms-tts-tam,synthetic_tts,clean
data/fake/tamil\fake_tam_0797.wav,Tamil,கொல்லன் சூழ்ச்சி அவனுக்குத் தக்க சூழல் அங்கு உருவாகி இருந்தது.,fake,facebook/mms-tts-tam,synthetic_tts,clean
data/fake/tamil\fake_tam_0798.wav,Tamil,"ஏனென்றால், வெள்ளிக்கிழமை யை அறிமுகம் செய்து வைத்திருக்கும் பேனாவை நான் ஆண்டு பலவாக அறிந்தவன் அறிந்து வருபவன்.",fake,facebook/mms-tts-tam,synthetic_tts,clean
data/fake/tamil\fake_tam_0799.wav,Tamil,உன் பிள்ளையைத் தின்று தண்ணீர் குடிக்க.,fake,facebook/mms-tts-tam,synthetic_tts,clean
data/fake/tamil\fake_tam_0800.wav,Tamil,இதுவா திருமணம் என்றார் தலைவர்.,fake,facebook/mms-tts-tam,synthetic_tts,clean
data/fake/tamil\fake_tam_0801.wav,Tamil,ஆனால் தீய பழக்கங்களுக்கு அவன் அடிமையாக அதுவும் தீர்ந்துவிடும்.,fake,facebook/mms-tts-tam,synthetic_tts,clean
data/fake/tamil\fake_tam_0802.wav,Tamil,என்ன ஜன்மம் வேண்டியிருக்கிறது?,fake,facebook/mms-tts-tam,synthetic_tts,clean
data/fake/tamil\fake_tam_0803.wav,Tamil,"ஆண்டவன் என்னை உலக முழுவதற்கும் அருளாகவும், தூதனாகவும் அனுப்பியுள்ளான்.",fake,facebook/mms-tts-tam,synthetic_tts,clean
data/fake/tamil\fake_tam_0804.wav,Tamil,பாஸிஸ்ட் அலெக்ஸ் வெப்ஸ்டர் அவர்கள் கேனிபால் கார்ப்ஸ் என்ற பெயரில் தோன்றினார்.,fake,facebook/mms-tts-tam,synthetic_tts,clean
data/fake/tamil\fake_tam_0805.wav,Tamil,ஐந்து ஆள் உயரமுள்ள பளிங்குக்கல் தூண்வேண்டும்.,fake,facebook/mms-tts-tam,synthetic_tts,clean
data/fake/tamil\fake_tam_0806.wav,Tamil,இம் முறை பெங்களூருக்குப் போனது எங்கள் சபை அவ்வூருக்கு மூன்றாம் முறை சென்றதாகும்.,fake,facebook/mms-tts-tam,synthetic_tts,clean
data/fake/tamil\fake_tam_0807.wav,Tamil,கோயில் வாயிலிலே கொள்ளிட நதி ஓடும்.,fake,facebook/mms-tts-tam,synthetic_tts,clean
data/fake/tamil\fake_tam_0808.wav,Tamil,இந்த விதி பெரும்பாலும் பொருந்தும்.,fake,facebook/mms-tts-tam,synthetic_tts,clean
data/fake/tamil\fake_tam_0809.wav,Tamil,"ஹெர்க்குலிஸ் பல இடங்களைச் சுற்றிக்கொண்டு, ஆப்பிரிக்காவை அடைந்து, அட்லஸ் மலையைக் கண்டு, அதன் மீது ஏறிச் சென்றான்.",fake,facebook/mms-tts-tam,synthetic_tts,clean
data/fake/tamil\fake_tam_0810.wav,Tamil,"தவம் பண்ணி, வேதாந்த சித்தாந்தங்களை எல்லாம் படித்து, ஞான விசாரத்தினால் இந்திரியங்களை நிக்கிரகம் செய்வதன் மூலம் அவற்றை அடக்கிவிடலாம்.",fake,facebook/mms-tts-tam,synthetic_tts,clean
data/fake/tamil\fake_tam_0811.wav,Tamil,வாசவதத்தை சினங்கொண்டிருக்கிறாள் என்பதை அவனறிந்து கொண்டான்.,fake,facebook/mms-tts-tam,synthetic_tts,clean
data/fake/tamil\fake_tam_0812.wav,Tamil,நிலையில் திரியாது அடங்கியான் தோற்றம் மலையினும் மாணப் பெரிது,fake,facebook/mms-tts-tam,synthetic_tts,clean
data/fake/tamil\fake_tam_0813.wav,Tamil,பதுமை தனக்குக் கழுநீர்மாலை கொடுப்பதுபோல ஒரு காட்சியும் அவனுடைய கனவு வெளியில் தோன்றியது.,fake,facebook/mms-tts-tam,synthetic_tts,clean
data/fake/tamil\fake_tam_0814.wav,Tamil,"நம் தம்பிகள், தங்கைகள் மாணவ, மாணவியர் காதுகளிலும் போட்டு வையுங்கள்.",fake,facebook/mms-tts-tam,synthetic_tts,clean
data/fake/tamil\fake_tam_0815.wav,Tamil,"கோடு போட்ட சட்டை அணிந்த ஒருவன், ஆய்வகத்தில் நுண்ணோக்கியை இயங்கச் செய்கிறான்.",fake,facebook/mms-tts-tam,synthetic_tts,clean
data/fake/tamil\fake_tam_0816.wav,Tamil,அந்த சுதேசிப் போராட்டத்தில் ராஜன் பாபுவும் கலந்து கொண்டார்.,fake,facebook/mms-tts-tam,synthetic_tts,clean
data/fake/tamil\fake_tam_0817.wav,Tamil,அதற்காகவே அவர்கள் விடுமுறைகள் எடுத்து நாளெல்லாம் காய்ந்து நிறத்தைப் பதப்படுத்திப் பழுப்பு நிறமாக்கி அதைப் பெருமையாக மற்றவர்களுக்குச் சொல்லிக்கொள்கின்றனர்.,fake,facebook/mms-tts-tam,synthetic_tts,clean
data/fake/tamil\fake_tam_0818.wav,Tamil,"அடிக்கடி யூகி, உருமண்ணுவாவிற்குக் கூறியனுப்பும் சூழ்ச்சித் திட்டங்களின் விவரத்தை அவனே கூறுவதற்குப் புறப்படுவது வழக்கம்.",fake,facebook/mms-tts-tam,synthetic_tts,clean
data/fake/tamil\fake_tam_0819.wav,Tamil,வெளி இணைப்புகள்,fake,facebook/mms-tts-tam,synthetic_tts,clean
data/fake/tamil\fake_tam_0820.wav,Tamil,ஒருவர் வாணிகம் தொடங்குகிறார் என வைத்துக் கொள்வோம்.,fake,facebook/mms-tts-tam,synthetic_tts,clean
data/fake/tamil\fake_tam_0821.wav,Tamil,எப்படி இருந்தாலும் சரி,fake,facebook/mms-tts-tam,synthetic_tts,clean
data/fake/tamil\fake_tam_0822.wav,Tamil,எல்லா ஊர்களிலும் பெரிய வரவேற்பு நடந்தது.,fake,facebook/mms-tts-tam,synthetic_tts,clean
data/fake/tamil\fake_tam_0823.wav,Tamil,அது கூவுவதற்கு முன்னே சிறகை அடித்துக் கொள்கிறது.,fake,facebook/mms-tts-tam,synthetic_tts,clean
data/fake/tamil\fake_tam_0824.wav,Tamil,"அதன்பின், அபூபக்கர், உமர் இருவர் பெயரையும் சொல்லி அழைத்தார் அபூஸூப்யான்.",fake,facebook/mms-tts-tam,synthetic_tts,clean
data/fake/tamil\fake_tam_0825.wav,Tamil,கொடியினதாகவும் கொள்நன் என்பதில் அத் தொழில்,fake,facebook/mms-tts-tam,synthetic_tts,clean
data/fake/tamil\fake_tam_0826.wav,Tamil,கட்டிய கோயில்களில் எல்லாம் அற்புதம் அற்புதமான மூர்த்திகளையும் உருவாக்கி நிறுத்த அவர்கள் தவறவே இல்லை.,fake,facebook/mms-tts-tam,synthetic_tts,clean
data/fake/tamil\fake_tam_0827.wav,Tamil,வாழ்வில் இணையமுடியாத நாங்கள் சாவில் சங்கமம் ஆகிறோம் என்று கடற்கரை அலைகளுக்கு வேலை கொடுப்பவர்களும் உண்டு.,fake,facebook/mms-tts-tam,synthetic_tts,clean
data/fake/tamil\fake_tam_0828.wav,Tamil,ஆருணியின் மரணத்திற்குப்பின் மிகக் குறுகிய நேரத்துப் போரிலேயே வெற்றி உதயணனை வந்தடைந்துவிட்டது.,fake,facebook/mms-tts-tam,synthetic_tts,clean
data/fake/tamil\fake_tam_0829.wav,Tamil,"அது மிகவும் குளிர்ச்சி அடைந்து மட்டும் தான் வந்து, பனியும் விழுந்தது, அதனால், அவர்கள் வெளியேற வேண்டியிருந்தது.",fake,facebook/mms-tts-tam,synthetic_tts,clean
data/fake/tamil\fake_tam_0830.wav,Tamil,டால்ஸ்டாய் உலகப் பெரும் எழுத்தாளர்களின் வரிசையில் தலையாயவர் என்று பிற நாட்டுப் பேரறிஞர்கள் பாராட்டி மகிழ்ந்தார்கள்.,fake,facebook/mms-tts-tam,synthetic_tts,clean
data/fake/tamil\fake_tam_0831.wav,Tamil,"நெருப்பைப் போட்டுக் கொளுத்தி, வண்டுகளைக் கொலை செய்து தேனை எடுத்துக் குடித்திருப்பார்கள்.",fake,facebook/mms-tts-tam,synthetic_tts,clean
data/fake/tamil\fake_tam_0832.wav,Tamil,"சரி, கண்ணாடி உடைந்திருக்கும், பிரேமாவது மிஞ்சட்டும் என்று ஆள் அனுப்பி உருண்ட கண்ணாடியைத் தேடி எடுத்துவரச் சொன்னேன்.",fake,facebook/mms-tts-tam,synthetic_tts,clean
data/fake/tamil\fake_tam_0833.wav,Tamil,பெரிய கோடீஸ்வரனின் ஒரே பிள்ளை.,fake,facebook/mms-tts-tam,synthetic_tts,clean
data/fake/tamil\fake_tam_0834.wav,Tamil,அதற்காக அவள் முன்னூறு முத்தங்களை கடிதம் மூலம் அனுப்பி வைத்தாள்.,fake,facebook/mms-tts-tam,synthetic_tts,clean
data/fake/tamil\fake_tam_0835.wav,Tamil,அது எல்லோர்க்கும் சாத்தியப்படாது என்பதை அம்மையார் வற்புறுத்தி வாதித்தார்.,fake,facebook/mms-tts-tam,synthetic_tts,clean
data/fake/tamil\fake_tam_0836.wav,Tamil,"இருதயமாகிய குகையில் இருக்கிற குகனை, கற்கிமுகி என்னும் பூதம் தம்மை அடைத்து வைத்திருக்கிற குகையிலிருந்து வெளி வருவதற்காக நினைத்தார்.",fake,facebook/mms-tts-tam,synthetic_tts,clean
data/fake/tamil\fake_tam_0837.wav,Tamil,ப்ரெளனிங் என்னும் கவிஞர் எழுபது வயதிலும் கூட வெகுதூரம் நடப்பாராம்.,fake,facebook/mms-tts-tam,synthetic_tts,clean
data/fake/tamil\fake_tam_0838.wav,Tamil,தொடக்கம் துரியனுக்கு உற்சாகத்தைத் தந்தது.,fake,facebook/mms-tts-tam,synthetic_tts,clean
data/fake/tamil\fake_tam_0839.wav,Tamil,போர் ஏற்படும் போது பேரரசர்களெல்லாம் இவன் துணையை நாடினர்.,fake,facebook/mms-tts-tam,synthetic_tts,clean
data/fake/tamil\fake_tam_0840.wav,Tamil,என் விருப்பப்படி சுருட்டுக் குடிக்க எனக்கு உரிமை உண்டு என்று அவன் பேசுகிறான்.,fake,facebook/mms-tts-tam,synthetic_tts,clean
data/fake/tamil\fake_tam_0841.wav,Tamil,"பின்னர் அவரே கருடனாக, கருடன் மேல் ஆரோ கணித்து வரும் பெருமானாக எல்லாம் மாறி விட்டார்.",fake,facebook/mms-tts-tam,synthetic_tts,clean
data/fake/tamil\fake_tam_0842.wav,Tamil,அந்த நகர சட்டமன்ற உறுப்பினர்கள் கலீலியோ கண்டுபிடித்தக் கருவிகளைக் கண்டு பாராட்டினார்கள்.,fake,facebook/mms-tts-tam,synthetic_tts,clean
data/fake/tamil\fake_tam_0843.wav,Tamil,எனது நண்பராகிய இந்த ஆர்தர் டேவிஸ் என்பவரைப் பற்றி இங்குச் சில வார்த்தைகள் எழுத விரும்புகிறேன்.,fake,facebook/mms-tts-tam,synthetic_tts,clean
data/fake/tamil\fake_tam_0844.wav,Tamil,"வியாக்யான மண்டபம், வியாகர்ண மண்டபம், சரஸ்வதி மண்டபங்கள் முதலியன கோயில்களுக்கு உள்ளேயே நிர்மாணிக்கப் பட்டிருக்கின்றன.",fake,facebook/mms-tts-tam,synthetic_tts,clean
data/fake/tamil\fake_tam_0845.wav,Tamil,என்ற விபரத்தையாவவது என்னை அழைத்துக் கேட்டிருக்கலாம்.,fake,facebook/mms-tts-tam,synthetic_tts,clean
data/fake/tamil\fake_tam_0846.wav,Tamil,திராவிடப் பொதுப் பழமொழிகள்.,fake,facebook/mms-tts-tam,synthetic_tts,clean
data/fake/tamil\fake_tam_0847.wav,Tamil,"அதனைப்போல, உலகின் தன்மைகளை எதிர் எதிராகப் பிரித்துப் பார்த்ததும் அதே மேனாட்டுத் தத்துவம்தான்!",fake,facebook/mms-tts-tam,synthetic_tts,clean
data/fake/tamil\fake_tam_0848.wav,Tamil,இது உன் விளையாட்டு ஆகாதோ?,fake,facebook/mms-tts-tam,synthetic_tts,clean
data/fake/tamil\fake_tam_0849.wav,Tamil,சாப்பாட்டு விடுதிகளிலுள்ள வேலைக்காரர்களுக்கெல்லாம் சர்க்கார் லஞ்சம் கொடுத்துத் தொண்டர்கள் வந்தால் தகவல் கொடுக்கும்படி ஏற்பாடு செய்தனர்.,fake,facebook/mms-tts-tam,synthetic_tts,clean
data/fake/tamil\fake_tam_0850.wav,Tamil,ஆனால் சுந்தரம் அதற்கு விடவில்லை.,fake,facebook/mms-tts-tam,synthetic_tts,clean
data/fake/tamil\fake_tam_0851.wav,Tamil,ஈட்டி கொண்டு இவர்கள் விலங்குகளை வேட்டை யாடுவர்.,fake,facebook/mms-tts-tam,synthetic_tts,clean
data/fake/tamil\fake_tam_0852.wav,Tamil,இருவரும் விளையாட்டும் சிரிப்புமாக வெகுநேரம் ஏதேதோ பேசிக் கொண்டிருந்தனர்.,fake,facebook/mms-tts-tam,synthetic_tts,clean
data/fake/tamil\fake_tam_0853.wav,Tamil,சில சமயம் பிரகாசமான கண்களுடன் கூந்தல் கற்றை ஆடி அசைந்துவரப் புன்சிரிப்புடன் துள்ளி ஓடிவரும் யாஸ்மியின் அழகுருவம் தோன்றும்.,fake,facebook/mms-tts-tam,synthetic_tts,clean
data/fake/tamil\fake_tam_0854.wav,Tamil,கவுந்தி அடிகள் சந்திப்பு அவர்களுக்குப் பேச்சுத்துணை தேவைப்பட்டது.,fake,facebook/mms-tts-tam,synthetic_tts,clean
data/fake/tamil\fake_tam_0855.wav,Tamil,வாழையடி வாழை முறை யென்பர்.,fake,facebook/mms-tts-tam,synthetic_tts,clean
data/fake/tamil\fake_tam_0856.wav,Tamil,மர இனமான தாவரங்கட்கும் பல உணர்வுகள் உண்டு.,fake,facebook/mms-tts-tam,synthetic_tts,clean
data/fake/tamil\fake_tam_0857.wav,Tamil,அவர்கள் தங்கள் உயிரைப் பாதுகாத்துக் கொள்வதற்காகச் சுட ஆரம்பித்தார்கள்.,fake,facebook/mms-tts-tam,synthetic_tts,clean
data/fake/tamil\fake_tam_0858.wav,Tamil,அறிவியல் புலத்தின் வாயிலாக அறிவியல் நூல்கள் கொண்டு வரவேண்டும்.,fake,facebook/mms-tts-tam,synthetic_tts,clean
data/fake/tamil\fake_tam_0859.wav,Tamil,அதாவது பட்டதாரியே இல்லாத குடும்பத்தினைச் சார்ந்தவருக்கு ஐந்து மதிப்பெண் கூட்டுவது என்ற திட்டம்தான் அது.,fake,facebook/mms-tts-tam,synthetic_tts,clean
data/fake/tamil\fake_tam_0860.wav,Tamil,இன்றைய நிலையில் தெளிவான பொருளாதாரப் பிரச்சனைகள் சிலவற்றைச் சந்திக்க வேண்டியுள்ளன.,fake,facebook/mms-tts-tam,synthetic_tts,clean
data/fake/tamil\fake_tam_0861.wav,Tamil,"நிமிர்ந்து நின்ற பிறகு நன்கு மூச்சை இழுத்துக் கொண்டு, பின்னால் வளைய வேண்டும்.",fake,facebook/mms-tts-tam,synthetic_tts,clean
data/fake/tamil\fake_tam_0862.wav,Tamil,தமிழ்நாட்டின் மாநில விலங்கு வரையாடு,fake,facebook/mms-tts-tam,synthetic_tts,clean
data/fake/tamil\fake_tam_0863.wav,Tamil,இவரே சிவ கணங்களுக்கு எல்லாம் தலைவரான அதிகார நந்திதேவர்.,fake,facebook/mms-tts-tam,synthetic_tts,clean
data/fake/tamil\fake_tam_0864.wav,Tamil,"அங்குப் பேச, யாருடைய அனுமதியும் தேவையில்லை.",fake,facebook/mms-tts-tam,synthetic_tts,clean
data/fake/tamil\fake_tam_0865.wav,Tamil,இருண்ட வீட்டில் இருளும் குழந்தையும்,fake,facebook/mms-tts-tam,synthetic_tts,clean
data/fake/tamil\fake_tam_0866.wav,Tamil,"அன்று முதல் யாஸ்மிக்கு, இப்ராஹீம் மகனைத் தவிர வேறு நினைவேயில்லை!",fake,facebook/mms-tts-tam,synthetic_tts,clean
data/fake/tamil\fake_tam_0867.wav,Tamil,"அந்நகரம் அண்மை வரலாற்றில் சிறந்த இடம் பெற்றது, அது கருங்கடல் கரையில் உள்ள அழகிய நகரம்.",fake,facebook/mms-tts-tam,synthetic_tts,clean
data/fake/tamil\fake_tam_0868.wav,Tamil,"ஆனால், ஏற்றுக்கொள்ள இயலாது.",fake,facebook/mms-tts-tam,synthetic_tts,clean
data/fake/tamil\fake_tam_0869.wav,Tamil,இரண்டு பேரும் சரியான ஜோடி,fake,facebook/mms-tts-tam,synthetic_tts,clean
data/fake/tamil\fake_tam_0870.wav,Tamil,மெய்வேல் பறியா நகும்!,fake,facebook/mms-tts-tam,synthetic_tts,clean
data/fake/tamil\fake_tam_0871.wav,Tamil,"பகைத்துப் படைகொண்டு புகும் பகையரசனும், பகைவர்காள்!",fake,facebook/mms-tts-tam,synthetic_tts,clean
data/fake/tamil\fake_tam_0872.wav,Tamil,முனிவரும் அவருடைய தேவியும் இலாவாண மலையில் தங்கள் ஆசிரமத்திலேயே தங்கிவிட்டனர்.,fake,facebook/mms-tts-tam,synthetic_tts,clean
data/fake/tamil\fake_tam_0873.wav,Tamil,அவர் உயர்நிலைப் பள்ளிப் படிப்பை எங்கு படித்தேன் என்பது நினைவில் இல்லை என்று Earl இடம் கூறுகிறார்.,fake,facebook/mms-tts-tam,synthetic_tts,clean
data/fake/tamil\fake_tam_0874.wav,Tamil,முழு நீளக் கால்சட்டை பொதுவாக ஒரு மாறுபட்ட உடையாக அணியப்பட்டது.,fake,facebook/mms-tts-tam,synthetic_tts,clean
data/fake/tamil\fake_tam_0875.wav,Tamil,"ஜெர்மன் வேலைக்காரனான தியோடார் ரஸ்ஸெல் என்பவரும், நோவ்னா என்ற வேலைக்காரியும் குழந்தை டால்ஸ்டாயை வளர்க்கும் பொறுப்பை ஏற்றார்கள்.",fake,facebook/mms-tts-tam,synthetic_tts,clean
data/fake/tamil\fake_tam_0876.wav,Tamil,சிங்கத்தைப் போலவே வேட்டை நாய்க்கும் கோரமான பற்கள் இருக்கின்றன கூர்மையான நகங்கள் இருக்கின்றன.,fake,facebook/mms-tts-tam,synthetic_tts,clean
data/fake/tamil\fake_tam_0877.wav,Tamil,"அவர்களிடம் பல கோட்டைகள் இருந்ததால், முஸ்லிம்களுக்கு அவர்களைப் பற்றிய பயம் இருந்தது.",fake,facebook/mms-tts-tam,synthetic_tts,clean
data/fake/tamil\fake_tam_0878.wav,Tamil,சிறுவன் நீல நிற சட்டையும் சிறுமி கருப்பு ஆடையும் அணிந்திருக்கிறார்கள்.,fake,facebook/mms-tts-tam,synthetic_tts,clean
data/fake/tamil\fake_tam_0879.wav,Tamil,உடையார் இல்லாவிட்டாலும் உடையார் பொல் இருக்கிறது.,fake,facebook/mms-tts-tam,synthetic_tts,clean
data/fake/tamil\fake_tam_0880.wav,Tamil,"என்றாலும், மாதர் அங்கி நீண்டும், ஆண்கள் அங்கி சிறிது குறைந்தும், முழங்கால் அளவுக்குத் தொங்கக் கூடியதாகவும் இருக்கும்.",fake,facebook/mms-tts-tam,synthetic_tts,clean
data/fake/tamil\fake_tam_0881.wav,Tamil,விரைவில் ஒரு மங்கலத் திருநாளில் நரவாணன் மதன மஞ்சிகை ஆகிய இருவர் மனோரதமும் நிறைவேறியது.,fake,facebook/mms-tts-tam,synthetic_tts,clean
data/fake/tamil\fake_tam_0882.wav,Tamil,வெளியிலிருந்து ஸ்டேஷனைப் பார்த்து ஒரு மோட்டார் கார் வந்து கொண்டிருந்தது.,fake,facebook/mms-tts-tam,synthetic_tts,clean
data/fake/tamil\fake_tam_0883.wav,Tamil,இந்த அவலம் தொடர்வது நல்லதல்ல விரும்பத்தக்கதும் அல்ல.,fake,facebook/mms-tts-tam,synthetic_tts,clean
data/fake/tamil\fake_tam_0884.wav,Tamil,அரசியிடம் வந்து முறையிட்டனர்.,fake,facebook/mms-tts-tam,synthetic_tts,clean
data/fake/tamil\fake_tam_0885.wav,Tamil,எல்லோரையும் திருப்திப்படுத்த முயல்கிறவன் பைத்தியக்காரனாகி விடுவான்.,fake,facebook/mms-tts-tam,synthetic_tts,clean
data/fake/tamil\fake_tam_0886.wav,Tamil,அவர்கள் முதல் ஆல்பம் வெளியான சிறிது நேரத்திலேயே கலைக்கப்பட்டனர்.,fake,facebook/mms-tts-tam,synthetic_tts,clean
data/fake/tamil\fake_tam_0887.wav,Tamil,"பரிசு கிடைக்காதபோனால், இந்த ஐந்து ரூபாயும் போய்விடுமே!",fake,facebook/mms-tts-tam,synthetic_tts,clean
data/fake/tamil\fake_tam_0888.wav,Tamil,நான்கு கொம்புகளையுடைய மான்களும் இங்கு இருக்கின்றன.,fake,facebook/mms-tts-tam,synthetic_tts,clean
data/fake/tamil\fake_tam_0889.wav,Tamil,தமிழ் திரைப்படத் துறைக்கு ஒரு வெற்றிகரமான தமிழ்ப்படம் கிடைக்கும்.,fake,facebook/mms-tts-tam,synthetic_tts,clean
data/fake/tamil\fake_tam_0890.wav,Tamil,ஆனால் அந்தச் சுட்டிப் பயல்கள் பூனையைக் கொல்லும் வரை நிறுத்தமாட்டார்கள் போலிருந்தது.,fake,facebook/mms-tts-tam,synthetic_tts,clean
data/fake/tamil\fake_tam_0891.wav,Tamil,அப்போது நேருஜியின் உடல் நலம் கெட்டது பற்றி யாரோ பேசிக்கொண்டு போனது உமைபாலனின் செவிகளில் விழுந்தது.,fake,facebook/mms-tts-tam,synthetic_tts,clean
data/fake/tamil\fake_tam_0892.wav,Tamil,வீகர்ணனும் துன்முகன் முதலிய தம்பியரும் மான் வேட்டை என அபிமன்யுவை நெருக்கினர்.,fake,facebook/mms-tts-tam,synthetic_tts,clean
data/fake/tamil\fake_tam_0893.wav,Tamil,ஏழரை மணிக்கெல்லாம் சாப்பாடு தயாராகி இலை போட்டிருந்தார்கள்.,fake,facebook/mms-tts-tam,synthetic_tts,clean
data/fake/tamil\fake_tam_0894.wav,Tamil,அப்போது குரவைக்குரிய பாடலைப் பாடுகிறார்கள்.,fake,facebook/mms-tts-tam,synthetic_tts,clean
data/fake/tamil\fake_tam_0895.wav,Tamil,எண்ணிய ஒரு குடிக்கு ஒரு மின்னிய குடி.,fake,facebook/mms-tts-tam,synthetic_tts,clean
data/fake/tamil\fake_tam_0896.wav,Tamil,"அவர் இரண்டு முறை தூதரகப் பொறுப்பு வகித்தார், மற்றும் அவர் எதிர்காலச் சக்கரவர்த்தி நீரோவின் மாற்றாந்தந்தை ஆவார்.",fake,facebook/mms-tts-tam,synthetic_tts,clean
data/fake/tamil\fake_tam_0897.wav,Tamil,"அப்பணியையும் செவ்வனே செய்து, ஆங்கில ஆட்சியில் இருந்த ஐ.ஏ.ஏஸ் கலெக்டர்களெல்லாம் மெச்சும்படி வேலை செய்திருக்கிறார்.",fake,facebook/mms-tts-tam,synthetic_tts,clean
data/fake/tamil\fake_tam_0898.wav,Tamil,ஆனாலும் வஞ்சனை இருக்கும்.,fake,facebook/mms-tts-tam,synthetic_tts,clean
data/fake/tamil\fake_tam_0899.wav,Tamil,ஆளைச் சுற்றிப் பாராமல் அளக்கிறதா?,fake,facebook/mms-tts-tam,synthetic_tts,clean
data/fake/tamil\fake_tam_0900.wav,Tamil,அந்தச் சிற்பி எத்தனையோ நூற்றாண்டுகளுக்கு அப்பால் இருந்து கொண்டு நம்மோடு பேசுகிறான்.,fake,facebook/mms-tts-tam,synthetic_tts,clean
data/fake/tamil\fake_tam_0901.wav,Tamil,கவலைப்படாமல் நீங்க போங்க ஊருக்கு... அவன் மனம் சட்டென மாறிவிடும்.,fake,facebook/mms-tts-tam,synthetic_tts,clean
data/fake/tamil\fake_tam_0902.wav,Tamil,இதை விமரிசனம் செய்யும் உரிமை எனக்கு இல்லை வாசகர்க்கே உண்டு.,fake,facebook/mms-tts-tam,synthetic_tts,clean
data/fake/tamil\fake_tam_0903.wav,Tamil,தன்னுடைய பெருமையை அவர்கள் அறியும்படி சொல்லிவிட்ட மகிழ்ச்சியிலே அவன் இருந்தான்.,fake,facebook/mms-tts-tam,synthetic_tts,clean
data/fake/tamil\fake_tam_0904.wav,Tamil,ஆலன் நிகழ்ச்சியின் உணவு மற்றும் ஒயின் நிபுணராக இருந்தார்.,fake,facebook/mms-tts-tam,synthetic_tts,clean
data/fake/tamil\fake_tam_0905.wav,Tamil,எல்லைக்கண் நின்றார் துறவார் தொலை விடத்தும் தொல்லைக்கண் நின்றார் தொடர்பு ஆலோசனைக் குழுவில் பொறுப்பையும் கொடுத்துள்ளார்.,fake,facebook/mms-tts-tam,synthetic_tts,clean
data/fake/tamil\fake_tam_0906.wav,Tamil,"மதப்பிரசாரகர்கள், மதம்பிடித்துப் போய் அலைகின்றனர்!",fake,facebook/mms-tts-tam,synthetic_tts,clean
data/fake/tamil\fake_tam_0907.wav,Tamil,அனைத்துலக அலகுகள் என்றால் என்ன?,fake,facebook/mms-tts-tam,synthetic_tts,clean
data/fake/tamil\fake_tam_0908.wav,Tamil,திடீரென்று பெரிய மலை எப்படி உண்டாயிற்று?,fake,facebook/mms-tts-tam,synthetic_tts,clean
data/fake/tamil\fake_tam_0909.wav,Tamil,ஏர்க்காட்டில் தோட்ட முதலாளிகளாக விளங்கிய ஆங்கிலோ இந்தியர்களின் குழந்தைகளுக்கு மேலைநாட்டு முறையில் ஒரு கல்விக்கூடம் தேவைப்பட்டது.,fake,facebook/mms-tts-tam,synthetic_tts,clean
data/fake/tamil\fake_tam_0910.wav,Tamil,உன் அறிவு விசாலமடையவில்லை.,fake,facebook/mms-tts-tam,synthetic_tts,clean
data/fake/tamil\fake_tam_0911.wav,Tamil,மின்னோட்டத்தை நுட்பமாக அளக்கும் ஆடி மின்னோட்டமானியில் பயன்படுகிறது.,fake,facebook/mms-tts-tam,synthetic_tts,clean
data/fake/tamil\fake_tam_0912.wav,Tamil,அம்ரு திடீரென்று சாய்ந்து விட்டார்.,fake,facebook/mms-tts-tam,synthetic_tts,clean
data/fake/tamil\fake_tam_0913.wav,Tamil,இன்று இலங்கை அரசுடன் நட்புறவுடன் வாழ்ந்து வருகின்றனர்.,fake,facebook/mms-tts-tam,synthetic_tts,clean
data/fake/tamil\fake_tam_0914.wav,Tamil,"நாள் முழுவதும் கண் மூடி, வாய் மூடிக் கிடந்த அவன் சற்று நினைவு வந்து, வாய் திறந்து, இவ்வளவு.",fake,facebook/mms-tts-tam,synthetic_tts,clean
data/fake/tamil\fake_tam_0915.wav,Tamil,கல்லை நிறுவிக் கடவுள் ஆக்கிக் கோயில் தெய்வமாகக் கண்ணகியை நிறுத்தினான்.,fake,facebook/mms-tts-tam,synthetic_tts,clean
data/fake/tamil\fake_tam_0916.wav,Tamil,இறைவன் தன் திருவிடியில் வந்து வீழ்ந்த வாணனை மிருதங்க வித்து வானாக வைத்துக் கொண்டான்.,fake,facebook/mms-tts-tam,synthetic_tts,clean
data/fake/tamil\fake_tam_0917.wav,Tamil,"தொல்காப்பியம் ஓர் இலக்கண நூல் மட்டுமன்று, வாழ்வியல் நூலும் ஆகும்.",fake,facebook/mms-tts-tam,synthetic_tts,clean
data/fake/tamil\fake_tam_0918.wav,Tamil,ஒன்றின்றில் பிறிதொன்று இல்லை.,fake,facebook/mms-tts-tam,synthetic_tts,clean
data/fake/tamil\fake_tam_0919.wav,Tamil,ஆடு பயிர் காட்டும் ஆவாரை நெல் காட்டும்.,fake,facebook/mms-tts-tam,synthetic_tts,clean
data/fake/tamil\fake_tam_0920.wav,Tamil,ஒரு சமயம் ஆடுமாடுகளைக் கூட மேய்த்துக் கூலி பெற்றார்!,fake,facebook/mms-tts-tam,synthetic_tts,clean
data/fake/tamil\fake_tam_0921.wav,Tamil,திடீரென்று பதினைந்து ஆகிறது வயசில் சின்னம்மாவுக்கும் சாஸ்திரிகளுக்குமே தகராறு.,fake,facebook/mms-tts-tam,synthetic_tts,clean
data/fake/tamil\fake_tam_0922.wav,Tamil,இன்று ஏது நாணம்?,fake,facebook/mms-tts-tam,synthetic_tts,clean
data/fake/tamil\fake_tam_0923.wav,Tamil,கன்றுக் குடுமிக்கும் கோ கிருதாவுக்கும் அவருக்கு வித்தியாசம் தெரியாது.,fake,facebook/mms-tts-tam,synthetic_tts,clean
data/fake/tamil\fake_tam_0924.wav,Tamil,இந்தச் சூழ்நிலையில் பொறையுடைமைப் பண்டை ஏற்க முடியுமா?,fake,facebook/mms-tts-tam,synthetic_tts,clean
data/fake/tamil\fake_tam_0925.wav,Tamil,"நிழலின் மறைவைக் கொண்டு, அதற்குக் காரணமான பொருளே அழிந்து விட்டதாக எண்ணுவது தவறு.",fake,facebook/mms-tts-tam,synthetic_tts,clean
data/fake/tamil\fake_tam_0926.wav,Tamil,ஒரு பெண்ணைக் குழந்தையாக இருக்கும்போது அவளுடைய தந்தையும் இளையவளாக இருக்கும்போது கணவனும் முதுமையில் மைந்தர்களும் தம் காவலில் இருத்துகிறார்கள்.,fake,facebook/mms-tts-tam,synthetic_tts,clean
data/fake/tamil\fake_tam_0927.wav,Tamil,சிப் ஹில்டன் ஹாக்கி மற்றும் கால்பந்து தவிர அனைத்து முக்கிய விளையாட்டுகளிலும் சிறந்து விளங்குகிறார்.,fake,facebook/mms-tts-tam,synthetic_tts,clean
data/fake/tamil\fake_tam_0928.wav,Tamil,நம் நாட்டில் வீடுகளும் சித்திரம் தீட்டப்பெற்றனவாகச் சிறந்து விளங்கின.,fake,facebook/mms-tts-tam,synthetic_tts,clean
data/fake/tamil\fake_tam_0929.wav,Tamil,கணைக்கால் இரும்பொறை பேராண்மை மிக்கவன்.,fake,facebook/mms-tts-tam,synthetic_tts,clean
data/fake/tamil\fake_tam_0930.wav,Tamil,குறிப்பிட்ட நாள்கள் கழித்து அவள் வெளிப்படுவாள்.,fake,facebook/mms-tts-tam,synthetic_tts,clean
data/fake/tamil\fake_tam_0931.wav,Tamil,மொத்தம் தொள்ளாயிரம்  நாள்கள் முற்றுகையாம்.,fake,facebook/mms-tts-tam,synthetic_tts,clean
data/fake/tamil\fake_tam_0932.wav,Tamil,இன்று இவ்வளவு உறுதி மொழிகளை அள்ளி வீசுபவர் இதற்கு முன்பு அவருக்குக் கிடைத்த சந்தர்ப்பங்களில் என்ன செய்தார்?,fake,facebook/mms-tts-tam,synthetic_tts,clean
data/fake/tamil\fake_tam_0933.wav,Tamil,அகிலமேற் சமதர்மம் அமைப்பது சுகமா?,fake,facebook/mms-tts-tam,synthetic_tts,clean
data/fake/tamil\fake_tam_0934.wav,Tamil,"பிறகு எங்கள் படுதாக்கள், உடுப்புகள் முதலியவற்றையெல்லாம், ரெயில் மூலமாகவும், கப்பல் மூலமாகவும் கொண்டு போக ஏற்பாடு செய்ய வேண்டியதாயிற்று.",fake,facebook/mms-tts-tam,synthetic_tts,clean
data/fake/tamil\fake_tam_0935.wav,Tamil,"வீதியில் எது கிடந்தாலும், காலால் எத்திப்பார்த்து விட்டால் தான், கொஞ்சமாவது மனதில் நம்மதி இருக்கும்.",fake,facebook/mms-tts-tam,synthetic_tts,clean
data/fake/tamil\fake_tam_0936.wav,Tamil,என்ற மொழிகள் இவர்காதில் கேட்டவுடன்,fake,facebook/mms-tts-tam,synthetic_tts,clean
data/fake/tamil\fake_tam_0937.wav,Tamil,இன்று மாணவர்கள் காதல் கீழ்மைகளுக்கு உரியவராகக் காட்டப்படுகின்றனர்.,fake,facebook/mms-tts-tam,synthetic_tts,clean
data/fake/tamil\fake_tam_0938.wav,Tamil,ஐந்து நாளில் ஐதராப் பாக்கம்,fake,facebook/mms-tts-tam,synthetic_tts,clean
data/fake/tamil\fake_tam_0939.wav,Tamil,"நல்ல வேளையாக, அது கிழியும் சமயத்தில் அவர் பார்க்கவில்லை.",fake,facebook/mms-tts-tam,synthetic_tts,clean
data/fake/tamil\fake_tam_0940.wav,Tamil,"ஆகவே, காந்தப்புயல்களால் இது தாக்குறுவதில்லை.",fake,facebook/mms-tts-tam,synthetic_tts,clean
data/fake/tamil\fake_tam_0941.wav,Tamil,"இவ்வாறான, குழப்பத்தால் புதியதும், இதுகாறும் இருந்ததினும், சிறந்ததுமான ஆட்சி முறையொன்றை நிலைநாட்ட வாய்ப்பு உண்டாயிற்று.",fake,facebook/mms-tts-tam,synthetic_tts,clean
data/fake/tamil\fake_tam_0942.wav,Tamil,"அரபு, துருக்கி மொழிகளைப் படிக்க விரும்பினார்.",fake,facebook/mms-tts-tam,synthetic_tts,clean
data/fake/tamil\fake_tam_0943.wav,Tamil,மாவட்டம் ஹண்டிங்டன் கடற்கரையை மையமாகக் கொண்டுள்ளது.,fake,facebook/mms-tts-tam,synthetic_tts,clean
data/fake/tamil\fake_tam_0944.wav,Tamil,யானைகள்தான் என்று கூறிக்கொண்டே மெதுவாக ஒரு கல்லின் அடியிலே ராகி புகுந்தது.,fake,facebook/mms-tts-tam,synthetic_tts,clean
data/fake/tamil\fake_tam_0945.wav,Tamil,தவறு செய்கிறது எளிது.,fake,facebook/mms-tts-tam,synthetic_tts,clean
data/fake/tamil\fake_tam_0946.wav,Tamil,பக்கத்திலே தத்தை மனக்கோலத்தில் எழுதி வைத்த சித்திரப் பொற்பாவைபோல அமர்ந்திருந்தாள்.,fake,facebook/mms-tts-tam,synthetic_tts,clean
data/fake/tamil\fake_tam_0947.wav,Tamil,நாளுக்கு நாள் நமது நிலை மோசமாகிக்கொண்டிருக்கிறது.,fake,facebook/mms-tts-tam,synthetic_tts,clean
data/fake/tamil\fake_tam_0948.wav,Tamil,"பிரும்மா, விஷ்ணு, சிவன் எல்லோருமே லிங்கத் திருவுருவிலே தனித் தனி கோயிலில் இருப்பார்கள்.",fake,facebook/mms-tts-tam,synthetic_tts,clean
data/fake/tamil\fake_tam_0949.wav,Tamil,அன்பகத்து இல்லா உயிர்வாழ்க்கை வன்பாற்கண் வற்றல் மரம்தளிர்த் தற்று.,fake,facebook/mms-tts-tam,synthetic_tts,clean
data/fake/tamil\fake_tam_0950.wav,Tamil,மாற்று மேம்பாட்டு மாதிரிகளைப் பயன்படுத்தி சுற்றுச்சூழல் அழிவு மற்றும் கிரீன்ஹவுஸ் விளைவை முடிவுக்குக் கொண்டுவர நடவடிக்கை எடுக்கவும்.,fake,facebook/mms-tts-tam,synthetic_tts,clean
data/fake/tamil\fake_tam_0951.wav,Tamil,அவர் மன அழுத்தத்தால் பாதிக்கப்பட்டுள்ளதாக அவரது தாயார் கூறினார்.,fake,facebook/mms-tts-tam,synthetic_tts,clean
data/fake/tamil\fake_tam_0952.wav,Tamil,வடமொழியில் பலசுருதி என்று சொல்வார்கள்.,fake,facebook/mms-tts-tam,synthetic_tts,clean
data/fake/tamil\fake_tam_0953.wav,Tamil,வேலை இல்லாத் திண்டாட்டம்.,fake,facebook/mms-tts-tam,synthetic_tts,clean
data/fake/tamil\fake_tam_0954.wav,Tamil,ஓ'டெல் முழங்கால் குருத்தெலும்பு கிழிந்ததால் அவதிப்பட்டார்.,fake,facebook/mms-tts-tam,synthetic_tts,clean
data/fake/tamil\fake_tam_0955.wav,Tamil,கணைக்கால் இரும்பொறை பழகுதற்கினிய பண்புடையவன்.,fake,facebook/mms-tts-tam,synthetic_tts,clean
data/fake/tamil\fake_tam_0956.wav,Tamil,பழைய பெய்லி நீதிபதி பீட்டர் பியூமண்ட் தண்டனை வழங்கினார்.,fake,facebook/mms-tts-tam,synthetic_tts,clean
data/fake/tamil\fake_tam_0957.wav,Tamil,வீட்டுத் தலைவி தொழிலுக்குச் சென்றால் வீட்டில் இருந்து குழந்தைகளைக் கவனிக்கவும் ஒரு சிலர் உதவுகின்றனர்.,fake,facebook/mms-tts-tam,synthetic_tts,clean
data/fake/tamil\fake_tam_0958.wav,Tamil,இது நீர் வீழ்ச்சியின் உச்சிக்கருகில் அமைந்துள்ளது.,fake,facebook/mms-tts-tam,synthetic_tts,clean
data/fake/tamil\fake_tam_0959.wav,Tamil,இந்த நிலையில் உடம்புக்கு ஆகாதே என்று சொல்லை மாற்றினாள்.,fake,facebook/mms-tts-tam,synthetic_tts,clean
data/fake/tamil\fake_tam_0960.wav,Tamil,புலனாய்வுக்கும் கடலாராய்ச்சிக்கும் பயன்படுபவை.,fake,facebook/mms-tts-tam,synthetic_tts,clean
data/fake/tamil\fake_tam_0961.wav,Tamil,அவர்கள் குறைக்காற்று முன் இலவம் பஞ்சு ஆயினர்.,fake,facebook/mms-tts-tam,synthetic_tts,clean
data/fake/tamil\fake_tam_0962.wav,Tamil,இரண்டு ஜன்னல்களின் அருகில் நேர் எதிராக இரண்டு பெஞ்சுகளில் உட்கார்ந்தோம்.,fake,facebook/mms-tts-tam,synthetic_tts,clean
data/fake/tamil\fake_tam_0963.wav,Tamil,"அரை நிஜார் அணிந்தபடி, அப்பாவின் கடிதத்தோடு போலீஸ் நிலையத்துக்கு ஒடினேன்.",fake,facebook/mms-tts-tam,synthetic_tts,clean
data/fake/tamil\fake_tam_0964.wav,Tamil,அதற்கு நமது வாழ்க்கையைச் சிரஞ்சீவியாக்குவது எது என்பதை நாம் உணர வேண்டும்.,fake,facebook/mms-tts-tam,synthetic_tts,clean
data/fake/tamil\fake_tam_0965.wav,Tamil,அதில் முதல் பக்கத்தில் கொட்டை எழுத்தில் அஞ்சலிக்கு அது இருக்கா?,fake,facebook/mms-tts-tam,synthetic_tts,clean
data/fake/tamil\fake_tam_0966.wav,Tamil,அந்த ஒரு மாதமும் அதிகாரிகள் என்னைக் கண்காணித்தார்கள்.,fake,facebook/mms-tts-tam,synthetic_tts,clean
data/fake/tamil\fake_tam_0967.wav,Tamil,"அவர் மதுரைக்குப் போயிராவிட்டால், இந்தச் சபையில் நடிப்பதைப்பற்றிக் கனவிலும் நினைத்திருக்க மாட்டேன்.",fake,facebook/mms-tts-tam,synthetic_tts,clean
data/fake/tamil\fake_tam_0968.wav,Tamil,அப்பொழுது திடீரென்று பகைவரின் குண்டொன்று தான்பிரீனுடைய இடதுகாலில் பாய்ந்தது.,fake,facebook/mms-tts-tam,synthetic_tts,clean
data/fake/tamil\fake_tam_0969.wav,Tamil,"காவல்துறையின் எதிர்பார்ப்புகளுக்கு மாறாக, எந்தவிதமான கலவரமும் நடக்கவில்லை.",fake,facebook/mms-tts-tam,synthetic_tts,clean
data/fake/tamil\fake_tam_0970.wav,Tamil,அவ்வளவுதான் அவள் ஒரே சத்தம் போட ஆரம்பித்துவிட்டாள்.,fake,facebook/mms-tts-tam,synthetic_tts,clean
data/fake/tamil\fake_tam_0971.wav,Tamil,ஆர் வாழ்வு ஆருக்கு நின்றது?,fake,facebook/mms-tts-tam,synthetic_tts,clean
data/fake/tamil\fake_tam_0972.wav,Tamil,பரிசல் ஆற்று வெள்ளத்தோடே கரை ஓரமாக மெதுவாக மிதந்து செல்லலாயிற்று.,fake,facebook/mms-tts-tam,synthetic_tts,clean
data/fake/tamil\fake_tam_0973.wav,Tamil,அது தான் மரணம்.,fake,facebook/mms-tts-tam,synthetic_tts,clean
data/fake/tamil\fake_tam_0974.wav,Tamil,திப்பெரரியிலிருந்து சில ஒற்றர்கள் டப்ளினுக்கு வரவழைக்கப்பட்டிருந்தார்கள்.,fake,facebook/mms-tts-tam,synthetic_tts,clean
data/fake/tamil\fake_tam_0975.wav,Tamil,அவனுக்கு அப்போழுது வயது இருபது.,fake,facebook/mms-tts-tam,synthetic_tts,clean
data/fake/tamil\fake_tam_0976.wav,Tamil,அவர்களுக்குப் பொழுது போகாத நேரத்தில் ஆண்கள் இல்லாமல் குழந்தை பெற முடியுமா?,fake,facebook/mms-tts-tam,synthetic_tts,clean
data/fake/tamil\fake_tam_0977.wav,Tamil,நானும் காரில் புறப்பட்டு சைதாப்பேட்டை தாண்டியதும் ஓ வென்று வாய்விட்டுக்கதறி அழுதேன்.,fake,facebook/mms-tts-tam,synthetic_tts,clean
data/fake/tamil\fake_tam_0978.wav,Tamil,அரசாங்கம் முழுப்பொறுப்பேற்று மக்களின் நல்வாழ்வுக்குக் காப்பு அளிக்கிறது.,fake,facebook/mms-tts-tam,synthetic_tts,clean
data/fake/tamil\fake_tam_0979.wav,Tamil,"எனது நண்பர், பொய்சொல் என்று ஒருவனைக் கேட்டால் பொய் சொல்லிவிடுவானா? இது அவ்வளவு ஒழுங்காகவில்லை.",fake,facebook/mms-tts-tam,synthetic_tts,clean
data/fake/tamil\fake_tam_0980.wav,Tamil,துவர்த்துப் போன கரும்பை நாக்கு விரும்புமா?,fake,facebook/mms-tts-tam,synthetic_tts,clean
data/fake/tamil\fake_tam_0981.wav,Tamil,அந்த அசுரர்களிடமிருந்து காக்க இந்திரன் காவல் பூதத்தை அனுப்பிவைத்தான்.,fake,facebook/mms-tts-tam,synthetic_tts,clean
data/fake/tamil\fake_tam_0982.wav,Tamil,இருவர் அறியாமையும் உந்தி நிற்கும் ஆவலின் தாக்குதலை அந்த மெல்லிய பட்டுத்திரை எவ்வளவு நேரந்தான் தாங்கும்?,fake,facebook/mms-tts-tam,synthetic_tts,clean
data/fake/tamil\fake_tam_0983.wav,Tamil,நமது தலைமுறையில் அகலுமா என்பதே இன்றுள்ள பிரச்சனை.,fake,facebook/mms-tts-tam,synthetic_tts,clean
data/fake/tamil\fake_tam_0984.wav,Tamil,உதயணனின் அனுமதி பெற்றுத் தன் மனைவியைக் கோசாம்பியிலேயே விட்டுவிட்டுத் தான் மட்டும் உஞ்சை நகருக்குச் சென்றான் யூகி.,fake,facebook/mms-tts-tam,synthetic_tts,clean
data/fake/tamil\fake_tam_0985.wav,Tamil,பேச்சு மூச்சில்லாமல் அவனைக் கட்டிப் பிடித்துக்கொண்டு கிடந்தாள்.,fake,facebook/mms-tts-tam,synthetic_tts,clean
data/fake/tamil\fake_tam_0986.wav,Tamil,காலம்மாறும் இன்று நாம் செய்ததைக் கண்டிப்பவர்கள் நாளை உண்மையை அறிந்து நம்மைப் போற்றிப் பின்பற்றுவார்கள்.,fake,facebook/mms-tts-tam,synthetic_tts,clean
data/fake/tamil\fake_tam_0987.wav,Tamil,காலையிலிருந்து அவன் பட்டினியல்லவா!,fake,facebook/mms-tts-tam,synthetic_tts,clean
data/fake/tamil\fake_tam_0988.wav,Tamil,"இதோ, உன்னை விழுங்கி ஏப்பம் விடக் காத்துக் கொண்டிருக்கும் இந்தச் சிறுத்தையிடமிருந்து தப்பவும் முடியாது.",fake,facebook/mms-tts-tam,synthetic_tts,clean
data/fake/tamil\fake_tam_0989.wav,Tamil,எப்படி இதிலிருந்து விடுபடுவது? என்று சிந்தித்துக் கொண்டே நண்பர் தன்னை அறியாமல் மீண்டும் அங்கேயே வட்டமிட்டார்.,fake,facebook/mms-tts-tam,synthetic_tts,clean
data/fake/tamil\fake_tam_0990.wav,Tamil,என்னைப் பார் என் மேனி அழகைப் பார்.,fake,facebook/mms-tts-tam,synthetic_tts,clean
data/fake/tamil\fake_tam_0991.wav,Tamil,சித்தன்ன வாசலைத் தமிழ் நாட்டின் அஜந்தா என்று சொல்லலாம்.,fake,facebook/mms-tts-tam,synthetic_tts,clean
data/fake/tamil\fake_tam_0992.wav,Tamil,விசயையின் வயிற்றில் வளரும் மாணிக்கத்தைக் காக்கும் பொறுப்பினை உணர்ந்தான்.,fake,facebook/mms-tts-tam,synthetic_tts,clean
data/fake/tamil\fake_tam_0993.wav,Tamil,அதைவிட மற்றொரு சிறிய காட்சி மறக்கமுடியாமல் நிற்கிறது.,fake,facebook/mms-tts-tam,synthetic_tts,clean
data/fake/tamil\fake_tam_0994.wav,Tamil,கவலையில் மூழ்கி முதலை இழப்பானேன்?,fake,facebook/mms-tts-tam,synthetic_tts,clean
data/fake/tamil\fake_tam_0995.wav,Tamil,"சங்கரதாஸ் சுவாமிகள் அந்தநாளில் தமிழ் நாடக உலகில் சுவாமிகள் என்றாலே போதும், அது சங்கரதாஸ் சுவாமிகள் ஒருவரைத்தான் குறிக்கும்.",fake,facebook/mms-tts-tam,synthetic_tts,clean
data/fake/tamil\fake_tam_0996.wav,Tamil,அநியாயம் செய்வதெது? மதங்கள் அன்றோ?,fake,facebook/mms-tts-tam,synthetic_tts,clean
data/fake/tamil\fake_tam_0997.wav,Tamil,"சேர்வராயன் மலைமீது எத்தனையோ கண்ணைக் கவரும் இடங்களும், இயற்கை அழகு பொங்கித் ததும்பும் வண்ணப் பீட பூமிகளும் உள்ளன.",fake,facebook/mms-tts-tam,synthetic_tts,clean
data/fake/tamil\fake_tam_0998.wav,Tamil,"அழைப்பார் இல்லை ஆதலால், மீண்டும்",fake,facebook/mms-tts-tam,synthetic_tts,clean
data/fake/tamil\fake_tam_0999.wav,Tamil,நீ ஏன் இதற்காக இத்தனை கவலைப்படுகின்றாய்?,fake,facebook/mms-tts-tam,synthetic_tts,clean
data/fake/tamil\fake_tam_1000.wav,Tamil,ஞாலநிலப்பாகம் இன்றுள்ளவாறு ஐந்து கண்டங்களாகவும்,fake,facebook/mms-tts-tam,synthetic_tts,clean
data/fake/tamil\fake_tam_1001.wav,Tamil,வானம் பொய்க்காததால் தான தருமங்கள் சிறந்து ஓங்கின.,fake,facebook/mms-tts-tam,synthetic_tts,clean
data/fake/tamil\fake_tam_1002.wav,Tamil,உதயணன் செல்லும் வழியில் அவனுக்குத் துன்பம் நேராமல் சுற்றியிருந்து காப்பது அவர்கள் கடமை அல்லவா?,fake,facebook/mms-tts-tam,synthetic_tts,clean
data/fake/tamil\fake_tam_1003.wav,Tamil,கண்ணனும் அவள் உள்ளம் தன்பால் என்பது அறிந்து தேர் கொண்டு அவளை ஏற்றிக் கொண்டு சென்று விட்டான்.,fake,facebook/mms-tts-tam,synthetic_tts,clean
data/fake/tamil\fake_tam_1004.wav,Tamil,"மற்ற சமயங்களுக்கு வாய்த்திருப்பது போல, அயல் மூலதனங்கள் நமக்கு இல்லை.",fake,facebook/mms-tts-tam,synthetic_tts,clean
data/fake/tamil\fake_tam_1005.wav,Tamil,கர்னல் ஒரு கனவான் அல்லவா?,fake,facebook/mms-tts-tam,synthetic_tts,clean
data/fake/tamil\fake_tam_1006.wav,Tamil,கொடுங்கோளூர் நகரிலும் அந்தப் பெண்காணாமற் போய்விட்ட செய்தி பரபரப்பை உண்டு பண்ணியிருப்பதாக அவர்கள் தெரிவித்தார்கள்.,fake,facebook/mms-tts-tam,synthetic_tts,clean
data/fake/tamil\fake_tam_1007.wav,Tamil,துரோணனும் தருமனும் நெருங்கிப் போர் செய்தனர்.,fake,facebook/mms-tts-tam,synthetic_tts,clean
data/fake/tamil\fake_tam_1008.wav,Tamil,அதனால் அவன் கருவமும் ஓங்கியது.,fake,facebook/mms-tts-tam,synthetic_tts,clean
data/fake/tamil\fake_tam_1009.wav,Tamil,இக்குடைவரைதான் உலகம் முழுவதிலும் உள்ள மிகச் சிறந்த குடைவரை என்று கலைஞர்கள் கூறுகிறார்கள்.,fake,facebook/mms-tts-tam,synthetic_tts,clean
data/fake/tamil\fake_tam_1010.wav,Tamil,இந்தப் பயணம் எளிதானது அல்ல.,fake,facebook/mms-tts-tam,synthetic_tts,clean
data/fake/tamil\fake_tam_1011.wav,Tamil,ஆறு மாதம் வீட்டிலே ஆறு மாதம் காட்டிலே.,fake,facebook/mms-tts-tam,synthetic_tts,clean
data/fake/tamil\fake_tam_1012.wav,Tamil,இன்பமாக உண்ணலாம் வாழைக்காய் வேணுமா?,fake,facebook/mms-tts-tam,synthetic_tts,clean
data/fake/tamil\fake_tam_1013.wav,Tamil,"அப்படியானால், இப்போதே நமது திருமணம் நடை பெற்றாக வேண்டும்! சிந்தாமணி தேம்பியவாறு கூறினாள்.",fake,facebook/mms-tts-tam,synthetic_tts,clean
data/fake/tamil\fake_tam_1014.wav,Tamil,பக்தி வலையில் படுபவன் தானே பரமன்.,fake,facebook/mms-tts-tam,synthetic_tts,clean
data/fake/tamil\fake_tam_1015.wav,Tamil,அரசன் தன் பிறந்தநாளில் தன் அரண்மனையைச் சுற்றி நான்கு வீதிகளிலும் ஊர்வலம்வரப் பல்லக்கில் புறப்பட்டான்.,fake,facebook/mms-tts-tam,synthetic_tts,clean
data/fake/tamil\fake_tam_1016.wav,Tamil,தமிழகத்தை அவர் நேசித்து இருக்கிறார்.,fake,facebook/mms-tts-tam,synthetic_tts,clean
data/fake/tamil\fake_tam_1017.wav,Tamil,"இந்த இசை, அதன் காலகட்டத்தை உரக்கச் சொல்கிறது, இது இந்த அளவுக்கு ரசிக்கக்கூடியதாக இருப்பதற்குக் காரணம் அதுதான்.",fake,facebook/mms-tts-tam,synthetic_tts,clean
data/fake/tamil\fake_tam_1018.wav,Tamil,நீ மொத்தத்தில் ஒரு பூஜ்யம் ஆகிவிடுவாய் எண் சேர்ந்தால்தான் இயக்கம் அமையும் அவள் அந்த எண்ணாக இயங்குவாள்.,fake,facebook/mms-tts-tam,synthetic_tts,clean
data/fake/tamil\fake_tam_1019.wav,Tamil,ஆட லோகத்து அமுதத்தை ஈக்கள் மொய்த்துக் கொண்டது போல.,fake,facebook/mms-tts-tam,synthetic_tts,clean
data/fake/tamil\fake_tam_1020.wav,Tamil,தன் கரும்பு வில்லினை அவளுக்குப் புருவமாகப் படைத்து அந்த மன்மதன்தான் தந்துவிட்டானோ என்று வியந்தான்.,fake,facebook/mms-tts-tam,synthetic_tts,clean
data/fake/tamil\fake_tam_1021.wav,Tamil,உலவாக் கட்டுரை பலவற்றைக் கூறுகிறான்.,fake,facebook/mms-tts-tam,synthetic_tts,clean
data/fake/tamil\fake_tam_1022.wav,Tamil,கன்னி மாடத்தில் விட்டு வையுங்கள் அவளும் சுதந்திரமாக இருக்கமுடியும் என்றாள்.,fake,facebook/mms-tts-tam,synthetic_tts,clean
data/fake/tamil\fake_tam_1023.wav,Tamil,"கடவுள், மழை இவற்றிற்கு அடுத்து மதிக்கத் தக்கவர்கள் இவ்வொழுக்கத்தில் உயர்ந்த பெரியோர்கள்.",fake,facebook/mms-tts-tam,synthetic_tts,clean
data/fake/tamil\fake_tam_1024.wav,Tamil,அதைத் தாண்டியவுடன் அவர்கள் கண்ணில் முதலில் தென்பட்டது சிந்துநதிப் பிரவேசம்.,fake,facebook/mms-tts-tam,synthetic_tts,clean
data/fake/tamil\fake_tam_1025.wav,Tamil,அவளது அழகான மேனியிலிருந்து நெற்கதிராகிய பச்சைப் பசுங்கதிர்கள் வெளிவந்து பிரகாசிக்கின்றன.,fake,facebook/mms-tts-tam,synthetic_tts,clean
data/fake/tamil\fake_tam_1026.wav,Tamil,நகர மையங்களை நுகர்வோர் உணரும் மற்றும் பயன்படுத்தும் முறையும் அடிப்படையில் மாறிவிட்டது.,fake,facebook/mms-tts-tam,synthetic_tts,clean
data/fake/tamil\fake_tam_1027.wav,Tamil,அவன் மிதித்க இடம் பற்றி எரிகிறது.,fake,facebook/mms-tts-tam,synthetic_tts,clean
data/fake/tamil\fake_tam_1028.wav,Tamil,எங்கு நோக்கினும் தீஞ்சுனைகள்.,fake,facebook/mms-tts-tam,synthetic_tts,clean
data/fake/tamil\fake_tam_1029.wav,Tamil,அடுத்து யாழ்ப் பாணம் பகுதியில் வாழும் தமிழர்கள்.,fake,facebook/mms-tts-tam,synthetic_tts,clean
data/fake/tamil\fake_tam_1030.wav,Tamil,"மணம் நடைபெறுமுன் ஏற்படும் சந்திப்புகளும், கூட்டமும், பிரிவும் களவு ஒழுக்கம் எனக் கூறப்படும்.",fake,facebook/mms-tts-tam,synthetic_tts,clean
data/fake/tamil\fake_tam_1031.wav,Tamil,எனக்கு ஒரே வியப்பு!,fake,facebook/mms-tts-tam,synthetic_tts,clean
data/fake/tamil\fake_tam_1032.wav,Tamil,என்ன ஒரு சுகம்,fake,facebook/mms-tts-tam,synthetic_tts,clean
data/fake/tamil\fake_tam_1033.wav,Tamil,அந்த உறவு நாளடைவில் தேய்ந்து விடுகிறது.,fake,facebook/mms-tts-tam,synthetic_tts,clean
data/fake/tamil\fake_tam_1034.wav,Tamil,அவள் அருமை மிகுந்த இந்தத் தமிழ் மண்ணில் பிறந்தாளே என்பதற்காக!,fake,facebook/mms-tts-tam,synthetic_tts,clean
data/fake/tamil\fake_tam_1035.wav,Tamil,"அழகிலே பிறந்த பவளக்கொடி, ஆற்றிலே மிதந்த சாணிக் கூடை அழகிற்கு மூக்கை அழிப்பார் உண்டா?",fake,facebook/mms-tts-tam,synthetic_tts,clean
data/fake/tamil\fake_tam_1036.wav,Tamil,கண்ணாடி அணியாத மனிதன் தனது வெற்றுக்கண்களால் ஐயாயிரம் நட்சத்திரங்களைப் பார்க்கும் சக்தி யுட்டையவனாவான்.,fake,facebook/mms-tts-tam,synthetic_tts,clean
data/fake/tamil\fake_tam_1037.wav,Tamil,சீதாவுக்கு நீதான் கலியாணம் செய்து வைக்க வேன்டும்.,fake,facebook/mms-tts-tam,synthetic_tts,clean
data/fake/tamil\fake_tam_1038.wav,Tamil,தான்பிரீன் கதவை நோக்கிச் சென்றான்.,fake,facebook/mms-tts-tam,synthetic_tts,clean
data/fake/tamil\fake_tam_1039.wav,Tamil,இல்லிடம் இல்லார்க்கு நல்லிடம் இல்லை.,fake,facebook/mms-tts-tam,synthetic_tts,clean
data/fake/tamil\fake_tam_1040.wav,Tamil,என் மனம் துயர் கொள்ளுமாறு தவிப்புறச் செய்வது உனக்கு அழகன்று.,fake,facebook/mms-tts-tam,synthetic_tts,clean
data/fake/tamil\fake_tam_1041.wav,Tamil,அன்று போல் என்றும் அவனுடைய புகழும் பூவுலகில் நிலைத் திருக்கின்றது.,fake,facebook/mms-tts-tam,synthetic_tts,clean
data/fake/tamil\fake_tam_1042.wav,Tamil,மூவரும் காரோணரைப் பாடியிருக் கிறார்கள்.,fake,facebook/mms-tts-tam,synthetic_tts,clean
data/fake/tamil\fake_tam_1043.wav,Tamil,அந்தப் பசங்க ஒரு குரங்கை வைச்சிருந்தானுங்க.,fake,facebook/mms-tts-tam,synthetic_tts,clean
data/fake/tamil\fake_tam_1044.wav,Tamil,அந்தணத் துறவுக் கோலத்தை நீக்கிவிட்டுக் காமனும் விழையும் கண்கவர் வடிவம் கொண்டு அழகனாக அவள் முன் நின்றான்.,fake,facebook/mms-tts-tam,synthetic_tts,clean
data/fake/tamil\fake_tam_1045.wav,Tamil,"தேவையானவை, வளர்ச்சிக்குரியவை கொள்ளப்பட்டு மற்றலை எள்ளப்பட்டுப் புதிய மாற்றங்களுக்கு இடம் தருகிறோம் என்பது மறுக்க முடியாத உண்மை.",fake,facebook/mms-tts-tam,synthetic_tts,clean
data/fake/tamil\fake_tam_1046.wav,Tamil,நம்மினப் பெண்குலத்தின் - இதய,fake,facebook/mms-tts-tam,synthetic_tts,clean
data/fake/tamil\fake_tam_1047.wav,Tamil,வேறு பல ஐரிஷ் நண்பர்களும் அவனைக் கண்டு மிகுந்த உபசாரம் செய்தனர்.,fake,facebook/mms-tts-tam,synthetic_tts,clean
data/fake/tamil\fake_tam_1048.wav,Tamil,"அவர்களின் வேண்டுகோளின்படி, ஆஸிம் இப்னு தாபித் உட்பட ஆறு பேரை பெருமானார் அவர்கள் அனுப்பி வைத்தார்கள்.",fake,facebook/mms-tts-tam,synthetic_tts,clean
data/fake/tamil\fake_tam_1049.wav,Tamil,அந்நூல் இவர்கள் வாழ்வில் நல்ல திருப்பத்தினைத் தந்தது.,fake,facebook/mms-tts-tam,synthetic_tts,clean
data/fake/tamil\fake_tam_1050.wav,Tamil,தொல்லறநூல் உரைகண்ட பதின்மர் தாமும்,fake,facebook/mms-tts-tam,synthetic_tts,clean
data/fake/tamil\fake_tam_1051.wav,Tamil,ஏதேனும் ஒர் எழுத்தைத் தவறாக உச்சரித்தால் அந்த எழுத்துக்குரிய தேவதை கோபித்துக் கொள்ளும்.,fake,facebook/mms-tts-tam,synthetic_tts,clean
data/fake/tamil\fake_tam_1052.wav,Tamil,"நான் தான், ஆனால் சிறப்பாக எதுவும் எனக்குத் தெரியவில்லை.",fake,facebook/mms-tts-tam,synthetic_tts,clean
data/fake/tamil\fake_tam_1053.wav,Tamil,மற்றவர்கள் கைகொட்டிச் சிரிக்கிறார்கள்.,fake,facebook/mms-tts-tam,synthetic_tts,clean
data/fake/tamil\fake_tam_1054.wav,Tamil,என் நாய்க்குட்டி கை தவறி விட்டதை அப்புறம்தான் அறிந்துகொண்டேன்.,fake,facebook/mms-tts-tam,synthetic_tts,clean
data/fake/tamil\fake_tam_1055.wav,Tamil,நாடகக் கம்பெனிகள் இதைச் சாதாரணமாக ஆடுவதில்லை.,fake,facebook/mms-tts-tam,synthetic_tts,clean
data/fake/tamil\fake_tam_1056.wav,Tamil,என்ன உலகம் என்று அங்கலாய்த்தேன்.,fake,facebook/mms-tts-tam,synthetic_tts,clean
data/fake/tamil\fake_tam_1057.wav,Tamil,இதை வேற்றுமையில் ஒற்றுமை என்று சொல்வார்கள்.,fake,facebook/mms-tts-tam,synthetic_tts,clean
data/fake/tamil\fake_tam_1058.wav,Tamil,குலுக்கென்று சிரித்த முல்லை,fake,facebook/mms-tts-tam,synthetic_tts,clean
data/fake/tamil\fake_tam_1059.wav,Tamil,"ஒரு விசை ஒரு பொருளின் மீது செயற்படுங் காலை, அப்பொருள் அவ்விசையின் திசையில் நகருமானால் வேலை நடைபெறும்.",fake,facebook/mms-tts-tam,synthetic_tts,clean
data/fake/tamil\fake_tam_1060.wav,Tamil,"தத்தை, திரைக்குப் பின்னாலே கற்பவள் அமர வேண்டிய இருக்கையில் அமர்த்தப்பட்டாள்.",fake,facebook/mms-tts-tam,synthetic_tts,clean
data/fake/tamil\fake_tam_1061.wav,Tamil,"ஆனால் - பிஷப் அத்தகைய சகிப்புத்தன்மையும், மனிதாபிமானமும் உள்ள மனிதர்.",fake,facebook/mms-tts-tam,synthetic_tts,clean
data/fake/tamil\fake_tam_1062.wav,Tamil,அதனால் இரத்த அழுத்த நோய் ஏற்படுகிறது.,fake,facebook/mms-tts-tam,synthetic_tts,clean
data/fake/tamil\fake_tam_1063.wav,Tamil,மீதமுள்ள ரீச்ஸ்டாக் என்பவர் ஆதரவாக வாக்களித்தார்.,fake,facebook/mms-tts-tam,synthetic_tts,clean
data/fake/tamil\fake_tam_1064.wav,Tamil,"ஒரு அடிப்படை ஓட்டப்பந்தய வீரராக, அவர் சராசரி வேகத்தைப் பெற்றிருந்தார்.",fake,facebook/mms-tts-tam,synthetic_tts,clean
data/fake/tamil\fake_tam_1065.wav,Tamil,அருஞ்சுனை நீர் உண்டால் அப்பொழுதே ஜூரம்.,fake,facebook/mms-tts-tam,synthetic_tts,clean
data/fake/tamil\fake_tam_1066.wav,Tamil,என்பதைப் பற்றிச் சிந்திக்க வேண்டியவர்களாக நாம் உள்ளோம்.,fake,facebook/mms-tts-tam,synthetic_tts,clean
data/fake/tamil\fake_tam_1067.wav,Tamil,"அதே சம்யத்திலே, ஒட்டகத்தின் மேல் இருந்த மூடிய பிரம்புத் தொட்டிலிலிருந்து, ஒரு பெண் இறங்கி ஓடி வந்தாள்.",fake,facebook/mms-tts-tam,synthetic_tts,clean
data/fake/tamil\fake_tam_1068.wav,Tamil,முன்னணு முதலிய மின்னேற்றம் பெற்ற துகள்களை விரைவாக்கும் கருவியமைப்பு.,fake,facebook/mms-tts-tam,synthetic_tts,clean
data/fake/tamil\fake_tam_1069.wav,Tamil,"ஆனால், நால் ஏ கால் நாலேகால் என்பதில், இடையில் உள்ள ஏ என்பதற்குப் பொருள் உண்டு.",fake,facebook/mms-tts-tam,synthetic_tts,clean
data/fake/tamil\fake_tam_1070.wav,Tamil,அவர்கள் செல்வ நிலைக்கேற்ப மிகவும் ஆடம்பரமாகத் திருமணத்தை நடத்தினர்.,fake,facebook/mms-tts-tam,synthetic_tts,clean
data/fake/tamil\fake_tam_1071.wav,Tamil,அரபி தேசத்துப் பிரபுகளுக்குப் பெருமானார் அவர்கள் அனுப்பிய கடிதங்களுக்கும் பதில் வந்தன.,fake,facebook/mms-tts-tam,synthetic_tts,clean
data/fake/tamil\fake_tam_1072.wav,Tamil,வாழ்வின் இலட்சியமே அதன் மூலம் நிறைவேறுகிறது.,fake,facebook/mms-tts-tam,synthetic_tts,clean
data/fake/tamil\fake_tam_1073.wav,Tamil,"கிராண்ட் சல்லிவன் நடித்த ""போனி எக்ஸ்பிரஸ்"" என்ற மேற்கத்திய தொடரில் கிரேர் நடித்தார்.",fake,facebook/mms-tts-tam,synthetic_tts,clean
data/fake/tamil\fake_tam_1074.wav,Tamil,"பெருமானார் அவர்கள், நான் ஆண்டவனுடைய தூதன் அப்துல்லாஹ்வின் மகன்.",fake,facebook/mms-tts-tam,synthetic_tts,clean
data/fake/tamil\fake_tam_1075.wav,Tamil,"அவன் பதினொன்று மணி அளவுக்குக் கரையில் நடந்து, தச்சுப்பட்டறையை அடைந்தான்.",fake,facebook/mms-tts-tam,synthetic_tts,clean
data/fake/tamil\fake_tam_1076.wav,Tamil,எனவே அவர் மரணத்தை வெல்ல முடிந்தது.,fake,facebook/mms-tts-tam,synthetic_tts,clean
data/fake/tamil\fake_tam_1077.wav,Tamil,நாமும் நமது அரசுகளை விலை ஏற்றத்தைக் கட்டுப்படுத்தும்படி கேட்கலாம்.,fake,facebook/mms-tts-tam,synthetic_tts,clean
data/fake/tamil\fake_tam_1078.wav,Tamil,இவர் சோழ நாடு முழுவதும் சுற்றிப் பல தலங்களில் இறைவனை வணங்கியிருக்கிறார்.,fake,facebook/mms-tts-tam,synthetic_tts,clean
data/fake/tamil\fake_tam_1079.wav,Tamil,அவன் மனம் அனலிடப்பட்ட மெழுகுபோல் வருந்திற்று.,fake,facebook/mms-tts-tam,synthetic_tts,clean
data/fake/tamil\fake_tam_1080.wav,Tamil,இதோ பாரு இங்கே யாரும் இல்லை நீயும் நானும் தான் பயப்படாதே வெளியே சொல்ல மாட்டேன்! என்றாள்.,fake,facebook/mms-tts-tam,synthetic_tts,clean
data/fake/tamil\fake_tam_1081.wav,Tamil,யாஸ்மி மேலும் பேசத் தொடங்கினாள்.,fake,facebook/mms-tts-tam,synthetic_tts,clean
data/fake/tamil\fake_tam_1082.wav,Tamil,கந்த புராணத்திலுள்ள வரலாறுகள் வருமிடங்களில் அவற்றின் உள்ளுறையை என் அறிவுக்குப் புலனாகிய அளவுக்கு விளக்கியிருக்கிறேன்.,fake,facebook/mms-tts-tam,synthetic_tts,clean
data/fake/tamil\fake_tam_1083.wav,Tamil,அவர்கள் எழுப்பிய கலைக்கோயில்கள் தமிழ்நாடு முழுவதும் தலைதூக்கி நிற்கின்றன என்று பழம் பெருமை பேசுகிறோம் நாம்.,fake,facebook/mms-tts-tam,synthetic_tts,clean
data/fake/tamil\fake_tam_1084.wav,Tamil,இது அரசாங்கத்தோட கெளரவமான மாளிகை.,fake,facebook/mms-tts-tam,synthetic_tts,clean
data/fake/tamil\fake_tam_1085.wav,Tamil,"அவர் அற்புதமானவர் தான், ஆனாலும் அவர் அபாயகரமான வேலைகள், பாதுகாப்பு மற்றும் மீளுருவாக்கம் போன்றவற்றையும் செய்தார்.",fake,facebook/mms-tts-tam,synthetic_tts,clean
data/fake/tamil\fake_tam_1086.wav,Tamil,இன்ப அன்பு அடிகளார் பதினாறு .,fake,facebook/mms-tts-tam,synthetic_tts,clean
data/fake/tamil\fake_tam_1087.wav,Tamil,ஒரு மனிதன் முழங்காலிட்டு மணலில் வரைந்தான்,fake,facebook/mms-tts-tam,synthetic_tts,clean
data/fake/tamil\fake_tam_1088.wav,Tamil,"புதிய ""வார்ஹாமர் பேண்டஸி போர்"" விளையாட்டை உருவாக்குவதாகவும் அறிவிக்கப்பட்டது.",fake,facebook/mms-tts-tam,synthetic_tts,clean
data/fake/tamil\fake_tam_1089.wav,Tamil,ஆசை உள்ள இடத்தில் பூசையும் அன்பு உள்ள இடத்தில் தென்பும்.,fake,facebook/mms-tts-tam,synthetic_tts,clean
data/fake/tamil\fake_tam_1090.wav,Tamil,அத்துடன் புளகாங்கிதம் அடைவதற்காகவும் விளையாடுகிறோம்.,fake,facebook/mms-tts-tam,synthetic_tts,clean
data/fake/tamil\fake_tam_1091.wav,Tamil,"இம்முறையைத்தான் ஆத்திகர்கள் பண்டைக் காலத்திலும், நடுக் காலத்திலும் நாத்திகத்தை ஆத்திகமாக்கப் பயன்படுத்தியுள்ளார்கள்.",fake,facebook/mms-tts-tam,synthetic_tts,clean
data/fake/tamil\fake_tam_1092.wav,Tamil,இதுமிகப் பழமையான காலத்திலிருந்து தெய்வமாக வழிபடப்பட்டு வருகிறது என்பது மட்டும் உறுதி.,fake,facebook/mms-tts-tam,synthetic_tts,clean
data/fake/tamil\fake_tam_1093.wav,Tamil,வண்ணமகள் என்று அவள் தொழிலால் அவளை அழைத்தனர்.,fake,facebook/mms-tts-tam,synthetic_tts,clean
data/fake/tamil\fake_tam_1094.wav,Tamil,பானையை அமிழ்த்திப் பிடித்துத் தண்ணீர் மொண்டு கொண்டிருந்தாள்.,fake,facebook/mms-tts-tam,synthetic_tts,clean
data/fake/tamil\fake_tam_1095.wav,Tamil,கூட்டத்தில் கூச்சல் ஒன்றும் இருத்தல் கூடாது.,fake,facebook/mms-tts-tam,synthetic_tts,clean
data/fake/tamil\fake_tam_1096.wav,Tamil,தடுப்புக்கட்டை பேருந்து முதலிய தாமியங்கிகளின் இயக்கத்தை நிறுத்தும் கருவியமைப்பு.,fake,facebook/mms-tts-tam,synthetic_tts,clean
data/fake/tamil\fake_tam_1097.wav,Tamil,அவர்கள் சிகப்பு மையைக் கண்டால் கூட சிப்பாய் என்று அஞ்சும் பீப்பாய்கள்.,fake,facebook/mms-tts-tam,synthetic_tts,clean
data/fake/tamil\fake_tam_1098.wav,Tamil,சிறுவனொருவன் மீன்பிடி கம்பமொன்றுடன் பாலமொன்றின் மேல் நிற்கிறான்.,fake,facebook/mms-tts-tam,synthetic_tts,clean
data/fake/tamil\fake_tam_1099.wav,Tamil,"அவ்வாறே தன் விருப்பப்படியே நடக்கவேண்டும் என்றும், அவ்வாறு நடக்குமென்றே ஆண்டவன் விதித்திருப்பதாகவும் அவர் உறுதியாக நம்பினார்.",fake,facebook/mms-tts-tam,synthetic_tts,clean
data/fake/tamil\fake_tam_1100.wav,Tamil,"அதன் போட்டியாளர்களில் எசாகி கிளிகோ, கபயா, லோட்டே மிட்டாய் மற்றும் மொரினாகா ஆகியவை அடங்கும்.",fake,facebook/mms-tts-tam,synthetic_tts,clean
data/fake/tamil\fake_tam_1101.wav,Tamil,சி என்பது ஒருங்கிணைப்பின் மாறிலி என அழைக்கப்படுகிறது.,fake,facebook/mms-tts-tam,synthetic_tts,clean
data/fake/tamil\fake_tam_1102.wav,Tamil,பொறுத்தாற்றும் பண்பை வளர்த்து உறுதிப்படுத்துவது நம்மை வளர்த்துக் கொள்வதேயாகும்.,fake,facebook/mms-tts-tam,synthetic_tts,clean
data/fake/tamil\fake_tam_1103.wav,Tamil,"காய்கறிக் கடை, மீன் கடை, சில்லரை வியாபாரிகள் இவர்களிடம் இப்படி மல்லுக் கொடுத்துப் பழகிவிட்டோம்.",fake,facebook/mms-tts-tam,synthetic_tts,clean
data/fake/tamil\fake_tam_1104.wav,Tamil,அவ் யானையின் பிடரியில் இருந்து விஞ்சையன் என விளங்கினான்.,fake,facebook/mms-tts-tam,synthetic_tts,clean
data/fake/tamil\fake_tam_1105.wav,Tamil,இன்று திருத்தணி தமிழ் நாட்டோடு இருக்கிறது.,fake,facebook/mms-tts-tam,synthetic_tts,clean
data/fake/tamil\fake_tam_1106.wav,Tamil,சிறியகதை! நமக்கெல்லாம் உயிரின் வாதை!,fake,facebook/mms-tts-tam,synthetic_tts,clean
data/fake/tamil\fake_tam_1107.wav,Tamil,பெண் குழந்தை பிறந்ததும் கொன்றுவிடும் பழக்கம் இவர்களிடம் உண்டு.,fake,facebook/mms-tts-tam,synthetic_tts,clean
data/fake/tamil\fake_tam_1108.wav,Tamil,ஐங்காதம் போனாலும் தன் பாவம் தன்னோடே.,fake,facebook/mms-tts-tam,synthetic_tts,clean
data/fake/tamil\fake_tam_1109.wav,Tamil,எனவே இது பயண நூல் அல்ல.,fake,facebook/mms-tts-tam,synthetic_tts,clean
data/fake/tamil\fake_tam_1110.wav,Tamil,ஆள் போகிறது அதமம் மகன் போகிறது மத்தியமம் தான் போகிறது உத்தமம்.,fake,facebook/mms-tts-tam,synthetic_tts,clean
data/fake/tamil\fake_tam_1111.wav,Tamil,"அவர்களுடைய தலைவன் இந்த மாதிரியான விஷயங்களை அவர்களிடம் தெரிவிப்பதேயில்லை, குழம்பிக் கொண்டிருந்தார்கள்.",fake,facebook/mms-tts-tam,synthetic_tts,clean
data/fake/tamil\fake_tam_1112.wav,Tamil,ஆண் கூம்புளிகள் கீழ்க் கிளைகளின் தளிர்களுக்கு அடியில் வளரும்.,fake,facebook/mms-tts-tam,synthetic_tts,clean
data/fake/tamil\fake_tam_1113.wav,Tamil,மூலமுதலான உருவ பொம்மைதான் இன்னமும் Maundy நாணயத்தில் பயன்படுத்தப் படுகிறது.,fake,facebook/mms-tts-tam,synthetic_tts,clean
data/fake/tamil\fake_tam_1114.wav,Tamil,"முன்னணி எழுத்தாளர்களில் லின் யூட்டாங், பல தசாப்தங்களாக தனது கிறிஸ்தவத்தை கைவிட்டார்.",fake,facebook/mms-tts-tam,synthetic_tts,clean
data/fake/tamil\fake_tam_1115.wav,Tamil,"அவற்றில் சேர்ந்து, தொடர் கல்விப் பயன்பெறும் தொழிலாளர்கள்.",fake,facebook/mms-tts-tam,synthetic_tts,clean
data/fake/tamil\fake_tam_1116.wav,Tamil,நிரந்தரமாக ஆனந்தத்தைப் பெருக்கிக்கொண்டே வரக்கூடிய அருவி உன்னுள்ளே எவ்வாறு உண்டாகும்?,fake,facebook/mms-tts-tam,synthetic_tts,clean
data/fake/tamil\fake_tam_1117.wav,Tamil,மேடைகள் அமைத்தலே இப்போது ஒரு பிழைப்பாகிவிட்டது.,fake,facebook/mms-tts-tam,synthetic_tts,clean
data/fake/tamil\fake_tam_1118.wav,Tamil,கீழ் வேளூருக்குத் தெற்கே இரண்டு மைலில் தேவூர் என்னும் தலம் இருக்கிறது.,fake,facebook/mms-tts-tam,synthetic_tts,clean
data/fake/tamil\fake_tam_1119.wav,Tamil,இவனும் ஒரு ஆண்மகனா? என்று குமரன் நம்பியை இழிவாக எண்ணினர் அவர்கள்.,fake,facebook/mms-tts-tam,synthetic_tts,clean
data/fake/tamil\fake_tam_1120.wav,Tamil,"பிரணவத்தை இந்திய நாட்டில் இருக்கிற எல்லாச் சமயங்களும், புத்த ஜைன சமயங்களும்கூட ஒப்புக் கொள்கின்றன.",fake,facebook/mms-tts-tam,synthetic_tts,clean
data/fake/tamil\fake_tam_1121.wav,Tamil,அவசரமாக அதை மடித்து வைத்தான்.,fake,facebook/mms-tts-tam,synthetic_tts,clean
data/fake/tamil\fake_tam_1122.wav,Tamil,"அவள் ஊர்வசியையும் சபையில் மற்றவர்களையும் மறந்துவிட்டுப் பாட்டைத் தானும் சொல்லிக்கொண்டு, பாவத்தில் ஈடுபட்டு நாட்டியும் ஆட ஆரம்பித்தாள்.",fake,facebook/mms-tts-tam,synthetic_tts,clean
data/fake/tamil\fake_tam_1123.wav,Tamil,நடன மாதரது கோலங்களிலோ அழகு பொங்கும்.,fake,facebook/mms-tts-tam,synthetic_tts,clean
data/fake/tamil\fake_tam_1124.wav,Tamil,"ஒரு பெண்ணைப் பார்க்கும்போது, அவளை உங்கள் மகளாக நினைத்துப் பாருங்கள்.",fake,facebook/mms-tts-tam,synthetic_tts,clean
data/fake/tamil\fake_tam_1125.wav,Tamil,பழநி மலைக் கோயிலில் போகர் என்னும் சித்தர் அடக்கம்.,fake,facebook/mms-tts-tam,synthetic_tts,clean
data/fake/tamil\fake_tam_1126.wav,Tamil,எல்லா உள்ளீடுகளிலும் ஏற்கனவே தொடர்புடைய கட்டுரைகள் இருக்க வேண்டும்.,fake,facebook/mms-tts-tam,synthetic_tts,clean
data/fake/tamil\fake_tam_1127.wav,Tamil,"ஒரு நாளும் சிரிக்காதவன் திருநாளில் சிரித்தான், திருநாளும் வேறு நாளாச்சுது.",fake,facebook/mms-tts-tam,synthetic_tts,clean
data/fake/tamil\fake_tam_1128.wav,Tamil,என் உயிர் பாலுவை விட்டு நான் பிரியேன்.,fake,facebook/mms-tts-tam,synthetic_tts,clean
data/fake/tamil\fake_tam_1129.wav,Tamil,கந்தர் அலங்காரப் பாடல்களுக்கு மாத்திரம் விளக்கம் எழுதினால் அது இவ்வளவு விரியாது.,fake,facebook/mms-tts-tam,synthetic_tts,clean
data/fake/tamil\fake_tam_1130.wav,Tamil,"இதன் பலன் என்னவென்றால் வாஸ்தவமாகவே, நான் நோயில் விழுந்தேன்!",fake,facebook/mms-tts-tam,synthetic_tts,clean
data/fake/tamil\fake_tam_1131.wav,Tamil,எவரிடமிருந்தும் சரியான விடை கிடைக்வில்லை.,fake,facebook/mms-tts-tam,synthetic_tts,clean
data/fake/tamil\fake_tam_1132.wav,Tamil,என்னுடைய வேலைக்காரர்கள் பல பிரிவுகளாய்ப் பிரிக்கப்பட்டிருப்பதை நீ புரிந்து கொண்டிருக்கலாமே! ஆம்!,fake,facebook/mms-tts-tam,synthetic_tts,clean
data/fake/tamil\fake_tam_1133.wav,Tamil,அதனால் அவ்விடத்தைவிட்டு எல்லோரும் வெளியேறிவிட்டனர்.,fake,facebook/mms-tts-tam,synthetic_tts,clean
data/fake/tamil\fake_tam_1134.wav,Tamil,மற்றொன்று ஒற்றைப்படை அல்லது இரட்டை படை எளிய விளையாட்டு.,fake,facebook/mms-tts-tam,synthetic_tts,clean
data/fake/tamil\fake_tam_1135.wav,Tamil,ஷேக்ஸ்பியர் ஒருபொழுதும் துன்பமாக மாறாத பொருள் ஒன்று உண்டு நாம் செய்யும் நற்செயலே அது.,fake,facebook/mms-tts-tam,synthetic_tts,clean
data/fake/tamil\fake_tam_1136.wav,Tamil,அவர்களுள் ஒருவகையினர் இந்தியத் தமிழர்கள்.,fake,facebook/mms-tts-tam,synthetic_tts,clean
data/fake/tamil\fake_tam_1137.wav,Tamil,"அதுபோல, அன்பைத் தூண்டி வளர்ப்பதற்கு மொழி ஒரு கருவி.",fake,facebook/mms-tts-tam,synthetic_tts,clean
data/fake/tamil\fake_tam_1138.wav,Tamil,அரசகுமாரர்களையெல்லாம் பாதாளச் சிறையிலிருந்து விடுதலை செய்தார்கள்.,fake,facebook/mms-tts-tam,synthetic_tts,clean
data/fake/tamil\fake_tam_1139.wav,Tamil,அன்பு ஒன்றே நிறைவு தரும் நிம்மதி தரும்,fake,facebook/mms-tts-tam,synthetic_tts,clean
data/fake/tamil\fake_tam_1140.wav,Tamil,"தொலைக்காட்சி பெட்டி, கம்பள விரிப்பு.",fake,facebook/mms-tts-tam,synthetic_tts,clean
data/fake/tamil\fake_tam_1141.wav,Tamil,வேளைக்குச் சோறு இருக்க ஒரு வீடு வசதிகள் இருந்தால் போதும்.,fake,facebook/mms-tts-tam,synthetic_tts,clean
data/fake/tamil\fake_tam_1142.wav,Tamil,ஆனால் அவர்களுடைய சபாஷால் மட்டும் லக்ஷ்மி திருப்தி அடைவதாக இல்லை.,fake,facebook/mms-tts-tam,synthetic_tts,clean
data/fake/tamil\fake_tam_1143.wav,Tamil,பெரியாரையும் துணையாகச் சேர்த்து விடுகின்றார்!,fake,facebook/mms-tts-tam,synthetic_tts,clean
data/fake/tamil\fake_tam_1144.wav,Tamil,"இந்தப் பயணத்தின் தலைவர் ""உதவிப் பொருளாளர்"" சஹாதோர் ஆவார்.",fake,facebook/mms-tts-tam,synthetic_tts,clean
data/fake/tamil\fake_tam_1145.wav,Tamil,போர்க் களத்தையும் எதிரிகள் வசம் விட்டு விட்டோம்.,fake,facebook/mms-tts-tam,synthetic_tts,clean
data/fake/tamil\fake_tam_1146.wav,Tamil,மற்றொன்றை இழுக்கவும்!,fake,facebook/mms-tts-tam,synthetic_tts,clean
data/fake/tamil\fake_tam_1147.wav,Tamil,ஆகாசம் பார்க்கப் போயும் இடுமுடுக்கா?,fake,facebook/mms-tts-tam,synthetic_tts,clean
data/fake/tamil\fake_tam_1148.wav,Tamil,அதன் எல்லைக்கு வெளியே புறநகர் குடியிருப்புக்கள் சூழ்ந்துள்ளது.,fake,facebook/mms-tts-tam,synthetic_tts,clean
data/fake/tamil\fake_tam_1149.wav,Tamil,"உண்மையைச் சொல்லியோ, பொய்யைச் சொல்லியோ இரந்து வாழும் மக்கள் பெருகுவதற்கு வறுமையே பெரிதும் அடிப்படையாகும்.",fake,facebook/mms-tts-tam,synthetic_tts,clean
data/fake/tamil\fake_tam_1150.wav,Tamil,நீ இனி நீட்டித்து இராமல் இவர்களை அழைத்துச் செல்க என்று கூறினார்.,fake,facebook/mms-tts-tam,synthetic_tts,clean
data/fake/tamil\fake_tam_1151.wav,Tamil,"அது தன் திறனை வெளிப்படுத்துகிறது, பெண்ணை மற்ற ஆண்களிடமிருந்து காக்கிறது.",fake,facebook/mms-tts-tam,synthetic_tts,clean
data/fake/tamil\fake_tam_1152.wav,Tamil,பிள்ளையாய் வந்து பிறந்த பெரும்பேறே!,fake,facebook/mms-tts-tam,synthetic_tts,clean
data/fake/tamil\fake_tam_1153.wav,Tamil,சிங்களத் தீவினுக்கோர் பாலம் அமைப்போம்,fake,facebook/mms-tts-tam,synthetic_tts,clean
data/fake/tamil\fake_tam_1154.wav,Tamil,திருவண்ணாமலை ஆலயத்தின் கோபுரம் கிழக்கு நோக்கி இருக்கிறது.,fake,facebook/mms-tts-tam,synthetic_tts,clean
data/fake/tamil\fake_tam_1155.wav,Tamil,இந்திய ஊழியர் சங்கத்தில் சேர்ந்து பணியாற்ற வருமாறு அக்கடிதத்தில் அவர் அழைப்பு அனுப்பியிருந்தார்.,fake,facebook/mms-tts-tam,synthetic_tts,clean
data/fake/tamil\fake_tam_1156.wav,Tamil,ஒரே உலகம் என்னும் கொள்கை உருப்படுமா?,fake,facebook/mms-tts-tam,synthetic_tts,clean
data/fake/tamil\fake_tam_1157.wav,Tamil,"ஆயினும், ஆங்கிலக் கலை நூல்களை மொழி பெயர்க்கப்",fake,facebook/mms-tts-tam,synthetic_tts,clean
data/fake/tamil\fake_tam_1158.wav,Tamil,புதுச் செவிலியைப் பற்றி உங்கள் கருத்தை அறியலாமா? என்று ஆரம்பித்தாள்.,fake,facebook/mms-tts-tam,synthetic_tts,clean
data/fake/tamil\fake_tam_1159.wav,Tamil,"ராஜன் பாபு பட்ட அடி படுகாயங்களானதால், அந்த காயங்கள் ஆறுவதற்கு ஆறேழு வாரங்களாயின.",fake,facebook/mms-tts-tam,synthetic_tts,clean
data/fake/tamil\fake_tam_1160.wav,Tamil,"தெரியவில்லை. அவர் நெஞ்சில் இடம் கொடுக்க மறுப்பவர், எந்த முகம் கொண்டு என் நெஞ்சில் இடம் கேட்டுப் பெறுகிறார்?",fake,facebook/mms-tts-tam,synthetic_tts,clean
data/fake/tamil\fake_tam_1161.wav,Tamil,"இப்பிறப்பு, சிறப்புடைய ஒன்று.",fake,facebook/mms-tts-tam,synthetic_tts,clean
data/fake/tamil\fake_tam_1162.wav,Tamil,இந்த மகேந்திர வர்மனின் மகன்தான் மகாபலிபுரத்துக் கற்கோயில்களை நிர்மாணித்த முதலாம் நரசிம்மன்.,fake,facebook/mms-tts-tam,synthetic_tts,clean
data/fake/tamil\fake_tam_1163.wav,Tamil,குணமாலைக்குத் தான் வெற்றி என்று அறிவித்தனர்.,fake,facebook/mms-tts-tam,synthetic_tts,clean
data/fake/tamil\fake_tam_1164.wav,Tamil,இவை கட்டிடங்களில் பாதுகாப்பிற்கு வைக்கப்பட்டிருக்கும்.,fake,facebook/mms-tts-tam,synthetic_tts,clean
data/fake/tamil\fake_tam_1165.wav,Tamil,பதினைந்து கல் கடந்ததும் கட்டபுட்டை என்ற சிற்றூர் உள்ளது.,fake,facebook/mms-tts-tam,synthetic_tts,clean
data/fake/tamil\fake_tam_1166.wav,Tamil,எத்தனையோ ஆயிரம் பேர் படுகாயமடைந்தார்கள்.,fake,facebook/mms-tts-tam,synthetic_tts,clean
data/fake/tamil\fake_tam_1167.wav,Tamil,சில ஆதாரங்கள் அவரது முதல் பெயரை ஆல்டன் என்று சொல்கின்றன.,fake,facebook/mms-tts-tam,synthetic_tts,clean
data/fake/tamil\fake_tam_1168.wav,Tamil,இந்த உரிச்சொற்கள் பின்னர் ஒரு கட்டத்தில் செருகப்படுகின்றன.,fake,facebook/mms-tts-tam,synthetic_tts,clean
data/fake/tamil\fake_tam_1169.wav,Tamil,ஊர் நஷ்டம் ஊரிலே தேர் நஷ்டம் தெருவிலே.,fake,facebook/mms-tts-tam,synthetic_tts,clean
data/fake/tamil\fake_tam_1170.wav,Tamil,ஆறின கஞ்சி பழங்கஞ்சி.,fake,facebook/mms-tts-tam,synthetic_tts,clean
data/fake/tamil\fake_tam_1171.wav,Tamil,தன் மாறுநிலை வெப்ப நிலையில் ஒரு வளியை நீர்மமாக்கத் தேவைப்படும் குறைந்த அழுத்தம்.,fake,facebook/mms-tts-tam,synthetic_tts,clean
data/fake/tamil\fake_tam_1172.wav,Tamil,இருதார மணத்தடை மசோதா கொண்டு வந்திருந்தால் இதைத் தடுத்து இருக்கலாமே என்று எண்ணிப் பார்த்தான்.,fake,facebook/mms-tts-tam,synthetic_tts,clean
data/fake/tamil\fake_tam_1173.wav,Tamil,இத்தனை கோலத்துடன் இருக்கும் அவன் தனிமையை நாடியிருக்கிறான்.,fake,facebook/mms-tts-tam,synthetic_tts,clean
data/fake/tamil\fake_tam_1174.wav,Tamil,எங்கே அண்ணா வீரன் போயிருக்கும் என்று ஆவலாகக் கேட்டாள் சீதா.,fake,facebook/mms-tts-tam,synthetic_tts,clean
data/fake/tamil\fake_tam_1175.wav,Tamil,திருப்புத்தூரில் திருமுருகன் பேரவையில் நமது பேச்சு!,fake,facebook/mms-tts-tam,synthetic_tts,clean
data/fake/tamil\fake_tam_1176.wav,Tamil,நம்முடைய சமய உண்மைகளை நிலைக்களமாக வைத்துக் கொண்டு ஒப்பு நோக்க வேண்டும்.,fake,facebook/mms-tts-tam,synthetic_tts,clean
data/fake/tamil\fake_tam_1177.wav,Tamil,வேறு இல்லாமையால் நீரையே உலையாக ஏற்றினாள்.,fake,facebook/mms-tts-tam,synthetic_tts,clean
data/fake/tamil\fake_tam_1178.wav,Tamil,அழுகைத் தூற்றல் அவ்வளவும் பூச்சி.,fake,facebook/mms-tts-tam,synthetic_tts,clean
data/fake/tamil\fake_tam_1179.wav,Tamil,அவர் அபிப்பிராயத்தை அறிய விரும்பியவள் போல ஊர்வசி ஏன் அப்படி அடிக்கடி அவர் முகத்தை நோக்கினாள்?,fake,facebook/mms-tts-tam,synthetic_tts,clean
data/fake/tamil\fake_tam_1180.wav,Tamil,மொத்தம் ஏழாயிரம் கோடி பவுண்டு செலவழிக்கப்பட்டிருக்கிறது.,fake,facebook/mms-tts-tam,synthetic_tts,clean
data/fake/tamil\fake_tam_1181.wav,Tamil,நீரின்றமையாது உலகு என இரண்டாயிரம் ஆண்டுகளுக்கு முன் திருவள்ளுவர் கூறியதை உற்று நோக்குக.,fake,facebook/mms-tts-tam,synthetic_tts,clean
data/fake/tamil\fake_tam_1182.wav,Tamil,"மைக்ரோசாப்ட், ஆப்பிள், கூகிள், அடோப், அவிட் ஆகியவை குறிப்பிடத்தக்க வாடிக்கையாளர்களில் அடங்கும்.",fake,facebook/mms-tts-tam,synthetic_tts,clean
data/fake/tamil\fake_tam_1183.wav,Tamil,கடம்பர்களை ஒடுக்கி ஒழிக்க அவன் மனத்தில் இரண்டு காரணங்களால் இப்போது அவன் சபதம் மேற்கொள்ள வேண்டியிருந்தது.,fake,facebook/mms-tts-tam,synthetic_tts,clean
data/fake/tamil\fake_tam_1184.wav,Tamil,இது போன்ற விஷயங்கள் யாவற்றின் மீதும் நமது கருணை தங்கிய இராஜாங்கத்தோர் கண்ணோக்கம் வைத்துக் காப்பதே ஏழைக்குடிகளுக்கு ஈடேற்றமாகும்.,fake,facebook/mms-tts-tam,synthetic_tts,clean
data/fake/tamil\fake_tam_1185.wav,Tamil,அவர்பால் எனக்கு ஒருவகைப் பற்று ஏற்பட்டது.,fake,facebook/mms-tts-tam,synthetic_tts,clean
data/fake/tamil\fake_tam_1186.wav,Tamil,பகையாளி குடியை உறவாடித்தான் கெடுக்க வேண்டும்.,fake,facebook/mms-tts-tam,synthetic_tts,clean
data/fake/tamil\fake_tam_1187.wav,Tamil,"ஆனால், கருமியின் சடலம் எரியும் இடத்திலோ ஒருவர் கூட இல்லை.",fake,facebook/mms-tts-tam,synthetic_tts,clean
data/fake/tamil\fake_tam_1188.wav,Tamil,இந்த வேடத்தில் இவர்களைக் கண்ட பிரமன் வெட்கித் தலைகுனிகிறான்.,fake,facebook/mms-tts-tam,synthetic_tts,clean
data/fake/tamil\fake_tam_1189.wav,Tamil,உதயணன் தலைநிமிர்ந்து அவனைப் பார்த்தான்.,fake,facebook/mms-tts-tam,synthetic_tts,clean
data/fake/tamil\fake_tam_1190.wav,Tamil,இம்முறை பல பள்ளிகளில் உண்டா?,fake,facebook/mms-tts-tam,synthetic_tts,clean
data/fake/tamil\fake_tam_1191.wav,Tamil,"திலகவதியின் கலிப்பகையாருக்கு உண்டான முடிவு தான், பூரணியின் அரவிந்தனுக்கும் முடிவாக வேண்டுமா?",fake,facebook/mms-tts-tam,synthetic_tts,clean
data/fake/tamil\fake_tam_1192.wav,Tamil,அதனால் ஏறுவது சிரமமாக இராது.,fake,facebook/mms-tts-tam,synthetic_tts,clean
data/fake/tamil\fake_tam_1193.wav,Tamil,இந்த இரண்டு நாடகங்களும் மிகவும் விமரிசையாக நடத்தப்பட்டன என்பது என் அபிப்பிராயம்.,fake,facebook/mms-tts-tam,synthetic_tts,clean
data/fake/tamil\fake_tam_1194.wav,Tamil,"இவர்கள் நீலகிரி மலையிலுள்ள எல்லா இனத்தார்க்கும், திருமணக் காலங்களிலும், விழாக் காலங்களிலும், இசைப் பணி புரிகின்றனர்.",fake,facebook/mms-tts-tam,synthetic_tts,clean
data/fake/tamil\fake_tam_1195.wav,Tamil,"இந்நாடகத்திற்கு முன்பாக முழு ஒத்திகை வைத்துக் கொண்டிராவிட்டால், இக்குறையை நாடக தினம்தான் கண்டுபிடித்துத் திகைத்திருப்போம்!",fake,facebook/mms-tts-tam,synthetic_tts,clean
data/fake/tamil\fake_tam_1196.wav,Tamil,அடுத்த நாள் நாங்கள் இலண்டன் சென்றோம்.,fake,facebook/mms-tts-tam,synthetic_tts,clean
data/fake/tamil\fake_tam_1197.wav,Tamil,நாங்கள் துறையில் புதுமைகளை உருவாக்கியுள்ளோம்.,fake,facebook/mms-tts-tam,synthetic_tts,clean
data/fake/tamil\fake_tam_1198.wav,Tamil,"பங்குனி சித்திரை வைகாசி ஆனி ஆடி ஆவணி இந்த ஆறு மாதங்களிலும் மழையில்லை, பனியில்லை, குளிரில்லை.",fake,facebook/mms-tts-tam,synthetic_tts,clean
data/fake/tamil\fake_tam_1199.wav,Tamil,துறவியாக இருந்த அவர் சமண அற நெறிகளை மற்றவர்க்கு அறிவிப்பதும் தம் தொழிலாகக் கொள்கிறார்.,fake,facebook/mms-tts-tam,synthetic_tts,clean
data/fake/tamil\fake_tam_1200.wav,Tamil,குமரிமுனை வரையிலும் இவ்வினம் மலிந்து காணப்படுகிறது.,fake,facebook/mms-tts-tam,synthetic_tts,clean
data/fake/tamil\fake_tam_1201.wav,Tamil,பல்கலைக் கழகங்கள் தோறும் விவாதித்து முடிவெடுக்க வேண்டிய பொருள் இது.,fake,facebook/mms-tts-tam,synthetic_tts,clean
data/fake/tamil\fake_tam_1202.wav,Tamil,உறவற்ற நிலையில் பேசாமல் அமைதியாக இருந்துவந்த நிலை அடியோடு மாறிவிட்டது.,fake,facebook/mms-tts-tam,synthetic_tts,clean
data/fake/tamil\fake_tam_1203.wav,Tamil,ஆகாயப் பெருங்கடலையும் கடந்து ஏதோ ஆங்காங்குள்ள நாடுகளைக் கண்டு வெற்றி பெற்றதைப் போல அவர் வீர உணர்வு பெற்றார்.,fake,facebook/mms-tts-tam,synthetic_tts,clean
data/fake/tamil\fake_tam_1204.wav,Tamil,எல்லாம் மாயை என்கிறதைக் கண்டேன்.,fake,facebook/mms-tts-tam,synthetic_tts,clean
data/fake/tamil\fake_tam_1205.wav,Tamil,தீமை செய்பவர்கள் யாராக இருந்தாலும் அவர்களுக்கு நீதி பதிலாக அமைதல் வேண்டும்.,fake,facebook/mms-tts-tam,synthetic_tts,clean
data/fake/tamil\fake_tam_1206.wav,Tamil,நீர்த்திவலைகள் நிறைந்த மேகத்தை மழையாக மாற்றித் தரும் ஈரப்பதக் காற்றைப் பராமரித்து வரவேண்டும்.,fake,facebook/mms-tts-tam,synthetic_tts,clean
data/fake/tamil\fake_tam_1207.wav,Tamil,"இந்த இடைப்பட்ட நேரம் சோதனைக்கு அரசியல், சட்டபூர்வ அடிப்படையை பெறுவதற்காக செலவழிக்கப்பட்டது.",fake,facebook/mms-tts-tam,synthetic_tts,clean
data/fake/tamil\fake_tam_1208.wav,Tamil,அவர்களைத் தான் ஒழித்துக்கட்டி கொண்டிருந்தனர் கலவரக்காரர்கள்.,fake,facebook/mms-tts-tam,synthetic_tts,clean
data/fake/tamil\fake_tam_1209.wav,Tamil,வேலைகள் அதிகம் செய்யலாம்.,fake,facebook/mms-tts-tam,synthetic_tts,clean
data/fake/tamil\fake_tam_1210.wav,Tamil,அவள் தன் வருத்தத்தைத் தெரிவித்தாள்.,fake,facebook/mms-tts-tam,synthetic_tts,clean
data/fake/tamil\fake_tam_1211.wav,Tamil,ஜூன் நடுப்பகுதியில் லக்சம்பர்க் தன்னுடைய படைகளை பிரித்து கொண்டார்.,fake,facebook/mms-tts-tam,synthetic_tts,clean
data/fake/tamil\fake_tam_1212.wav,Tamil,புகழ்பாட மறுத்தல் நாங்கள் சிவகங்கைக்கு வருமுன் மதுரையிலிருந்தபோது இதைப் போலவே மற்றொரு சம்பவம் நிகழ்ந்தது.,fake,facebook/mms-tts-tam,synthetic_tts,clean
data/fake/tamil\fake_tam_1213.wav,Tamil,"ஆனால் நம் நாட்டு அரசியலார், இவர்களுடைய முன்னேற்றத்திலும் இப்பொழுது கருத்துச் செலுத்துகின்றனர்.",fake,facebook/mms-tts-tam,synthetic_tts,clean
data/fake/tamil\fake_tam_1214.wav,Tamil,கதைசொல்லி முடித்துவிட்டீர்; யாமும் கேட்டோ ம்,fake,facebook/mms-tts-tam,synthetic_tts,clean
data/fake/tamil\fake_tam_1215.wav,Tamil,நேர்மை தவறாதவர்கள் மிக்க பயனைக் கருதிப் பழி தரும் செயல்களைச் செய்யமாட்டார்கள்.,fake,facebook/mms-tts-tam,synthetic_tts,clean
data/fake/tamil\fake_tam_1216.wav,Tamil,"ஆராயாமல் ஆர அமர எண்ணிப் போர் தொடுப்பது எப்போது என்றால், பகைவர் திடீரெனப் படையெடுத்து வந்துவிட்ட போதாகும்.",fake,facebook/mms-tts-tam,synthetic_tts,clean
data/fake/tamil\fake_tam_1217.wav,Tamil,யாருக்கும் உயிரும் சொத்தும் உரிமையாக இருக்கவில்லை.,fake,facebook/mms-tts-tam,synthetic_tts,clean
data/fake/tamil\fake_tam_1218.wav,Tamil,முகமலர்ந்து பிறர்க்கும் அளித்துத் தாமும் உண்டு மகிழ்வோர்போல மலர்ந்த மல்லிகைப் பூக்களில் வண்டுகள் விரும்பி நாட்டம் கொண்டன.,fake,facebook/mms-tts-tam,synthetic_tts,clean
data/fake/tamil\fake_tam_1219.wav,Tamil,படகைமட்டும் நான் கொண்டு செல்வேன்.,fake,facebook/mms-tts-tam,synthetic_tts,clean
data/fake/tamil\fake_tam_1220.wav,Tamil,ஆற்றங் கரைதனிலே - இருள்,fake,facebook/mms-tts-tam,synthetic_tts,clean
data/fake/tamil\fake_tam_1221.wav,Tamil,நிறைமுதல்கொள் வோர்தொகை!,fake,facebook/mms-tts-tam,synthetic_tts,clean
data/fake/tamil\fake_tam_1222.wav,Tamil,நரைமுதிர் யாக்கையை நீ கண்டு விட்டாய் அடுத்தது?,fake,facebook/mms-tts-tam,synthetic_tts,clean
data/fake/tamil\fake_tam_1223.wav,Tamil,அவனும் அதைப் பார்த்து ஓடலானான்.,fake,facebook/mms-tts-tam,synthetic_tts,clean
data/fake/tamil\fake_tam_1224.wav,Tamil,சாது மிரண்டால் காடு கொள்ளாது.,fake,facebook/mms-tts-tam,synthetic_tts,clean
data/fake/tamil\fake_tam_1225.wav,Tamil,இளமையில் தன்னோடு படித்து இப்போது பல இடங்களில் நல்ல வேளையில் இருக்கும் சிநேகிதிகளுக்கு மகள் கடிதம் எழுதுவதுண்டு.,fake,facebook/mms-tts-tam,synthetic_tts,clean
data/fake/tamil\fake_tam_1226.wav,Tamil,"வள்ளிநாயகி அதன் தலையைத் தன் கையால் வருடிக்கொண்டே, ஜின்கா, இனி நீ போகலாம்.",fake,facebook/mms-tts-tam,synthetic_tts,clean
data/fake/tamil\fake_tam_1227.wav,Tamil,துன்பம் நிறைந்த செயற்பாடுகளே பயனும் பண்பாடும் நிறைந்த வாழ்க்கைக்கு அடிப்படை.,fake,facebook/mms-tts-tam,synthetic_tts,clean
data/fake/tamil\fake_tam_1228.wav,Tamil,"இப்பொழுது, அரச சபையில் நீ பதவியேற்கப் போகிறாய்.",fake,facebook/mms-tts-tam,synthetic_tts,clean
data/fake/tamil\fake_tam_1229.wav,Tamil,இது தவிர தமிழ்நாட்டில் தொழிற்பேட்டைகளும் உள்ளன.,fake,facebook/mms-tts-tam,synthetic_tts,clean
data/fake/tamil\fake_tam_1230.wav,Tamil,பிறந்துள்ள வாரிசான பட்டத்து இளவரசு எப்படி இருக்குமோ என்ற கவலை அப்போதிருந்தே அரிக்கத் தொடங்கியது.,fake,facebook/mms-tts-tam,synthetic_tts,clean
data/fake/tamil\fake_tam_1231.wav,Tamil,இவ்வாறு அவர் வீட்டுப் பணியை நடத்தி வந்ததால்தான் இராஜேந்திரர் அமைதியாக நாட்டுப் பணியை மேற்கொள்ள முடிந்தது.,fake,facebook/mms-tts-tam,synthetic_tts,clean
data/fake/tamil\fake_tam_1232.wav,Tamil,அந்த ஒட்டல் தொழிலாளத் தோழர்கள் எல்லோரும் ஒன்றாகக் கூடி வழியனுப்பினார்கள்.,fake,facebook/mms-tts-tam,synthetic_tts,clean
data/fake/tamil\fake_tam_1233.wav,Tamil,தலைமுறைகள் பலகழித்தோம்; குறைகளைந்தோமில்லை.,fake,facebook/mms-tts-tam,synthetic_tts,clean
data/fake/tamil\fake_tam_1234.wav,Tamil,"மலாக்கரா பாய்ச்சலை வெற்றிகரமாக செய்து, பள்ளத்தாக்கின் மறுபுறம் துருவினார்.",fake,facebook/mms-tts-tam,synthetic_tts,clean
data/fake/tamil\fake_tam_1235.wav,Tamil,கட்டி இழுத்து வந்தவனை வெட்டி வீழ்த்தி இருக்கலாமே என்று வருந்தினர்.,fake,facebook/mms-tts-tam,synthetic_tts,clean
data/fake/tamil\fake_tam_1236.wav,Tamil,காரைக்கால் அன்பர் மீண்டும் கலவரம் அடைந்தார்.,fake,facebook/mms-tts-tam,synthetic_tts,clean
data/fake/tamil\fake_tam_1237.wav,Tamil,அவருக்கு ஏற்பட்ட வைராக்கியம் ஸ்மசான வைராக்கியம்.,fake,facebook/mms-tts-tam,synthetic_tts,clean
data/fake/tamil\fake_tam_1238.wav,Tamil,அரசன் காவான் எனின் மழையும் அரசனுக்கு மாறாகப் பெய்யாமல் தவிர்க்கும் என்ற நம்பிக்கை உள்ளது.,fake,facebook/mms-tts-tam,synthetic_tts,clean
data/fake/tamil\fake_tam_1239.wav,Tamil,இந்த மணிபுரிதான் இங்குள்ள மக்களுக்குச்,fake,facebook/mms-tts-tam,synthetic_tts,clean
data/fake/tamil\fake_tam_1240.wav,Tamil,"இவ்வாறு பழையன கழிந்து, புதியன புகுந்து தோன்றுவதையே, ஒரு சாரார் இலக்கிய வளர்ச்சி எனக் கொள்வர்.",fake,facebook/mms-tts-tam,synthetic_tts,clean
data/fake/tamil\fake_tam_1241.wav,Tamil,ஆண்களுக்குத் தையல் இல்லாத உடை.,fake,facebook/mms-tts-tam,synthetic_tts,clean
data/fake/tamil\fake_tam_1242.wav,Tamil,இவ்விடம் அழகிய ஒரு காட்டின் நடுவில் அமைந்துள்ளது.,fake,facebook/mms-tts-tam,synthetic_tts,clean
data/fake/tamil\fake_tam_1243.wav,Tamil,முடிமன்னிலிருந்து சுமார் ஆறு மைல்கள் இருக்கலாம்.,fake,facebook/mms-tts-tam,synthetic_tts,clean
data/fake/tamil\fake_tam_1244.wav,Tamil,சபை நடுவில் ஒன்று மேடை நடுவில் ஒன்று.,fake,facebook/mms-tts-tam,synthetic_tts,clean
data/fake/tamil\fake_tam_1245.wav,Tamil,தலைநகர் தீப்பற்றியது வாசவதத்தையின் நீராடல் முடிந்தபிறகு செவிலியர் முதலியோர் அவளை அலங்கரித்தனர்.,fake,facebook/mms-tts-tam,synthetic_tts,clean
data/fake/tamil\fake_tam_1246.wav,Tamil,அக்காலத்தில் தெருப்புறங்களில் ரகசியப் போலிஸாருடைய பிரேதங்கள் அடிக்கடி கிடப்பது வழக்கம்.,fake,facebook/mms-tts-tam,synthetic_tts,clean
data/fake/tamil\fake_tam_1247.wav,Tamil,நின்று தடைபுரிந்தால் - நீ,fake,facebook/mms-tts-tam,synthetic_tts,clean
data/fake/tamil\fake_tam_1248.wav,Tamil,காரோட்டியின் பதிலை ஆங்கிலத்தில் கூறினார்.,fake,facebook/mms-tts-tam,synthetic_tts,clean
data/fake/tamil\fake_tam_1249.wav,Tamil,நமது உறுப்புகள் எல்லாம் அது இல்லாமலே ஓடுகின்றன.,fake,facebook/mms-tts-tam,synthetic_tts,clean
data/fake/tamil\fake_tam_1250.wav,Tamil,பிறகு பிப்ஸ்பரோ வீதியிலிருந்த திருமதி டுமி அம்மாளுடைய வீட்டில் அவன்தங்கி வைத்திய சிகிச்சை பெற்று வந்தான்.,fake,facebook/mms-tts-tam,synthetic_tts,clean
data/fake/tamil\fake_tam_1251.wav,Tamil,"மனைவிக்கு ஒத்தாசையாகவும் வேலை செய்வார் அவருக்கு அன்றாடம் வரும் அஞ்சல்களைப் பார்த்து, பதில் எழுத வேண்டியவைகளுக்கு அப்போதே எழுதிவிடுவார்.",fake,facebook/mms-tts-tam,synthetic_tts,clean
data/fake/tamil\fake_tam_1252.wav,Tamil,பண்டைய ஷினானோ மாகாணத்தின் ஒரு பகுதியாக இன்றைய மினோவாவின் பரப்பளவு இருந்தது.,fake,facebook/mms-tts-tam,synthetic_tts,clean
data/fake/tamil\fake_tam_1253.wav,Tamil,அதனால் மக்களிடம் இருந்ததுப்பாக்கியினால் போலீஸாரைச் சுட இயலாமல் போய்விட்டது.,fake,facebook/mms-tts-tam,synthetic_tts,clean
data/fake/tamil\fake_tam_1254.wav,Tamil,ஹர நாமத்தைச் சொல்லும் இந்த நல்ல பிராணிகளுக்கு உணவை வீசுங்கள் என்று அவன் சொன்னான்.,fake,facebook/mms-tts-tam,synthetic_tts,clean
data/fake/tamil\fake_tam_1255.wav,Tamil,உங்கள் கருத்து யாது? என்று கேட்டான்.,fake,facebook/mms-tts-tam,synthetic_tts,clean
data/fake/tamil\fake_tam_1256.wav,Tamil,"இனி, இடையே எழுத்து கெடுதல் பற்றியும் திரிதல் பற்றியும் பார்க்கலாம்.",fake,facebook/mms-tts-tam,synthetic_tts,clean
data/fake/tamil\fake_tam_1257.wav,Tamil,பொருளடக்கம் பக்கம் ஒன்று.,fake,facebook/mms-tts-tam,synthetic_tts,clean
data/fake/tamil\fake_tam_1258.wav,Tamil,அதற்குப் பிறகு சொர்க்கவாசல் திறந்தது.,fake,facebook/mms-tts-tam,synthetic_tts,clean
data/fake/tamil\fake_tam_1259.wav,Tamil,அவர்களுக்கு என்னிடம் ஈடுபாடு உண்டு.,fake,facebook/mms-tts-tam,synthetic_tts,clean
data/fake/tamil\fake_tam_1260.wav,Tamil,இழுக்க இழுக்க நீதிமன்ற வழக்குகள் போல் நீண்டு கொண்டே வந்தது.,fake,facebook/mms-tts-tam,synthetic_tts,clean
data/fake/tamil\fake_tam_1261.wav,Tamil,"மிகவும் பத்திரமான மருந்து, பவித்தரமான மருந்து.",fake,facebook/mms-tts-tam,synthetic_tts,clean
data/fake/tamil\fake_tam_1262.wav,Tamil,"அதி விருஷ்டி, அல்லது அநாவிருஷ்டி.",fake,facebook/mms-tts-tam,synthetic_tts,clean
data/fake/tamil\fake_tam_1263.wav,Tamil,யூகியின் திட்டங்கள் வயந்தகனால் உதயணனுக்கு விவரிக்கப் பெற்றன.,fake,facebook/mms-tts-tam,synthetic_tts,clean
data/fake/tamil\fake_tam_1264.wav,Tamil,"அவனைக் கண்டதும் குதிசைகள் நான்கும் அவனைச் சுற்றி வட்டமாக நின்று நாட்டியமாடுவன போல், துள்ளிக் குதித்தன.",fake,facebook/mms-tts-tam,synthetic_tts,clean
data/fake/tamil\fake_tam_1265.wav,Tamil,நூல் தீருகிறவரை கழி சுற்றிக் கொண்டேயிருக்கும் என்றேன்.,fake,facebook/mms-tts-tam,synthetic_tts,clean
data/fake/tamil\fake_tam_1266.wav,Tamil,"சமயமும் சூழ்நிலையும் எதிர்பாராத துன்பங்களைத் தரும்போது, எதிர்பாராத துணிவையும் மனிதனுக்குக் கொடுத்து விடுகின்றன.",fake,facebook/mms-tts-tam,synthetic_tts,clean
data/fake/tamil\fake_tam_1267.wav,Tamil,"கருவும் கெட்டு, அதைத் தாங்கிய உடம்பும் கெடுகிறது.",fake,facebook/mms-tts-tam,synthetic_tts,clean
data/fake/tamil\fake_tam_1268.wav,Tamil,"ஒன்றும் பேசாமல், சர்மாவின் நெற்றியையும், மார்பையும் தொட்டுப் பார்த்தாள்.",fake,facebook/mms-tts-tam,synthetic_tts,clean
data/fake/tamil\fake_tam_1269.wav,Tamil,"அடுக்கம் கணவாயின் உச்சியிலிருந்து ஐந்து கல் தொலைவில், தாம் தங்குவதற்கென்று ஒரு மாளிகையை அமைத்தார்.",fake,facebook/mms-tts-tam,synthetic_tts,clean
data/fake/tamil\fake_tam_1270.wav,Tamil,"நீங்கள் சாரணர்கள், சாத்தியமான ஒவ்வொரு நுழைவாயிலையும் நீங்கள் தடுக்க வேண்டும்.",fake,facebook/mms-tts-tam,synthetic_tts,clean
data/fake/tamil\fake_tam_1271.wav,Tamil,இது பக்க உரையாடல்.,fake,facebook/mms-tts-tam,synthetic_tts,clean
data/fake/tamil\fake_tam_1272.wav,Tamil,⁠உமைபாலன் தடுமாறிப் போனான்.,fake,facebook/mms-tts-tam,synthetic_tts,clean
data/fake/tamil\fake_tam_1273.wav,Tamil,சேனாபதி மகளைத் தத்தை அலங்கரித்தாள்.,fake,facebook/mms-tts-tam,synthetic_tts,clean
data/fake/tamil\fake_tam_1274.wav,Tamil,ஒரு பெரிய பிரயத்தனம் செய்து கண்களைத் திறந்தேன்.,fake,facebook/mms-tts-tam,synthetic_tts,clean
data/fake/tamil\fake_tam_1275.wav,Tamil,அவை தரம் குறைந்தவையாக இருந்தால்கூட நாம் அதை வெளியில் கூறுவதில்லை வாங்காமலும் இருப்பதில்லை!,fake,facebook/mms-tts-tam,synthetic_tts,clean
data/fake/tamil\fake_tam_1276.wav,Tamil,அவல் ஆலையின் உரிமையாளராக இருந்த கடைசி தனிப்பட்ட நபரும் அவர் தான்.,fake,facebook/mms-tts-tam,synthetic_tts,clean
data/fake/tamil\fake_tam_1277.wav,Tamil,⁠அருகில் ஒதுங்கி நின்ற உமைபாலன் ஏன் அப்படித் துடித்தான்?,fake,facebook/mms-tts-tam,synthetic_tts,clean
data/fake/tamil\fake_tam_1278.wav,Tamil,இனி நாம் கோயிலுள் நுழையலாம்.,fake,facebook/mms-tts-tam,synthetic_tts,clean
data/fake/tamil\fake_tam_1279.wav,Tamil,அது உலகப் புகழ் பெற்ற விஞ்ஞானிகளையும்.,fake,facebook/mms-tts-tam,synthetic_tts,clean
data/fake/tamil\fake_tam_1280.wav,Tamil,"உண்ணா விரதம் இருந்தால், உடல் இலேசாக மாறுகிறது.",fake,facebook/mms-tts-tam,synthetic_tts,clean
data/fake/tamil\fake_tam_1281.wav,Tamil,நேரம் ஆக ஆக அது அதிகமாகக் கேட்டது.,fake,facebook/mms-tts-tam,synthetic_tts,clean
data/fake/tamil\fake_tam_1282.wav,Tamil,ஒரு நிமிடத்தில் பைகளுடன் நாங்கள் கீழே இருப்போம்.,fake,facebook/mms-tts-tam,synthetic_tts,clean
data/fake/tamil\fake_tam_1283.wav,Tamil,மாத்திரத்தி லேமனக் கிலிபிடிப்பார்,fake,facebook/mms-tts-tam,synthetic_tts,clean
data/fake/tamil\fake_tam_1284.wav,Tamil,இப்பனியில் நடப்பதுதான் இங்குள்ள வர்களுக்கு ஒரு வினோதமாகும்! என்று தைரியம் சொன்னார்.,fake,facebook/mms-tts-tam,synthetic_tts,clean
data/fake/tamil\fake_tam_1285.wav,Tamil,லென்ஸ் விதியைக் கூறுக.,fake,facebook/mms-tts-tam,synthetic_tts,clean
data/fake/tamil\fake_tam_1286.wav,Tamil,"ஏன் ஐயா, எங்க பள்ளிக்கூடத்துக் கணக்கு வாத்தியார்கிட்டே நீங்க காதைத் திருகுற வித்தையைக் கத்துக்கிட்டிங்களோ?... ம்!.",fake,facebook/mms-tts-tam,synthetic_tts,clean
data/fake/tamil\fake_tam_1287.wav,Tamil,இந்த தரவரிசையில் தோள்பட்டை மற்றும் கை கோடுகள் இருந்தன.,fake,facebook/mms-tts-tam,synthetic_tts,clean
data/fake/tamil\fake_tam_1288.wav,Tamil,"ஆதலால், அறிவுக்கு மொழியெல்லையில்லை.",fake,facebook/mms-tts-tam,synthetic_tts,clean
data/fake/tamil\fake_tam_1289.wav,Tamil,அவர்கள் பேசும் ஆங்கிலம் எனக்கு விளங்குவது இல்லை.,fake,facebook/mms-tts-tam,synthetic_tts,clean
data/fake/tamil\fake_tam_1290.wav,Tamil,"அமெசான்கள் நெடிய உருவத்துடன், வெண்மையான உடைகளணிந்து, ஒவ்வொருவரும் வில்லும் தூணியும் தாங்கிச் செல்வதை அவன் கண்டான்.",fake,facebook/mms-tts-tam,synthetic_tts,clean
data/fake/tamil\fake_tam_1291.wav,Tamil,ஆனால் சன் யாட் சன்.,fake,facebook/mms-tts-tam,synthetic_tts,clean
data/fake/tamil\fake_tam_1292.wav,Tamil,தெருவார்கள் ஊரார்கள் இதையறிந்தால்,fake,facebook/mms-tts-tam,synthetic_tts,clean
data/fake/tamil\fake_tam_1293.wav,Tamil,ஒருவர் குறைந்த அளவு தாம் பிறந்த குடியையாவது சிறப்புற வாழச்செய்யவேண்டும் என்பது திருக்குறள் நெறி.,fake,facebook/mms-tts-tam,synthetic_tts,clean
data/fake/tamil\fake_tam_1294.wav,Tamil,தந்தை மகனுக்குச் செய்ய வேண்டிக உதவிகளுக்கு ஏற்றவாறு.,fake,facebook/mms-tts-tam,synthetic_tts,clean
data/fake/tamil\fake_tam_1295.wav,Tamil,"லிவர்பூல் ஸ்ட்ரீட் ஸ்டேஷன், லண்டன் பிரிட்ஜ் மற்றும் ஆக்ஸ்போர்டு சர்க்கஸ் உள்ளிட்ட இடங்கள் லண்டனில் உள்ளன.",fake,facebook/mms-tts-tam,synthetic_tts,clean
data/fake/tamil\fake_tam_1296.wav,Tamil,இந்த வேட்டுவக் கோலத்தைத் தேடித்தான் நான் பல தலங்களுக்குச் சென்றேன்.,fake,facebook/mms-tts-tam,synthetic_tts,clean
data/fake/tamil\fake_tam_1297.wav,Tamil,எருமை ஒன்றைப் பிணத்தைச்சுற்றி மூன்று முறை வலமாக இழுத்துவருவர்.,fake,facebook/mms-tts-tam,synthetic_tts,clean
data/fake/tamil\fake_tam_1298.wav,Tamil,எள்ளும் பச்சரியும்போல் இருக்க வேண்டும்.,fake,facebook/mms-tts-tam,synthetic_tts,clean
data/fake/tamil\fake_tam_1299.wav,Tamil,"ஆனால், அவை உயர்ந்த தரத்தைச் சார்ந்தவையல்ல என்று ஆங்கில்வணிகர்கள் கூறினர்.",fake,facebook/mms-tts-tam,synthetic_tts,clean
data/fake/tamil\fake_tam_1300.wav,Tamil,"பிரகாரத்தைச் சுற்றிக் கொண்டு சன்னதியை அடைந்த போது, அங்கு கண்ட காட்சி பாபுவிற்கு வியப்பை அளித்தது.",fake,facebook/mms-tts-tam,synthetic_tts,clean
data/fake/tamil\fake_tam_1301.wav,Tamil,அவள் மனத்தில் நரவாண தத்தனைப் பற்றிய ஒரே நினைவுதான் இருந்தது.,fake,facebook/mms-tts-tam,synthetic_tts,clean
data/fake/tamil\fake_tam_1302.wav,Tamil,படித்தவர்கள் செய்த தவறுகளின் பயனே ஆட்சிமுறைகள்.,fake,facebook/mms-tts-tam,synthetic_tts,clean
data/fake/tamil\fake_tam_1303.wav,Tamil,புகழ் பெற்றிருந்த பழைய லங்கா தகனக் காட்சிகளை அப்பாவி இலங்கைத் தமிழர்கள் நிதர்சனமாக அனுபவித்துக் கொண்டிருந்தனர்.,fake,facebook/mms-tts-tam,synthetic_tts,clean
data/fake/tamil\fake_tam_1304.wav,Tamil,அழகான கலைக்கு அற்புதமான மெருகு ஏற்றுவது கலைஞன் கையில் இருக்கிறது.,fake,facebook/mms-tts-tam,synthetic_tts,clean
data/fake/tamil\fake_tam_1305.wav,Tamil,வண்டிக்கு முன்னால் குதிரையைப் பூட்டுவதால் பின்னால்.,fake,facebook/mms-tts-tam,synthetic_tts,clean
data/fake/tamil\fake_tam_1306.wav,Tamil,இவர்கள்தாம் இன்றைய போராட்டத்திற்குரிய மக்கள்.,fake,facebook/mms-tts-tam,synthetic_tts,clean
data/fake/tamil\fake_tam_1307.wav,Tamil,ராஜாஜியைப் பரிதாபகரமாகப் பார்த்தேன்.,fake,facebook/mms-tts-tam,synthetic_tts,clean
data/fake/tamil\fake_tam_1308.wav,Tamil,எந்தக் கதையை எடுத்தாலும் கல்யாணத்தோடு முடிக்க வேண்டுமென்று நினைப்பது நம் நாட்டு வழக்கம்.,fake,facebook/mms-tts-tam,synthetic_tts,clean
data/fake/tamil\fake_tam_1309.wav,Tamil,இந்த புத்திளம் அயிஷாவோ அப்படியல்ல.,fake,facebook/mms-tts-tam,synthetic_tts,clean
data/fake/tamil\fake_tam_1310.wav,Tamil,"அதில் கலந்து கொண்ட தொண்டர்படை அதிகாரிகள் தான்பிரீன், ஸின்டிரீஸி, லிமஸ் ராபின்ஸன், எர்னி ஒ மல்லி, ஸின்ஹோகன் ஆகியோர்.",fake,facebook/mms-tts-tam,synthetic_tts,clean
data/fake/tamil\fake_tam_1311.wav,Tamil,"தெலுங்கில் ஹரிச்சந்திரனாக நடித்த கே. ஸ்ரீனிவாசன் என்பவர், எங்கள் சபையை விட்டகன்று நெல்லூர் போய்ச் சேர்ந்து விட்டார்.",fake,facebook/mms-tts-tam,synthetic_tts,clean
data/fake/tamil\fake_tam_1312.wav,Tamil,டால்ஸ்டாய் தனது தமையன் கூறும் மற்றொரு செய்தியை குறிப்பிடுகிறார்.,fake,facebook/mms-tts-tam,synthetic_tts,clean
data/fake/tamil\fake_tam_1313.wav,Tamil,இதைப் பலவிடங்களில் நினைப்பூட்டுகிறார் அருணகிரியார்.,fake,facebook/mms-tts-tam,synthetic_tts,clean
data/fake/tamil\fake_tam_1314.wav,Tamil,அதுபோல நாம் திசை தெரியாமல் போய்விடாதிருக்கக் கடவுளிடத்தில் நம்மை கட்டிப் போட்டுக் கொள்ளவேண்டும்.,fake,facebook/mms-tts-tam,synthetic_tts,clean
data/fake/tamil\fake_tam_1315.wav,Tamil,"சத்துவம் ராஜசம், தாமசம் என்ற மூன்று குணங்களும் சேர்ந்து மனம் அமைந்திருக்கிறது.",fake,facebook/mms-tts-tam,synthetic_tts,clean
data/fake/tamil\fake_tam_1316.wav,Tamil,ஏதன் போர்க்கு ஆதனாய் அகப்பட்டாற்போல்.,fake,facebook/mms-tts-tam,synthetic_tts,clean
data/fake/tamil\fake_tam_1317.wav,Tamil,நாம் குருடர்களாகத்தான் இருக்கிறோம்.,fake,facebook/mms-tts-tam,synthetic_tts,clean
data/fake/tamil\fake_tam_1318.wav,Tamil,இசைக்குழுவின் ஒருங்கிணைப்பு அதன் தொழில்பயணம் முழுவதும் பிரச்சனை நிறைந்தது என்பதை நிரூபித்தது.,fake,facebook/mms-tts-tam,synthetic_tts,clean
data/fake/tamil\fake_tam_1319.wav,Tamil,வட்ட இயக்கம் சார்ந்தது.,fake,facebook/mms-tts-tam,synthetic_tts,clean
data/fake/tamil\fake_tam_1320.wav,Tamil,என்று சித்திராபதி தொடுத்த வினாவுக்கு அவள் தந்த விடை யாருமே எதிர் பார்க்கவில்லை.,fake,facebook/mms-tts-tam,synthetic_tts,clean
data/fake/tamil\fake_tam_1321.wav,Tamil,அறுக்கப் பிடித்த ஆடுபோல.,fake,facebook/mms-tts-tam,synthetic_tts,clean
data/fake/tamil\fake_tam_1322.wav,Tamil,"செய் பு செய்பு, செய் ஊ செய்யூ என்பனபோல், செய் ஆ செய்யா எனக் கருத்து கொள்ளல் வேண்டும்.",fake,facebook/mms-tts-tam,synthetic_tts,clean
data/fake/tamil\fake_tam_1323.wav,Tamil,என்னை திருப்பத்துர் சப் ஜெயிலுக்குக் கொண்டு சென்றார்கள்.,fake,facebook/mms-tts-tam,synthetic_tts,clean
data/fake/tamil\fake_tam_1324.wav,Tamil,பூபாலன் சிலைபோல அப்படியே மயக்க நிலையில் நின்று விட்டான்.,fake,facebook/mms-tts-tam,synthetic_tts,clean
data/fake/tamil\fake_tam_1325.wav,Tamil,தெளிவளிக்க இருட்கதவை உடைத்தெறிந்தான் பரிதி!,fake,facebook/mms-tts-tam,synthetic_tts,clean
data/fake/tamil\fake_tam_1326.wav,Tamil,தாய் ஏதோ தன் தந்தையிடம் பேசுவதும் அவனுக்கு இலேசாகக் கேட்டது.,fake,facebook/mms-tts-tam,synthetic_tts,clean
data/fake/tamil\fake_tam_1327.wav,Tamil,உலகம் என்பது உயர்ந்தோர் மாட்டே.,fake,facebook/mms-tts-tam,synthetic_tts,clean
data/fake/tamil\fake_tam_1328.wav,Tamil,ஆதலால் ஊழை எதிர்த்துப் போராடும் ஆற்றலுடையதாக மானுடத்தை ஆக்க விரும்புகின்றார்.,fake,facebook/mms-tts-tam,synthetic_tts,clean
data/fake/tamil\fake_tam_1329.wav,Tamil,இதையும் நான் மறுக்கிறேன்.,fake,facebook/mms-tts-tam,synthetic_tts,clean
data/fake/tamil\fake_tam_1330.wav,Tamil,நவீன உலகிலே நடை பெறும் தவறான போதனைகளே மனிதனின் மயக்கத்திற்குக் காரணமாயுள்ளன.,fake,facebook/mms-tts-tam,synthetic_tts,clean
data/fake/tamil\fake_tam_1331.wav,Tamil,அவர் உதவியுடன் துறைமுகப் பகுதியிலுள்ள நமது ஒட்டல் எலிசபெத்திற்கு எல்லோரும் போய் விடுங்கள்.,fake,facebook/mms-tts-tam,synthetic_tts,clean
data/fake/tamil\fake_tam_1332.wav,Tamil,அகத்திலே ஆயிரம் காய்த்தாலும் புறத்திலே பேசலாமா?,fake,facebook/mms-tts-tam,synthetic_tts,clean
data/fake/tamil\fake_tam_1333.wav,Tamil,மற்றொரு கம்பெனிக்குப் பையன்களைக் கடத்திக் கொண்டுபோவது சாதாரணமாக நிகழ்ந்து வந்தது.,fake,facebook/mms-tts-tam,synthetic_tts,clean
data/fake/tamil\fake_tam_1334.wav,Tamil,புத்தர் என்ன செய்வார்?,fake,facebook/mms-tts-tam,synthetic_tts,clean
data/fake/tamil\fake_tam_1335.wav,Tamil,முதியவர்கள் பலர் மண்ணில் மறைந்துவிட்டனர்.,fake,facebook/mms-tts-tam,synthetic_tts,clean
data/fake/tamil\fake_tam_1336.wav,Tamil,சத்தியாக்கிரகத்தை ஓர் இயக்கமாக்கி அதனால் பிரிட்டிஷ் அரசுக்குத் தொல்லைகளை உருவாக்கக் கூடாது என்று அவர் எண்ணினார்.,fake,facebook/mms-tts-tam,synthetic_tts,clean
data/fake/tamil\fake_tam_1337.wav,Tamil,திருமாலின் புகழைப் பாடினர்.,fake,facebook/mms-tts-tam,synthetic_tts,clean
data/fake/tamil\fake_tam_1338.wav,Tamil,அதுதான் எனக்கும் ஆசையா இருக்கிறது.,fake,facebook/mms-tts-tam,synthetic_tts,clean
data/fake/tamil\fake_tam_1339.wav,Tamil,தலைவி சொன்னாள். சங்கிலி அமர்ந்தாள்.,fake,facebook/mms-tts-tam,synthetic_tts,clean
data/fake/tamil\fake_tam_1340.wav,Tamil,என்னுளத்தில் தன்வடிவம் இட்டஎழில் மங்கை,fake,facebook/mms-tts-tam,synthetic_tts,clean
data/fake/tamil\fake_tam_1341.wav,Tamil,இந்த முறையை அரசுகள் தவறாது காப்பாற்ற இது வேண்டும்!,fake,facebook/mms-tts-tam,synthetic_tts,clean
data/fake/tamil\fake_tam_1342.wav,Tamil,ஒருவர் தனது ஆண்களின் சாதாரண பார்வையால் சுமார் ஐயாயிரம் விண்மீன்களை மட்டுமே பார்த்து வந்தார்கள்.,fake,facebook/mms-tts-tam,synthetic_tts,clean
data/fake/tamil\fake_tam_1343.wav,Tamil,கொழும்பு முதலிய தூர தேசத்திலிருந்தும் சிலர் பணம் அனுப்பினர்.,fake,facebook/mms-tts-tam,synthetic_tts,clean
data/fake/tamil\fake_tam_1344.wav,Tamil,நான்தான் கேமேன் தீவுகளில் இருந்து வரும் போதைப் பொருள்களை வாங்கி கனடாவுக்குள் கொண்டு போவதைத் தடுத்தவன்.,fake,facebook/mms-tts-tam,synthetic_tts,clean
data/fake/tamil\fake_tam_1345.wav,Tamil,மருதப்பா புருஷோத்தமனக நடிப்பார்.,fake,facebook/mms-tts-tam,synthetic_tts,clean
data/fake/tamil\fake_tam_1346.wav,Tamil,அவர் ஜெர்மனியில் இந்த வார்த்தை சொன்னார்.,fake,facebook/mms-tts-tam,synthetic_tts,clean
data/fake/tamil\fake_tam_1347.wav,Tamil,வட பக்கத்திலே இந்தக் களிற்றின் இளைய களிறாகிய முருகன் உட்கார்ந்திருக்கிறான்.,fake,facebook/mms-tts-tam,synthetic_tts,clean
data/fake/tamil\fake_tam_1348.wav,Tamil,"நாவல் ஆர்ட் பிரிண்டர்ஸ், சென்னை",fake,facebook/mms-tts-tam,synthetic_tts,clean
data/fake/tamil\fake_tam_1349.wav,Tamil,அந்த விக்கிரகம் உயரமான ஓர் இடத்தில் அமைக்கப்பட்டிருந்தது.,fake,facebook/mms-tts-tam,synthetic_tts,clean
data/fake/tamil\fake_tam_1350.wav,Tamil,ஒரு மனிதனுக்கு கிடைக்கக் கூடிய பெரிய மரியாதை இதை விட எது?,fake,facebook/mms-tts-tam,synthetic_tts,clean
data/fake/tamil\fake_tam_1351.wav,Tamil,"கோடை காலத்தில் கொசுக்கள எரிச்சலூட்டும், அவை நோய்களையும் பரப்பக்கூடும்.",fake,facebook/mms-tts-tam,synthetic_tts,clean
data/fake/tamil\fake_tam_1352.wav,Tamil,மின்னழுத்தம் அதிகமாகும் பொழுது உருகி மின்னோட்டத்தைத் துண்டிக்கும்.,fake,facebook/mms-tts-tam,synthetic_tts,clean
data/fake/tamil\fake_tam_1353.wav,Tamil,"ரேஷன் கஷ்டம், ஆபீஸ் வேலை, இண்டியன் யூனியன்...... உன்னை வந்து கேட்கிறேனே, என்னைச் சொல்லு!",fake,facebook/mms-tts-tam,synthetic_tts,clean
data/fake/tamil\fake_tam_1354.wav,Tamil,வெளிநாட்டரசர்களும் வருகின்ற நேரம். மந்திரி நாட்டின்,fake,facebook/mms-tts-tam,synthetic_tts,clean
data/fake/tamil\fake_tam_1355.wav,Tamil,அப்படி ஒரு வெறியை பக்தர் ஒருவருக்கு உண்டாகிய திருப்பதி தான் ஆழ்வார் திருநகரி என்னும் குருகூர்.,fake,facebook/mms-tts-tam,synthetic_tts,clean
data/fake/tamil\fake_tam_1356.wav,Tamil,லஞ்சம் வாங்குபவர்களைத் தண்டிப்பதைவிடக் கொடுப்பவர்களைத்தான் தண்டிக்க வேண்டும் என்று ஒரு போடு போட்டார்.,fake,facebook/mms-tts-tam,synthetic_tts,clean
data/fake/tamil\fake_tam_1357.wav,Tamil,வீட்டுக்குள் இருப்பவனுக்கு வீதியில் இருக்கிற பொருள் தெரியாதபடி தடுக்கின்றது சுவர்.,fake,facebook/mms-tts-tam,synthetic_tts,clean
data/fake/tamil\fake_tam_1358.wav,Tamil,"இனிய செல்வ, நமது காங்கிரஸ் நண்பர்கள் எண்ணிப் பார்த்து மறைமலையடிகள் பெயரை ஏற்பது பெருமை தரும்.",fake,facebook/mms-tts-tam,synthetic_tts,clean
data/fake/tamil\fake_tam_1359.wav,Tamil,அட்டை மாதிரி உறிஞ்சுகிறான்.,fake,facebook/mms-tts-tam,synthetic_tts,clean
data/fake/tamil\fake_tam_1360.wav,Tamil,தூக்குனங்குருவி குரங்குக்குப் புத்தி சொன்னது போல,fake,facebook/mms-tts-tam,synthetic_tts,clean
data/fake/tamil\fake_tam_1361.wav,Tamil,சார்ல்ஸ்டவுனில் லைட் அப் சார்ல்ஸ்டவுன்தான் விழாவின் தொடக்க நிகழ்ச்சி.,fake,facebook/mms-tts-tam,synthetic_tts,clean
data/fake/tamil\fake_tam_1362.wav,Tamil,அவனுக்கு அஞ்சாத உயிரே கிடையாது.,fake,facebook/mms-tts-tam,synthetic_tts,clean
data/fake/tamil\fake_tam_1363.wav,Tamil,"ஒருவருக்கொருவர் தேவைப்பட்டவர்களாக, ஒருவரையின்றி மற்றொருவர் இல்லை என்கிற அளவுக்கு வாழ்நிலை அமைந்தது.",fake,facebook/mms-tts-tam,synthetic_tts,clean
data/fake/tamil\fake_tam_1364.wav,Tamil,லீலா எங்கே அண்ணா இன்றைக்கு இவ்வளவு சீக்கிரமாய்ப் புறப்பட்டு விட்டீர்கள்?,fake,facebook/mms-tts-tam,synthetic_tts,clean
data/fake/tamil\fake_tam_1365.wav,Tamil,சொத்தைப் பல்லைச் சுரண்டிய படியே,fake,facebook/mms-tts-tam,synthetic_tts,clean
data/fake/tamil\fake_tam_1366.wav,Tamil,திறமையும் அழகுணர்ச்சியும் மிக்க ஓவியன் தன் இளமைப் பருவத்தில் அனுராகக் கனவுகள் மிதக்கும் மனநிலையோடு தீட்டியது போன்ற முகம்.,fake,facebook/mms-tts-tam,synthetic_tts,clean
data/fake/tamil\fake_tam_1367.wav,Tamil,பொருள்களிலேயே உள்ளார்ந்து இருக்கும் நியதிகளால் பொருள் இயக்கம் தோன்றுகிறது.,fake,facebook/mms-tts-tam,synthetic_tts,clean
data/fake/tamil\fake_tam_1368.wav,Tamil,சூரியனுடைய சத்து நெருப்பு.,fake,facebook/mms-tts-tam,synthetic_tts,clean
data/fake/tamil\fake_tam_1369.wav,Tamil,காலம் அறிந்து செய்க!,fake,facebook/mms-tts-tam,synthetic_tts,clean
data/fake/tamil\fake_tam_1370.wav,Tamil,அவன் மடிந்தான் என்றே மற்றவர்கள் கருதினார்கள்.,fake,facebook/mms-tts-tam,synthetic_tts,clean
data/fake/tamil\fake_tam_1371.wav,Tamil,பேச்சுரிமையைக் காக்கும் களம் அது.,fake,facebook/mms-tts-tam,synthetic_tts,clean
data/fake/tamil\fake_tam_1372.wav,Tamil,"முருகனையும் சண்முகனையும் வணங்கி விட்டு உட்பிராகாரத்தைச் சுற்றினால், ஈசான்ய மூலையில் ஒரு கம்பீரமான வடிவம் நிற்கும்.",fake,facebook/mms-tts-tam,synthetic_tts,clean
data/fake/tamil\fake_tam_1373.wav,Tamil,காங்கிரசிற்கு ராஜாஜி வேண்டாம் என்று திரு காமராஜ் அவர்களும் மற்றும் சிலரும் வாதாடினார்கள்.,fake,facebook/mms-tts-tam,synthetic_tts,clean
data/fake/tamil\fake_tam_1374.wav,Tamil,பரிசுச் சீட்டுகள் பெரும்பாலும் ஏழைகள் தான் வாங்குகிறார்கள்.,fake,facebook/mms-tts-tam,synthetic_tts,clean
data/fake/tamil\fake_tam_1375.wav,Tamil,அக்கோயிலும் அங்குள்ள இன்ப வடிவங்களும் என் நினைவில் என்றும் பசுமையாக இருக்க வேணும்.,fake,facebook/mms-tts-tam,synthetic_tts,clean
data/fake/tamil\fake_tam_1376.wav,Tamil,"வகை ஒன்று, வியூகச் சிறப்பு அணுப் பொருள்.",fake,facebook/mms-tts-tam,synthetic_tts,clean
data/fake/tamil\fake_tam_1377.wav,Tamil,அப்படிக் கடந்து சென்று கொண்டிருந்த ஒரு குதிரை அவன் அருகிலே நின்றது.,fake,facebook/mms-tts-tam,synthetic_tts,clean
data/fake/tamil\fake_tam_1378.wav,Tamil,படத்தைக் கண்டவுடன் குறிப்பைத் தெரிந்துகொண்டு உதயணன் வினாவினால் செய்தியைச் சொல்லிவிடுமாறும் சாங்கியத் தாய்க்குக் கூறினான்.,fake,facebook/mms-tts-tam,synthetic_tts,clean
data/fake/tamil\fake_tam_1379.wav,Tamil,ஊசலின் நீளம் என்றால் என்ன?,fake,facebook/mms-tts-tam,synthetic_tts,clean
data/fake/tamil\fake_tam_1380.wav,Tamil,இத்தனை பேர் பெண்டுகளில் என் பிள்ளைக்கு ஒரு தாய் இல்லை.,fake,facebook/mms-tts-tam,synthetic_tts,clean
data/fake/tamil\fake_tam_1381.wav,Tamil,அதற்கென்று ஒரு சில முறைகளையும் குறிப்புக்களையும் தெரிந்து கொள்வது இன்றியமையாததாகும்.,fake,facebook/mms-tts-tam,synthetic_tts,clean
data/fake/tamil\fake_tam_1382.wav,Tamil,"ஆனால், அந்த மாயவாதிகள் இந்நேரம் எங்கே ஓடி ஒளிந்தார்களோ அந்தக் குருடன் மட்டும் கூட்டாளிகளே!",fake,facebook/mms-tts-tam,synthetic_tts,clean
data/fake/tamil\fake_tam_1383.wav,Tamil,இவற்றைப் பற்றி எல்லாம் எண்ணுகையில் நமக்கு ஆக்க வேலைகள் எவற்றிலும் கவனம் செல்லுவதில்லை.,fake,facebook/mms-tts-tam,synthetic_tts,clean
data/fake/tamil\fake_tam_1384.wav,Tamil,இச்சண்டைகளால் மனிதம் இழக்கப்படுகிறது!,fake,facebook/mms-tts-tam,synthetic_tts,clean
data/fake/tamil\fake_tam_1385.wav,Tamil,நூல்களை மிக மலிவாக வெளியிட எப்படி முடிகிறது?,fake,facebook/mms-tts-tam,synthetic_tts,clean
data/fake/tamil\fake_tam_1386.wav,Tamil,எனச் சிலர் கேட்பர்.,fake,facebook/mms-tts-tam,synthetic_tts,clean
data/fake/tamil\fake_tam_1387.wav,Tamil,இல்லை கொஞ்ச தூரம் போனதும் சரியாகிவிட்டது.,fake,facebook/mms-tts-tam,synthetic_tts,clean
data/fake/tamil\fake_tam_1388.wav,Tamil,அவருடைய வைரச் சங்கிலியை நான் வேலை பார்த்தபோதே திருடி வந்து விட்டதாகப் பழி சுமத்துவது அபாண்டப் பொய்.,fake,facebook/mms-tts-tam,synthetic_tts,clean
data/fake/tamil\fake_tam_1389.wav,Tamil,மாம்பழம் விளாம்பழம் வந்த வழியில்,fake,facebook/mms-tts-tam,synthetic_tts,clean
data/fake/tamil\fake_tam_1390.wav,Tamil,அதிகக் கடினமான வேலைகளைச் செய்யக் கூடாது.,fake,facebook/mms-tts-tam,synthetic_tts,clean
data/fake/tamil\fake_tam_1391.wav,Tamil,சிந்தனையற்ற சாதாரண ஜனங்கள் மனிதனின் நன்மை அவன் உடல் சம்பந்தமான மிருக வாழ்வின் நலன்தான் என்று கருதுவார்கள்.,fake,facebook/mms-tts-tam,synthetic_tts,clean
data/fake/tamil\fake_tam_1392.wav,Tamil,"முன் செய்ததன் பயனாகிய பேறு, பாக்கியம், சற்றும் இல்லாதவன் நான்.",fake,facebook/mms-tts-tam,synthetic_tts,clean
data/fake/tamil\fake_tam_1393.wav,Tamil,"ஆமாம் இந்த அலைச்சலில் உங்களைச்		2	0	thirties	male_masculine			ta	
5ceeef037306593fc562fcdf245eb82fd55b765e4e972ff18f02f9864721bc2108d6cd9c37dd4f2c39ca54a5a3bc738b3c08b4c472a498c66bdf4eaa93d30a59	common_voice_ta_21339851.mp3	459cfd0b8976370050f688cfc83292a7dcad428830784621c2dfb91ecd868504	கர்த்தர் உரைத்தது புத்தமு தென்றறி தோழா - அந்தப்		2	1	thirties	male_masculine			ta	
5ceeef037306593fc562fcdf245eb82fd55b765e4e972ff18f02f9864721bc2108d6cd9c37dd4f2c39ca54a5a3bc738b3c08b4c472a498c66bdf4eaa93d30a59	common_voice_ta_21281902.mp3	abb8d1ec2923e0e084c673899cff236dd4754ae539bad47b77a2c4851a8acbbb	முகவிழி கவிழ்ந்து வயலில் மொய்த்தது.		2	0	thirties	male_masculine			ta	
5ceeef037306593fc562fcdf245eb82fd55b765e4e972ff18f02f9864721bc2108d6cd9c37dd4f2c39ca54a5a3bc738b3c08b4c472a498c66bdf4eaa93d30a59	common_voice_ta_21281903.mp3	a2d0d3c56cf9d9e7d0e9b292924209a53437d89b67dc39e444ffb11f81a02994	தமிழாக்கி வாசிக்கத் தருதல் வேண்டும்		2	0	thirties	male_masculine			ta	
5ceeef037306593fc562fcdf245eb82fd55b765e4e972ff18f02f9864721bc2108d6cd9c37dd4f2c39ca54a5a3bc738b3c08b4c472a498c66bdf4eaa93d30a59	common_voice_ta_21281904.mp3	9479631967176998b693face6c4fa4666e57cc2f4f634df8a389e1b329ed0b4e	தங்க மாமனார் தாமும் சிரித்தார்.		2	0	thirties	male_masculine			ta	
5ceeef037306593fc562fcdf245eb82fd55b765e4e972ff18f02f9864721bc2108d6cd9c37dd4f2c39ca54a5a3bc738b3c08b4c472a498c66bdf4eaa93d30a59	common_voice_ta_21281905.mp3	9e1dcc06884e79ca0b5bb9cb5e56c811eae900ba059c02a63a2e2e002f37ef49	சட்டென இதுதான் தக்க தென்று		2	0	thirties	male_masculine			ta	
5ceeef037306593fc562fcdf245eb82fd55b765e4e972ff18f02f9864721bc2108d6cd9c37dd4f2c39ca54a5a3bc738b3c08b4c472a498c66bdf4eaa93d30a59	common_voice_ta_21281969.mp3	8c4ac68a5e1c3c9d402faf32a8a6d7fb9773bda37416d4e3785b6b4931e14037	வருத்திட உனக்கதி கார மில்லை!		2	0	thirties	male_masculine			ta	
5ceeef037306593fc562fcdf245eb82fd55b765e4e972ff18f02f9864721bc2108d6cd9c37dd4f2c39ca54a5a3bc738b3c08b4c472a498c66bdf4eaa93d30a59	common_voice_ta_21281955.mp3	97c92db02875278c85c94e355fb5488fe2cd131f7af3e36a54b7e5c0dccbd3d4	இலையிந்த நாட்டினிலே அவனை ஒப்பார்!		2	0	thirties	male_masculine			ta	
5ceeef037306593fc562fcdf245eb82fd55b765e4e972ff18f02f9864721bc2108d6cd9c37dd4f2c39ca54a5a3bc738b3c08b4c472a498c66bdf4eaa93d30a59	common_voice_ta_21340303.mp3	153b53889004b4dc05d2bf2d4467e06d0fdaac3c7c1e2e8a67a363834b039da0	வீணே இங்ஙனம் வீராசாமி.",fake,facebook/mms-tts-tam,synthetic_tts,clean
data/fake/tamil\fake_tam_1394.wav,Tamil,ஈனம் மானம் அற்றவன் இரந்து வயிறு வளர்ப்பான்.,fake,facebook/mms-tts-tam,synthetic_tts,clean
data/fake/tamil\fake_tam_1395.wav,Tamil,"நகரின் நந்தவனங்களும், சோலைகளும், அங்கிருந்து வந்த இளந்தென்றலும் அவனைக் கூவி அழைப்பவை போல் இருந்தன.",fake,facebook/mms-tts-tam,synthetic_tts,clean
data/fake/tamil\fake_tam_1396.wav,Tamil,இரண்டும் இல்லாமல் பெண் பெண்ணாகக் காட்சி அளிக்க முடியும் என்பதை அந்த நடனத்தில் காட்டி மகிழ்வித்தனர்.,fake,facebook/mms-tts-tam,synthetic_tts,clean
data/fake/tamil\fake_tam_1397.wav,Tamil,"அலைகள் ஒன்றுக்கு ஒன்று மோதிக் கொண்டிருப்பதை அவர்கள் பார்த்தபோது, ஆலிஸ் வீட்டைப் பற்றி நினைத்தார்.",fake,facebook/mms-tts-tam,synthetic_tts,clean
data/fake/tamil\fake_tam_1398.wav,Tamil,"இனிய செல்வ, நீயே எண்ணிப்பார்!",fake,facebook/mms-tts-tam,synthetic_tts,clean
data/fake/tamil\fake_tam_1399.wav,Tamil,பின்னர் பொய்க்கால் பெற்றார்.,fake,facebook/mms-tts-tam,synthetic_tts,clean
data/fake/tamil\fake_tam_1400.wav,Tamil,முறை ஜூரம் என்றார்கள் சிலர் மலைரியா ஜுரம் என்றார்கள் வேறு சிலர்.,fake,facebook/mms-tts-tam,synthetic_tts,clean
data/fake/tamil\fake_tam_1401.wav,Tamil,தீய எண்ணங்கள் காலப்போக்கில் உடலின் செங்குருதியையே நச்சுத் தன்மை அடையச் செய்துவிடுகிறது.,fake,facebook/mms-tts-tam,synthetic_tts,clean
data/fake/tamil\fake_tam_1402.wav,Tamil,எப்பயிர் செய்யினும் நெற்பயிர் செய்.,fake,facebook/mms-tts-tam,synthetic_tts,clean
data/fake/tamil\fake_tam_1403.wav,Tamil,என்ன செய்தி? நீலக்கல் பதித்த வெள்ளி வளையல் ஒன்று கொண்டு வந்தேன்.,fake,facebook/mms-tts-tam,synthetic_tts,clean
data/fake/tamil\fake_tam_1404.wav,Tamil,நாமே பொருளீட்டி வாழும் வளமான வாழ்வு தொடர் வரலாறாக நீடிக்கும்.,fake,facebook/mms-tts-tam,synthetic_tts,clean
data/fake/tamil\fake_tam_1405.wav,Tamil,அடர்த்தியான புருவங்களுக்குக் கீழேயிருந்த அவருடைய கண்கள் சில வினாடிகள் உமாரை ஆராய்ந்தன.,fake,facebook/mms-tts-tam,synthetic_tts,clean
data/fake/tamil\fake_tam_1406.wav,Tamil,ஏழைகளாக வாழும் மக்களை அறிவுணரச் செய்வது கடுமையான பணி.,fake,facebook/mms-tts-tam,synthetic_tts,clean
data/fake/tamil\fake_tam_1407.wav,Tamil,சண்டை போட ஆரம்பித்தால்!,fake,facebook/mms-tts-tam,synthetic_tts,clean
data/fake/tamil\fake_tam_1408.wav,Tamil,"இக்கொடையே இவர்கள் சிறப்புக்கெல்லாம் சிகரம் இதை முதல்வர், சொல்லி முடித்தது தான் தாமதம், நீண்ட பலமான கைதட்டல் வகுப்பிலே.",fake,facebook/mms-tts-tam,synthetic_tts,clean
data/fake/tamil\fake_tam_1409.wav,Tamil,இது துணை அடிப்படைத் துகள்களை பகுத்தறியப் பயன்படுவது.,fake,facebook/mms-tts-tam,synthetic_tts,clean
data/fake/tamil\fake_tam_1410.wav,Tamil,இப்படி உதவும் எண்ணற்ற நிகண்டு நூல்கள் தமிழில் உண்டு இன்றும் உள்ளன.,fake,facebook/mms-tts-tam,synthetic_tts,clean
data/fake/tamil\fake_tam_1411.wav,Tamil,கேட்பதற்கு இனிமையாக இருந்தது.,fake,facebook/mms-tts-tam,synthetic_tts,clean
data/fake/tamil\fake_tam_1412.wav,Tamil,தெற்கில் ஐந்தாவது டிகிரியிலும் இருக்கலாமே? என்று மைமன் தன் ஐயப்பாட்டைக் கூறினான்.,fake,facebook/mms-tts-tam,synthetic_tts,clean
data/fake/tamil\fake_tam_1413.wav,Tamil,"ஆகவே, பலமுள்ளவர் களுக்குரிய ஆட்டம் கபாடி ஆட்டம் என்று கூறப்படும் மொழிக்கு உதாரணமாக இந்த ஆட்ட முறை அமைந்திருக்கிறது.",fake,facebook/mms-tts-tam,synthetic_tts,clean
data/fake/tamil\fake_tam_1414.wav,Tamil,அக்காலத்தில் ரோம் ராஜ்யத்தில் பெரும்பான்மையோருடைய மதம் வேறு.,fake,facebook/mms-tts-tam,synthetic_tts,clean
data/fake/tamil\fake_tam_1415.wav,Tamil,பெரிய மனிதர்களுக்கு நோய் வருவதே ஒரு சித்திரவதை!,fake,facebook/mms-tts-tam,synthetic_tts,clean
data/fake/tamil\fake_tam_1416.wav,Tamil,உமார் அந்த ஒரு குவளை மதுவையும் குடித்து விட்டுத்தான் கீழே வைத்தான்.,fake,facebook/mms-tts-tam,synthetic_tts,clean
data/fake/tamil\fake_tam_1417.wav,Tamil,உதயணனுக்கோ தற்செயலாகவும் சாதாரணமாகவும் தனக்குக் கிடைத்துவிட்ட பெரிய வெற்றியை எண்ணி வியப்பாக இருந்தது.,fake,facebook/mms-tts-tam,synthetic_tts,clean
data/fake/tamil\fake_tam_1418.wav,Tamil,என்னைப் பெரிய வழக்கிலிருந்து விடுதலைசெய்து வைத்த ராஜாஜியைப் பார்த்து நன்றி சொல்லவேண்டும் என்று ஏற்கனவே நினைத்து இருந்தேன்.,fake,facebook/mms-tts-tam,synthetic_tts,clean
data/fake/tamil\fake_tam_1419.wav,Tamil,அந்தக் காலத்தில் பிள்ளையவர்கள் மிகப் பிரசித்திபெற்ற நடிகர்.,fake,facebook/mms-tts-tam,synthetic_tts,clean
data/fake/tamil\fake_tam_1420.wav,Tamil,அடுத்து நாவடக்கம் பற்றியும் மூன்று குறள்களில் பேசுகிறது.,fake,facebook/mms-tts-tam,synthetic_tts,clean
data/fake/tamil\fake_tam_1421.wav,Tamil,அவள் தகுதி உடையவர்க்கே கதவினைத் திறந்து விடுவாள்.,fake,facebook/mms-tts-tam,synthetic_tts,clean
data/fake/tamil\fake_tam_1422.wav,Tamil,உதவி மேனேஜர் எங்கே?,fake,facebook/mms-tts-tam,synthetic_tts,clean
data/fake/tamil\fake_tam_1423.wav,Tamil,அசட்டுக் காரியங்களைச் செய்வதனால் நாம் இன்பத்தை அடைவதில்லை தவிக்கிறோம் துன்புறுகிறோம்.,fake,facebook/mms-tts-tam,synthetic_tts,clean
data/fake/tamil\fake_tam_1424.wav,Tamil,செல்வச் செருக்கு உடன் சேர்கின்றது.,fake,facebook/mms-tts-tam,synthetic_tts,clean
data/fake/tamil\fake_tam_1425.wav,Tamil,இடுகாட்டுக்குப் போகும் பாதையில் இறங்கிக் கொண்டு அந்தக் கழுதைக் காரனுக்கு நன்றி கூறினான்.,fake,facebook/mms-tts-tam,synthetic_tts,clean
data/fake/tamil\fake_tam_1426.wav,Tamil,"அன்பினில், குறிக்கோளில், சால்பில் உயிரை நிறுத்தி வாழ்தல் வாழ்வாங்கு வாழும் வாழ்க்கையாகும்.",fake,facebook/mms-tts-tam,synthetic_tts,clean
data/fake/tamil\fake_tam_1427.wav,Tamil,பழைய செய்தி இதில் எந்த சுவாரசியமும் காணவில்லை.,fake,facebook/mms-tts-tam,synthetic_tts,clean
data/fake/tamil\fake_tam_1428.wav,Tamil,எதிராளியை தோள்களினால் தள்ளும் பயிற்சி செய்யவும்.,fake,facebook/mms-tts-tam,synthetic_tts,clean
data/fake/tamil\fake_tam_1429.wav,Tamil,"இப்படி ஏராளமானவர்களின் நூல்களை வெளியிட்டு, பெரிய விழாக்கள் நடத்தி எழுத்தாளர்களுக்குக் கெளரவம் செய்யும் வழக்கத்தை ஏற்படுத்தியது தமிழ்ப் பண்ணையே!",fake,facebook/mms-tts-tam,synthetic_tts,clean
data/fake/tamil\fake_tam_1430.wav,Tamil,"ஆனால் வைத்தியர்கள் தங்களுடைய அரசியல் கொள்கை எப்படியிருந்போதிலும், சர்க்காருடைய உத்தரவை நிறைவேற்றுவதில்லை.",fake,facebook/mms-tts-tam,synthetic_tts,clean
data/fake/tamil\fake_tam_1431.wav,Tamil,எவருமே அதற்குப் பதில் சொல்லவில்லை.,fake,facebook/mms-tts-tam,synthetic_tts,clean
data/fake/tamil\fake_tam_1432.wav,Tamil,மிருக இயல்புள்ள நமது அகங்காரத்தைப் பகுத்தறிவுக்குப் பணிந்திருக்கச் செய்வதை அறிந்து கொள்வது தான் அந்த முக்கியமான பொருள்.,fake,facebook/mms-tts-tam,synthetic_tts,clean
data/fake/tamil\fake_tam_1433.wav,Tamil,மூன்று எழுத்துகளும் மரணத்தால் தாக்கப்பட்டுள்ளன.,fake,facebook/mms-tts-tam,synthetic_tts,clean
data/fake/tamil\fake_tam_1434.wav,Tamil,அழகிய மலைப் பாதைகள் சமவெளிகளையும் இம் மலைகளையும் இணைக்கின்றன.,fake,facebook/mms-tts-tam,synthetic_tts,clean
data/fake/tamil\fake_tam_1435.wav,Tamil,நமக்குப் பால் தந்து காக்கும் ஆவிற்கு ஒருவாய்ப் புல்லாவது கொடுக்கலாமே என்கிறார்.,fake,facebook/mms-tts-tam,synthetic_tts,clean
data/fake/tamil\fake_tam_1436.wav,Tamil,அடைவுற—பொத்தல் இன்றி நன்றாக அடைத்து.,fake,facebook/mms-tts-tam,synthetic_tts,clean
data/fake/tamil\fake_tam_1437.wav,Tamil,என்னுடைய அறைக்குள்ளே பட்டுத் துணிகள் அடுக்கி வைத்திருக்கும் இடத்திற்குப் பக்கத்திலே என்னுடைய ரத்தினப் பெட்டியிருக்கிறது.,fake,facebook/mms-tts-tam,synthetic_tts,clean
data/fake/tamil\fake_tam_1438.wav,Tamil,தமிழ் மக்கள் இந்தப் புத்தகத்தில் உள்ள பழமொழிகளைப் படித்து இன்புறுவார்கள் என்று நம்புகிறேன்.,fake,facebook/mms-tts-tam,synthetic_tts,clean
data/fake/tamil\fake_tam_1439.wav,Tamil,ஆனையை நம்பிப் பிழைக்கலாம் ஆண்டியை நம்பிப் பிழைக்க முடியுமா?,fake,facebook/mms-tts-tam,synthetic_tts,clean
data/fake/tamil\fake_tam_1440.wav,Tamil,கொஞ்சம் கீழே இறங்கி வாங்க,fake,facebook/mms-tts-tam,synthetic_tts,clean
data/fake/tamil\fake_tam_1441.wav,Tamil,எதினியர்களின் கைக்கு உரியதாயிற்று.,fake,facebook/mms-tts-tam,synthetic_tts,clean
data/fake/tamil\fake_tam_1442.wav,Tamil,செய் நன்றி அறிதல் நல்லது செய்கிறார்கள் உடனே அதனை மறந்துவிடுகிறோம் மறதியா இதற்குக் காரணம்?,fake,facebook/mms-tts-tam,synthetic_tts,clean
data/fake/tamil\fake_tam_1443.wav,Tamil,"குவாமில், வெளிநாட்டு இனக் குழுக்களின் குடியேற்றம் முதலில் சிறிய அளவில் இருந்தது.",fake,facebook/mms-tts-tam,synthetic_tts,clean
data/fake/tamil\fake_tam_1444.wav,Tamil,முதுமையின் அறிகுறி இது முதிர்ந்து அறிவு பெறுகிறாய் என்பதற்கு இது அடையாளம் என்றார்.,fake,facebook/mms-tts-tam,synthetic_tts,clean
data/fake/tamil\fake_tam_1445.wav,Tamil,சாவை நோக்கி மெல்ல மெல்ல நகர்கின்றோம்.,fake,facebook/mms-tts-tam,synthetic_tts,clean
data/fake/tamil\fake_tam_1446.wav,Tamil,யிலன் கவுண்டியில் இன்று பெரும்பான்மை மக்களாக ஹான் சீனர்கள் வசிக்கின்றனர்.,fake,facebook/mms-tts-tam,synthetic_tts,clean
data/fake/tamil\fake_tam_1447.wav,Tamil,தனி மனிதனின் தேவைகள் அவனுடைய மிருக வாழ்க்கைக்கு உரியவை.,fake,facebook/mms-tts-tam,synthetic_tts,clean
data/fake/tamil\fake_tam_1448.wav,Tamil,மணற்புயலையும் எழுப்பி வீசச் செய்வேன்!,fake,facebook/mms-tts-tam,synthetic_tts,clean
data/fake/tamil\fake_tam_1449.wav,Tamil,"மைக்கல் பாரடே, ஓர் ஆயிரத்து எண்ணூற்று முப்பத்தொன்று.",fake,facebook/mms-tts-tam,synthetic_tts,clean
data/fake/tamil\fake_tam_1450.wav,Tamil,அந்த நேரத்தில் தேவையுள்ள பணமும் எப்படியாவது கிடைத்துவிடும்.,fake,facebook/mms-tts-tam,synthetic_tts,clean
data/fake/tamil\fake_tam_1451.wav,Tamil,இல்லாவிட்டால் நம்முடைய தொன்னூற்றேழு போய் விடாதா?,fake,facebook/mms-tts-tam,synthetic_tts,clean
data/fake/tamil\fake_tam_1452.wav,Tamil,சோலை முழுவதும் மணம் நிறைந்த பலபல வண்ணப் பூக்கள் பூத்துக் குலுங்குகின்றன.,fake,facebook/mms-tts-tam,synthetic_tts,clean
data/fake/tamil\fake_tam_1453.wav,Tamil,பூவின் அடுக்கு அவர்களுக்கு இடுக்கண் தந்தது.,fake,facebook/mms-tts-tam,synthetic_tts,clean
data/fake/tamil\fake_tam_1454.wav,Tamil,அதிகாலையில் நகரைச் சுற்றி வரும்போது தங்களுடைய ஆள் ஒருவன் ஓரிடத்திலே பிணமாகிக் கிடப்பதைக் கண்டோம்.,fake,facebook/mms-tts-tam,synthetic_tts,clean
data/fake/tamil\fake_tam_1455.wav,Tamil,குழந்தை பட்டுவின் விவாக விஷயத்தில் சாஸ்திரியாரின் விருப்பம் வேறாயிருந்தது.,fake,facebook/mms-tts-tam,synthetic_tts,clean
data/fake/tamil\fake_tam_1456.wav,Tamil,"ஆம்பியர், ஒம், ஜூல், நியூட்டன்.",fake,facebook/mms-tts-tam,synthetic_tts,clean
data/fake/tamil\fake_tam_1457.wav,Tamil,மறைவு நிகழ்ச்சிகளை அம்பலப் படுத்துவது ஒப்புக்கொள்ள முடியாத ஒன்று.,fake,facebook/mms-tts-tam,synthetic_tts,clean
data/fake/tamil\fake_tam_1458.wav,Tamil,சுற்றி வளைத்துத் துன்புறுத்திக் கொண்டிருந்த வேடர்கள் அதிர்ச்சி அடைந்தனர்.,fake,facebook/mms-tts-tam,synthetic_tts,clean
data/fake/tamil\fake_tam_1459.wav,Tamil,"அவர் பத்ருப் போரின் போது, முஸ்லிம்களிடம் சிறைப்பட்டு, மீட்புத் தொகை கொடுத்து விடுதலையானவர்.",fake,facebook/mms-tts-tam,synthetic_tts,clean
data/fake/tamil\fake_tam_1460.wav,Tamil,தொழில் ⁠முன்பு வேட்டையாடுதல் மீன் பிடித்தல் மட்டுமே இவர்களது தொழிலாக இருந்தன.,fake,facebook/mms-tts-tam,synthetic_tts,clean
data/fake/tamil\fake_tam_1461.wav,Tamil,"அங்ஙனம், இங்ஙனம், எங்ஙனம், யாங்ஙனம் எனச் சுட்டிலும் வினாவிலும் ங் மிகும்.",fake,facebook/mms-tts-tam,synthetic_tts,clean
data/fake/tamil\fake_tam_1462.wav,Tamil,நொய்ந்து கிடந்த அந்தண மைந்தர்களை உண்டவன் கொழு கொழுத்த நரனைக் கண்டதும் நாவில் நீர் ஊறக் காத்து இருந்தான்.,fake,facebook/mms-tts-tam,synthetic_tts,clean
data/fake/tamil\fake_tam_1463.wav,Tamil,இந்த செயல்பாடுகளின் போது ஷாக்கிளுக்கு எந்த பாதிப்பும் உயிரிழப்புகளும் நேரவில்லை.,fake,facebook/mms-tts-tam,synthetic_tts,clean
data/fake/tamil\fake_tam_1464.wav,Tamil,அந்தப் பணப்பெட்டியை வெளியே தூக்கியெறி! என்றான்.,fake,facebook/mms-tts-tam,synthetic_tts,clean
data/fake/tamil\fake_tam_1465.wav,Tamil,லாங் ஸ்ட்ரீட் பன்முகப்படுத்தப்பட்ட கலாச்சாரத்தை வெளிப்படுத்துகிறது மற்றும் உலகம் முழுவதிலுமிருந்து சுற்றுலாப் பயணிகளை ஈர்க்கிறது.,fake,facebook/mms-tts-tam,synthetic_tts,clean
data/fake/tamil\fake_tam_1466.wav,Tamil,உழவும் தரிசும் ஓரிடத்திலே ஊமையும் செவிடனும் ஒரு மடத்திலே.,fake,facebook/mms-tts-tam,synthetic_tts,clean
data/fake/tamil\fake_tam_1467.wav,Tamil,"இந்த படத்தில், அவர்கள் இசைக்கலைஞர்களாக ஆசைப்படும் குழந்தைகளுக்கான பிரச்சனையை ஏற்படுத்தும் இளைய உறவினர்களை சித்தரித்தனர்.",fake,facebook/mms-tts-tam,synthetic_tts,clean
data/fake/tamil\fake_tam_1468.wav,Tamil,நம் இல்லத்தில் உள்ள ஒவ்வொருவருக்கும் புரியவைத்து—வாழ வைப்பதே நல்லது.,fake,facebook/mms-tts-tam,synthetic_tts,clean
data/fake/tamil\fake_tam_1469.wav,Tamil,நமக்குள்ள பொறுப்பு ஏராளம்.,fake,facebook/mms-tts-tam,synthetic_tts,clean
data/fake/tamil\fake_tam_1470.wav,Tamil,மைக்ரோகார்ஸ் உற்பத்தியில் இந்நிறுவனம் சிறப்பு வாய்ந்தது.,fake,facebook/mms-tts-tam,synthetic_tts,clean
data/fake/tamil\fake_tam_1471.wav,Tamil,உணவில் பல்வகை பொருள் சேர்ப்பதற்குக் காரணம் ருசிக்காக மட்டுமல்ல.,fake,facebook/mms-tts-tam,synthetic_tts,clean
data/fake/tamil\fake_tam_1472.wav,Tamil,பின்னால் அது நின்றுபோய் விட்டது.,fake,facebook/mms-tts-tam,synthetic_tts,clean
data/fake/tamil\fake_tam_1473.wav,Tamil,"கொற்றவனும் வந்தான் என்பதூஉம், இறந்த சாத்தன் வரவாகிய எச்சங்குறித்து நிற்றலின் எச்ச உம்மை.",fake,facebook/mms-tts-tam,synthetic_tts,clean
data/fake/tamil\fake_tam_1474.wav,Tamil,பிரெட் ஈஸ்டன் எல்லிசின் “கிளாமோராமா” புத்தகத்திலும் இந்த தொலைபேசி குறிப்பிடப்பட்டுள்ளது.,fake,facebook/mms-tts-tam,synthetic_tts,clean
data/fake/tamil\fake_tam_1475.wav,Tamil,அவர்களுடைய ஒரே கனவு தாய்நாடு விடுதலை பெற்று சுதந்திரக் காற்று வீச வேண்டும் என்பதே.,fake,facebook/mms-tts-tam,synthetic_tts,clean
data/fake/tamil\fake_tam_1476.wav,Tamil,"இக் கட்டடங்களில் மின்னாற்றல் நிலையங்கள், தங்குமிடங்கள், உணவு அருந்தும் இடம், சமையலறை, ஆய்வுக்களங்கள், பண்டசாலை முதலியவை அமைக்கப்பட்டுள்ளன.",fake,facebook/mms-tts-tam,synthetic_tts,clean
data/fake/tamil\fake_tam_1477.wav,Tamil,"ஒவ்வொரு நாள் மாலையிலும், தங்களிடமிருந்து ஏதாவது செய்தி கிடைத்ததா என்று கேட்டுக் கொண்டேயிருகிறாள் என்று பதில் கூறினான்.",fake,facebook/mms-tts-tam,synthetic_tts,clean
data/fake/tamil\fake_tam_1478.wav,Tamil,"இந்த நிலையில் விரக்தியுற்ற இளைஞர், ஆயுதம் தாங்கிய போராட்டத்தில் தீவிரமாய் ஈடுபடத் தொடங்கினர்.",fake,facebook/mms-tts-tam,synthetic_tts,clean
data/fake/tamil\fake_tam_1479.wav,Tamil,நம்மைவிட எளியவரிடத்துக் கோபம் கொள்கிறோம் நம்மைவிட வலியவரிடத்து அடங்கி இருக்கிறோம்.,fake,facebook/mms-tts-tam,synthetic_tts,clean
data/fake/tamil\fake_tam_1480.wav,Tamil,"காலம், இடம் என்பவை புறப் பரிமாணங்கள் அவற்றை அனுசரித்தே செயல்பட வேண்டும்.",fake,facebook/mms-tts-tam,synthetic_tts,clean
data/fake/tamil\fake_tam_1481.wav,Tamil,பொதுநல ராஜ்ஜியம் தோன்றக் காரணம் என்ன!,fake,facebook/mms-tts-tam,synthetic_tts,clean
data/fake/tamil\fake_tam_1482.wav,Tamil,அன்பு வளரும் அறம் அவனை வாழ்த்தும்.,fake,facebook/mms-tts-tam,synthetic_tts,clean
data/fake/tamil\fake_tam_1483.wav,Tamil,போஜனத்துக்குமேல் மத்தியான ரெயிலில் புறப்பட்டு சாயங்காலம் கும்பகோணம் வந்து சேர்ந்தோம்.,fake,facebook/mms-tts-tam,synthetic_tts,clean
data/fake/tamil\fake_tam_1484.wav,Tamil,காலையில் ஞாயிற்றை நோக்கி வழிபடின் கண் ஒளி பெருகும்.,fake,facebook/mms-tts-tam,synthetic_tts,clean
data/fake/tamil\fake_tam_1485.wav,Tamil,அரிஸ்டாட்டில் தத்துவத்தை கலீலியோ வென்றார் எட்டு.,fake,facebook/mms-tts-tam,synthetic_tts,clean
data/fake/tamil\fake_tam_1486.wav,Tamil,"அதற்கெல்லாம் குறைவில்லை, ஆட்டடா பூசாரி, அதன் கையை எடுத்து அதன் கண்ணிலே குத்துகிறது.",fake,facebook/mms-tts-tam,synthetic_tts,clean
data/fake/tamil\fake_tam_1487.wav,Tamil,"ம்... உனக்காச்சும் நான் நல்லவனாத் தோணுறேனே, அது போதும்! அவன் கண் இமைகள் நனைந்தன.",fake,facebook/mms-tts-tam,synthetic_tts,clean
data/fake/tamil\fake_tam_1488.wav,Tamil,இரண்டொன்றின் பெயர்தான் எனக்குத் தெரியும்.,fake,facebook/mms-tts-tam,synthetic_tts,clean
data/fake/tamil\fake_tam_1489.wav,Tamil,அக்கிரமம் சூழ்ச்சி அதிகாரப் பேராசை,fake,facebook/mms-tts-tam,synthetic_tts,clean
data/fake/tamil\fake_tam_1490.wav,Tamil,நேர்உழைப் பவர்தொகை!,fake,facebook/mms-tts-tam,synthetic_tts,clean
data/fake/tamil\fake_tam_1491.wav,Tamil,கலந்து பேச யாரும் முன்வருவதில்லை.,fake,facebook/mms-tts-tam,synthetic_tts,clean
data/fake/tamil\fake_tam_1492.wav,Tamil,அது போல நீயும் இரு.,fake,facebook/mms-tts-tam,synthetic_tts,clean
data/fake/tamil\fake_tam_1493.wav,Tamil,அந்தப் பாவக் கூந்தல் இருப்பதேன்?,fake,facebook/mms-tts-tam,synthetic_tts,clean
data/fake/tamil\fake_tam_1494.wav,Tamil,"அவனுடைய கருணையினாலேயே, எங்களை அரசர்களாக்கித் திரண்ட செல்வங்களுக்கு அதிபதிகளாக்கினான்.",fake,facebook/mms-tts-tam,synthetic_tts,clean
data/fake/tamil\fake_tam_1495.wav,Tamil,தாய் தந்தையை அறிந்த குழந்தை அவர்களைக் கருவியாகக் கொண்டே உலகிலுள்ளவற்றை அளக்கும்.,fake,facebook/mms-tts-tam,synthetic_tts,clean
data/fake/tamil\fake_tam_1496.wav,Tamil,தூண்டல் துலங்கல் என்றால் என்ன?,fake,facebook/mms-tts-tam,synthetic_tts,clean
data/fake/tamil\fake_tam_1497.wav,Tamil,கருத்துப் போர் நிகழவில்லை.கருத்து வளர்ச்சி நிகழ்ந்தது.,fake,facebook/mms-tts-tam,synthetic_tts,clean
data/fake/tamil\fake_tam_1498.wav,Tamil,பெருமை உடையவர்கள் தன்னடக்கம் காட்டுவார்கள்.,fake,facebook/mms-tts-tam,synthetic_tts,clean
data/fake/tamil\fake_tam_1499.wav,Tamil,"வானளாவிய மகிழ்ச்சியும் ஆட்டக்காரர் களிடையிலும், ஆடுகின்ற ரசிக்கின்ற பார்வையாளர்களுக்கிடையிலும் நிலவுகிறது என்பதை எல்லோரும் நினைவில் கொள்ள வேண்டும்.",fake,facebook/mms-tts-tam,synthetic_tts,clean
data/fake/tamil\fake_tam_1500.wav,Tamil,வீட்டிற்கு முன்னால் மட்டும் ஒரே ஒரு வழியுண்டு.,fake,facebook/mms-tts-tam,synthetic_tts,clean
data/fake/tamil\fake_tam_1501.wav,Tamil,சிந்தாமணி ஈன்றெடுத்த களைப்புடன் இருப்பதாக நர்ஸ் மூலம் செய்தி கிடைக்கிறது.,fake,facebook/mms-tts-tam,synthetic_tts,clean
data/fake/tamil\fake_tam_1502.wav,Tamil,மிக்குயிர் மேல்வைத்த கருணையாம்!,fake,facebook/mms-tts-tam,synthetic_tts,clean
data/fake/tamil\fake_tam_1503.wav,Tamil,உதயணனைச் சந்தித்தவுடனே அவன் பிங்கல கடகர்களைப் பற்றிய செய்தியைக் கூறத் தொடங்கினான்.,fake,facebook/mms-tts-tam,synthetic_tts,clean
data/fake/tamil\fake_tam_1504.wav,Tamil,என் உள்ளம் கவர்ந்த அன்பருக்கு எழுதியது.,fake,facebook/mms-tts-tam,synthetic_tts,clean
data/fake/tamil\fake_tam_1505.wav,Tamil,அவனைத் தேடிக்கொண்டு யாரோ மச்சானைப் பார்த்தீர்களா என்று குரல் கொடுத்துக் கொண்டு வந்தார்கள்.,fake,facebook/mms-tts-tam,synthetic_tts,clean
data/fake/tamil\fake_tam_1506.wav,Tamil,இது எதிர்மின்னோட்டத்தை நேர் மின்னோட்டமாக மாற்றுவது.,fake,facebook/mms-tts-tam,synthetic_tts,clean
data/fake/tamil\fake_tam_1507.wav,Tamil,அவற்றின் கழுத்துக்களிலே சீட்டுக்கள் கட்டப்பட்டிருக்கும்.,fake,facebook/mms-tts-tam,synthetic_tts,clean
data/fake/tamil\fake_tam_1508.wav,Tamil,அவனும் தரைமேல் வீழ்ந்தான்.,fake,facebook/mms-tts-tam,synthetic_tts,clean
data/fake/tamil\fake_tam_1509.wav,Tamil,ஒரு நாள் இந்தச் சர்க்கஸ்காரனை ஏமாற்றிவிட்டு ஓடி விட முன் கூட்டியே நான் திட்டங்கள் போட்டிருந்தேன்.,fake,facebook/mms-tts-tam,synthetic_tts,clean
data/fake/tamil\fake_tam_1510.wav,Tamil,அதைப் பார்த்தும் இடி விழுந்தவன் போலானேன்.,fake,facebook/mms-tts-tam,synthetic_tts,clean
data/fake/tamil\fake_tam_1511.wav,Tamil,டாம்பிகோ பாலம் வளைகுடாவில் அதன் வாய் அருகே ஆற்றைக் கடக்கிறது.,fake,facebook/mms-tts-tam,synthetic_tts,clean
data/fake/tamil\fake_tam_1512.wav,Tamil,பிறப்பியல் எழுத்துகளின் பிறப்பு ஒலி இலக்கணத்தில் இருபதாம் நூற்றாண்டில்தான் மேலைநாட்டினர் கருத்து செலுத்தியுள்ளனர்.,fake,facebook/mms-tts-tam,synthetic_tts,clean
data/fake/tamil\fake_tam_1513.wav,Tamil,அங்கே அவர்கள் அவ்வப்போது கலந்து உரையாடுகிறார்கள்.,fake,facebook/mms-tts-tam,synthetic_tts,clean
data/fake/tamil\fake_tam_1514.wav,Tamil,தீய பழக்கங்களால் கெடுவதறிந்தும் தீய பழக்கங்களிலிருந்து விடுதலை பெற முயலாதது இரங்கத்தக்கது.,fake,facebook/mms-tts-tam,synthetic_tts,clean
data/fake/tamil\fake_tam_1515.wav,Tamil,கொஞ்சம் கொஞ்சமாகப் பொது ஸ்தாபனங்களில் தொடர்பு கொள்ள ஆரம்பித்தேன்.,fake,facebook/mms-tts-tam,synthetic_tts,clean
data/fake/tamil\fake_tam_1516.wav,Tamil,"கவிதை எழுதும் பயிற்சி இல்லாமல் ஒருவன் சொல்லாட்சிகளை ஒழுங்காக, நிறைவாகச் செய்ய முடியாது.",fake,facebook/mms-tts-tam,synthetic_tts,clean
data/fake/tamil\fake_tam_1517.wav,Tamil,இச்சங்கு ஒலி கேட்டுத் தருமன் விசயனுக்கு அழிவு நேர்ந்து விட்டதோ என்று அஞ்சிக் கலக்கம் அடைந்தான்.,fake,facebook/mms-tts-tam,synthetic_tts,clean
data/fake/tamil\fake_tam_1518.wav,Tamil,அவ்வாணையின் படியே தாங்கள் அழுகிய இறைச்சியை உண்பதாகக் கூறுகின்றனர்.,fake,facebook/mms-tts-tam,synthetic_tts,clean
data/fake/tamil\fake_tam_1519.wav,Tamil,"அவ்விடத்திலிருந்து மேகமூட்டமற்ற நாளில் நோக்கினால், மைசூர் நகரம் நன்றாகத் தெரியும்.",fake,facebook/mms-tts-tam,synthetic_tts,clean
data/fake/tamil\fake_tam_1520.wav,Tamil,"திடீரென்று முயற்சி செய்தால் தவறி வீழ்ந்து, பிடிபட்டுப் போகவும் ஆட்டமிழக்கவும் கூடும்.",fake,facebook/mms-tts-tam,synthetic_tts,clean
data/fake/tamil\fake_tam_1521.wav,Tamil,"இங்ஙனமின்றி முரண்பட்டு நின்றும், கலகங்களை வளர்த்தும் வாழ்தல் கூடாது.",fake,facebook/mms-tts-tam,synthetic_tts,clean
data/fake/tamil\fake_tam_1522.wav,Tamil,இதிலிருந்து அந்த இடத்தை உத்தேசமாகத்தான் சொல்ல முடியும்.,fake,facebook/mms-tts-tam,synthetic_tts,clean
data/fake/tamil\fake_tam_1523.wav,Tamil,இக்குளத்தின் மத்தியில் ஒன்பது கிணறுகள் இருக்கின்றன.,fake,facebook/mms-tts-tam,synthetic_tts,clean
data/fake/tamil\fake_tam_1524.wav,Tamil,"கற்பனை சிறிதுமின்றி தன் சொந்தக் கருத்தைச் சிறிதும் புகுத்தாமல், நடந்ததை நடந்தவாறு அப்படியே எழுதி அளிப்பவன் வரலாற்று ஆசிரியனானவன்.",fake,facebook/mms-tts-tam,synthetic_tts,clean
data/fake/tamil\fake_tam_1525.wav,Tamil,பல பேர் துப்பாக்கிப் பிரயோகத்தில் இறந்தார்கள்.,fake,facebook/mms-tts-tam,synthetic_tts,clean
data/fake/tamil\fake_tam_1526.wav,Tamil,தம்பி இத்தனை வயசிலே நான் இதுவரை அறிஞ்சிராத இரண்டு அதிசயங்களை இங்கே கண்டேன்.,fake,facebook/mms-tts-tam,synthetic_tts,clean
data/fake/tamil\fake_tam_1527.wav,Tamil,கவிஞர் கட்டிய அணை பாரசீக நாடு கவிஞர் பெர்தெளசியின் கவிதையால் பெருமை அடைந்தது.,fake,facebook/mms-tts-tam,synthetic_tts,clean
data/fake/tamil\fake_tam_1528.wav,Tamil,"சுவாமிகள் முடிவு செய்யுமுன்பே நாங்கள் புறப்பட்டுப் போய்விட்டோமென்று தெரிந்ததும், அந்தக்கோபம் ஒருவாறு தணிந்திருக்கிறது.",fake,facebook/mms-tts-tam,synthetic_tts,clean
data/fake/tamil\fake_tam_1529.wav,Tamil,உடனே பசி தாங்காமல் அழத் தொடங்கி விட்டான்.,fake,facebook/mms-tts-tam,synthetic_tts,clean
data/fake/tamil\fake_tam_1530.wav,Tamil,மக்களுக்குத் திருவிழாக்களில் உள்ள ஈடுபாடு வழிபாட்டில் இல்லை.,fake,facebook/mms-tts-tam,synthetic_tts,clean
data/fake/tamil\fake_tam_1531.wav,Tamil,இந்த நிலையில் டால்ஸ்டாயின் கல்வித் திட்டப் பள்ளிகள் நடக்குமா?,fake,facebook/mms-tts-tam,synthetic_tts,clean
data/fake/tamil\fake_tam_1532.wav,Tamil,ஆதலால் எதிர்காலம் என்பது நிச்சயம்!,fake,facebook/mms-tts-tam,synthetic_tts,clean
data/fake/tamil\fake_tam_1533.wav,Tamil,ஜெருசலத்தில் அவன் என்னுடன் பேசினான்.,fake,facebook/mms-tts-tam,synthetic_tts,clean
data/fake/tamil\fake_tam_1534.wav,Tamil,இது முடிவாட்ட முறைக்கான போட்டிக்குரிய விதியாகும்.,fake,facebook/mms-tts-tam,synthetic_tts,clean
data/fake/tamil\fake_tam_1535.wav,Tamil,"நாய்களைப் பற்றித் திருமதி கோட்டுஸ்மித் அம்மையாரிடம் நான் பேசிக் கொண்டிருந்தபோது, அவர் பின் வருமாறு குறிப்பிட்டார்.",fake,facebook/mms-tts-tam,synthetic_tts,clean
data/fake/tamil\fake_tam_1536.wav,Tamil,நவீன ஆடை சர்வதேச அளவில் மிகவும் செல்வாக்குப் பெற்றுள்ளது.,fake,facebook/mms-tts-tam,synthetic_tts,clean
data/fake/tamil\fake_tam_1537.wav,Tamil,உடலே உடலின் இயக்கமே உயிர் ஆகும்.,fake,facebook/mms-tts-tam,synthetic_tts,clean
data/fake/tamil\fake_tam_1538.wav,Tamil,இப்படி மூலை முடுக்குகளில் கிடந்து உறங்காதே என்று அன்போடு கூறினார்.,fake,facebook/mms-tts-tam,synthetic_tts,clean
data/fake/tamil\fake_tam_1539.wav,Tamil,தவம் செய்து லக்ஷ்மியையே தம் மகளாகப் பெறுகிறார்.,fake,facebook/mms-tts-tam,synthetic_tts,clean
data/fake/tamil\fake_tam_1540.wav,Tamil,தங்கள் நலத்திற்காக உழைத்தலே வாழ்க்கை என்று எண்ணும் மனிதர்கள் இந்த வார்த்தைகளைக் கேட்கிறார்கள் ஆனால் புரித்து கொள்வதில்லை!,fake,facebook/mms-tts-tam,synthetic_tts,clean
data/fake/tamil\fake_tam_1541.wav,Tamil,ஆதலால் நமது வசத்தில் இருக்கிற நிகழ்காலத்தைப் பற்றிக் கவலைப்படுக.,fake,facebook/mms-tts-tam,synthetic_tts,clean
data/fake/tamil\fake_tam_1542.wav,Tamil,எப்படியாவது பதினாயிரம் பவுண்டு பரிசைப் பெறவேண்டும் என்பதும் பல சிப்பாய்களின் ஆசை.,fake,facebook/mms-tts-tam,synthetic_tts,clean
data/fake/tamil\fake_tam_1543.wav,Tamil,உருமண்ணுவாவைக் கண்டதுமே தத்தையின் விருப்பத்தை நிறைவேற்ற இயலாமல் மனம் திகைக்கும் தன் நிலையையும் அவனிடம் பரபரப்போடு விவரித்தான் உதயணன்.,fake,facebook/mms-tts-tam,synthetic_tts,clean
data/fake/tamil\fake_tam_1544.wav,Tamil,இத்தகு மேம்பட்ட பயன்களை இன்சொல் அளிப்பதை அறிந்திருந்தும் ஏன் வன்சொல் வழங்குகிறீர்கள்?,fake,facebook/mms-tts-tam,synthetic_tts,clean
data/fake/tamil\fake_tam_1545.wav,Tamil,"இனப்பெருக்க காலத்தில், ஆண்கள் தங்கள் பக்கங்களில் வண்ணமயமான ஆரஞ்சு வடிவத்தை உருவாக்குகிறார்கள்.",fake,facebook/mms-tts-tam,synthetic_tts,clean
data/fake/tamil\fake_tam_1546.wav,Tamil,நகைச்சுவை நடிகர்கள் சீரியஸ் ரோல் எடுத்து நடித்துக் காட்ட முடியும் என்பதை அவர்கள் தொலைக் காட்சி நாடகங்களில் காட்டிவிட்டார்கள்.,fake,facebook/mms-tts-tam,synthetic_tts,clean
data/fake/tamil\fake_tam_1547.wav,Tamil,வெள்ளை நதி தேசிய வனவிலங்கு புகலிடம் தெற்கே கேச் நதி புகலிடத்தின் எல்லையாக உள்ளது.,fake,facebook/mms-tts-tam,synthetic_tts,clean
data/fake/tamil\fake_tam_1548.wav,Tamil,அன்று தமிழர்களிடத்தில் கொக்கோகம் கிடையாது.,fake,facebook/mms-tts-tam,synthetic_tts,clean
data/fake/tamil\fake_tam_1549.wav,Tamil,அவா இயல் உரங்கொளா அவாஆர் உள்ளம் உறுபொருள் பெறுதற் காகக் குரங்குபோல் அங்கும் இங்கும் குதித்துமே தாவிச் செல்லும்.,fake,facebook/mms-tts-tam,synthetic_tts,clean
data/fake/tamil\fake_tam_1550.wav,Tamil,கிருஷ்ணசாமி ஐயர் இயற்றிய சபலை என்னும் நாடகம்.,fake,facebook/mms-tts-tam,synthetic_tts,clean
data/fake/tamil\fake_tam_1551.wav,Tamil,அவன் காலில் குண்டு பாய்ந்ததை உணர்ந்தானேயொழிய அது பாய்ந்த இடத்தைக் கூடக் குனிந்து பார்க்கவில்லை.,fake,facebook/mms-tts-tam,synthetic_tts,clean
data/fake/tamil\fake_tam_1552.wav,Tamil,ஆண்டிக்கு அரண்மனை இருந்தால் என்ன?,fake,facebook/mms-tts-tam,synthetic_tts,clean
data/fake/tamil\fake_tam_1553.wav,Tamil,⁠அங்கிருந்து கால்களை செங்குத்தாக உயர்த்தி நிறுத்த வேண்டும்.,fake,facebook/mms-tts-tam,synthetic_tts,clean
data/fake/tamil\fake_tam_1554.wav,Tamil,"விதிகள், முறைகள் தவிர்க்க இயலாதவை இவைகளைத் தவிர்க்க விரும்புபவர்கள் ஒழுக்கக் கேடர்களாகத்தான் இருக்கவேண்டும்.",fake,facebook/mms-tts-tam,synthetic_tts,clean
data/fake/tamil\fake_tam_1555.wav,Tamil,"பயணத்திற்கு வேண்டிய பொருட்களை எடுத்து வைக்கும் பொறுப்பு சிவகாமியிடம் சேர, இட்லி தயாரிக்கும் பொறுப்பு அற்புதசாமிக்கு வந்தது.",fake,facebook/mms-tts-tam,synthetic_tts,clean
data/fake/tamil\fake_tam_1556.wav,Tamil,அரசன் ஆட்சிக்கு ஆகாச வாணியே சாட்சி.,fake,facebook/mms-tts-tam,synthetic_tts,clean
data/fake/tamil\fake_tam_1557.wav,Tamil,அதனால் ஊரில் அலர்தான் எழும் மலர்த்தார் மார்ப!,fake,facebook/mms-tts-tam,synthetic_tts,clean
data/fake/tamil\fake_tam_1558.wav,Tamil,"அவள் இறக்கும்போது, பத்திரப்படுத்திய அந்தநகைகளை என்னிடம்கொடுத்து, இது ராஜாஜியால் தான் மிஞ்சியது.",fake,facebook/mms-tts-tam,synthetic_tts,clean
data/fake/tamil\fake_tam_1559.wav,Tamil,"ஊக்கமும், உரமும், உள்ள உயர்வும், உயர்ந்த ஒழுக்கமும் உடைய மக்கள் வாழும் நாடே சிறந்த நாடாகும்.",fake,facebook/mms-tts-tam,synthetic_tts,clean
data/fake/tamil\fake_tam_1560.wav,Tamil,இரண்டாவது புறச் சூழ்நிலை.,fake,facebook/mms-tts-tam,synthetic_tts,clean
data/fake/tamil\fake_tam_1561.wav,Tamil,எப்படி என் தந்திரம்?,fake,facebook/mms-tts-tam,synthetic_tts,clean
data/fake/tamil\fake_tam_1562.wav,Tamil,முதலில் பதுமையை உதயணன் மணக்க மறுத்ததையும் பின்பு சம்மதித்ததையும் தருசகன் அறிந்தான்.,fake,facebook/mms-tts-tam,synthetic_tts,clean
data/fake/tamil\fake_tam_1563.wav,Tamil,"அந்தச் சிறு நாவலும் இலக்கிய உலகின் விண்மீனாக இன்றும் ஒளிவீசுவதால், இலக்கிய உலகம் அதனையும் போற்றிக் கொண்டே இருக்கின்றது.",fake,facebook/mms-tts-tam,synthetic_tts,clean
data/fake/tamil\fake_tam_1564.wav,Tamil,வைத்து விளையாடவா என்றார்கள்.,fake,facebook/mms-tts-tam,synthetic_tts,clean
data/fake/tamil\fake_tam_1565.wav,Tamil,அவர் தனது முதல் முயற்சியிலேயே தனது ஓட்டுநர் சோதனையில் தேர்ச்சி பெற்றார்.,fake,facebook/mms-tts-tam,synthetic_tts,clean
data/fake/tamil\fake_tam_1566.wav,Tamil,ஆனால் அன்பு காட்டி அவர்களை நேசிப்பது இல்லை அதுதான் அவர்கள் அடையும் தோல்வியும்கூட கோவலனை இவள் தேடிக் கொள்ளவில்லை.,fake,facebook/mms-tts-tam,synthetic_tts,clean
data/fake/tamil\fake_tam_1567.wav,Tamil,ஆசிரியர் என்ற மதிப்புத் தரப்பட்டது சகல வசதிகளும் உடன் செய்து தரப்பட்டன.,fake,facebook/mms-tts-tam,synthetic_tts,clean
data/fake/tamil\fake_tam_1568.wav,Tamil,உள்ளதை விற்று நல்லதைக் கொள்ளு.,fake,facebook/mms-tts-tam,synthetic_tts,clean
data/fake/tamil\fake_tam_1569.wav,Tamil,எனினும் பகற்போது வெம்மை மிகுந்து காணப்படும்.,fake,facebook/mms-tts-tam,synthetic_tts,clean
data/fake/tamil\fake_tam_1570.wav,Tamil,திருப்பெருந்துறை தஞ்சை மாவட்டத்தில் அறந்தாங்கி தாலுக்காவில் தென்கிழக்குக் கோடியில் இருக்கிறது.,fake,facebook/mms-tts-tam,synthetic_tts,clean
data/fake/tamil\fake_tam_1571.wav,Tamil,அவள் மாயா வடிவமுடையாள்.,fake,facebook/mms-tts-tam,synthetic_tts,clean
data/fake/tamil\fake_tam_1572.wav,Tamil,இல்லாவிட்டால் இந்த மலைக்குத் தெற்கில் உள்ள ஏரியில் பரிசல் போட்டு வந்திருக்கவேண்டும்.,fake,facebook/mms-tts-tam,synthetic_tts,clean
data/fake/tamil\fake_tam_1573.wav,Tamil,வைணவ ஆழ்வார்களும் சைவப் பெரியார்களும் கடல் மடை திறந்தது போன்று பாமாலைகள் பாடிவிட்டுச் சென்று இருக்கின்றார்கள்.,fake,facebook/mms-tts-tam,synthetic_tts,clean
data/fake/tamil\fake_tam_1574.wav,Tamil,வீட்டுக்குள் மறுபடியும் ஒடினார்.,fake,facebook/mms-tts-tam,synthetic_tts,clean
data/fake/tamil\fake_tam_1575.wav,Tamil,குப்புசாமி நாயுடு சேர்ந்தபின் மற்றுஞ் சில புதிய நாடகங்கள் தயாராயின.,fake,facebook/mms-tts-tam,synthetic_tts,clean
data/fake/tamil\fake_tam_1576.wav,Tamil,அவன் வைத்ததுதான் சட்டம் சொன்னதுதான் தீர்ப்பு.,fake,facebook/mms-tts-tam,synthetic_tts,clean
data/fake/tamil\fake_tam_1577.wav,Tamil,கண்களும் அப்படியே வாய் மிகவும் சிறுத்திருந்தது.,fake,facebook/mms-tts-tam,synthetic_tts,clean
data/fake/tamil\fake_tam_1578.wav,Tamil,எட்டியிலே கட்டு மாம்பழம் உண்டாகுமா?,fake,facebook/mms-tts-tam,synthetic_tts,clean
data/fake/tamil\fake_tam_1579.wav,Tamil,கபிலரைப் பாடிய பெண் புலவர் நப்பசலையார்,fake,facebook/mms-tts-tam,synthetic_tts,clean
data/fake/tamil\fake_tam_1580.wav,Tamil,சமையல்காரியும் நாங்களும் சந்தித்ததையாரிடமும் சொல்வதில்லை என்று சத்தியம் செய்து கொண்டோம்.,fake,facebook/mms-tts-tam,synthetic_tts,clean
data/fake/tamil\fake_tam_1581.wav,Tamil,"இருநூற்று அறுபது அஞ்சு மாசம் வரைக்கும் தாய்க்கும் மறைக்கலாம், சூல்.",fake,facebook/mms-tts-tam,synthetic_tts,clean
data/fake/tamil\fake_tam_1582.wav,Tamil,துணைகொண்டு செய் எல்லா மனிதராலும் எல்லாக் காரியங்களையும் செய்ய முடியாது என்ற உண்வையையும் வள்ளுவர் உணர்ந்திருக்கிறார்.,fake,facebook/mms-tts-tam,synthetic_tts,clean
data/fake/tamil\fake_tam_1583.wav,Tamil,அவர் என்னைப்பற்றி என்ன நினைத்தாரோ எனக்குத் தெரியாது.,fake,facebook/mms-tts-tam,synthetic_tts,clean
data/fake/tamil\fake_tam_1584.wav,Tamil,இது ஐரோப்பிய நாடுகளிலும் பரவலாகப் பயன்படுத்தப்படுகிறது.,fake,facebook/mms-tts-tam,synthetic_tts,clean
data/fake/tamil\fake_tam_1585.wav,Tamil,நாளைக்கு வேந்தனெனும் நச்சரவுக் கென்செய்வேன்?,fake,facebook/mms-tts-tam,synthetic_tts,clean
data/fake/tamil\fake_tam_1586.wav,Tamil,"அடுக்கடுக்கான திட்டுகளில் வரிசை வரிசையாகப் பெருமரங்களும், பல வண்ண மலர்ச் செடிகளும் உள்ளன.",fake,facebook/mms-tts-tam,synthetic_tts,clean
data/fake/tamil\fake_tam_1587.wav,Tamil,இஸ்லி என்ற அவன் நேருக்கு நேர் ஒருவரைப் புகழ்ந்து பேசுவதிலே நிபுணன்.,fake,facebook/mms-tts-tam,synthetic_tts,clean
data/fake/tamil\fake_tam_1588.wav,Tamil,சரியானபடி உணவு கிடைத்தால் ஆட்டம் போடத் தோன்றும் அல்லவா?,fake,facebook/mms-tts-tam,synthetic_tts,clean
data/fake/tamil\fake_tam_1589.wav,Tamil,தளர்ந்த நடையோடு பெருந்தெருவை அடைந்தான்.,fake,facebook/mms-tts-tam,synthetic_tts,clean
data/fake/tamil\fake_tam_1590.wav,Tamil,தட்டிக் கேட்க உலக அரங்கிலேயே யாரும் ஆள் இல்லையா?,fake,facebook/mms-tts-tam,synthetic_tts,clean
data/fake/tamil\fake_tam_1591.wav,Tamil,பெண்களின் தாய்மை பாத்திரத்தைக் கொண்டாட குழந்தை பிறப்பின் புகைப்படங்கள் பயன்படுத்தப்படுகின்றன,fake,facebook/mms-tts-tam,synthetic_tts,clean
data/fake/tamil\fake_tam_1592.wav,Tamil,"இந் நாகரிகர்கள், பழங்குடி மகனான வாலிபனைக் கள் வெறியனாக்கிப் பிறகு நன்றி கெட்டவனாக மாற்றினர்.",fake,facebook/mms-tts-tam,synthetic_tts,clean
data/fake/tamil\fake_tam_1593.wav,Tamil,பேசி முடிவு செய்ய வேண்டியவற்றைக் காலையில் பேசிக் கொள்ளலாம் என்ற எண்ணமே அவர்களுக்கு அப்போது தோன்றியது.,fake,facebook/mms-tts-tam,synthetic_tts,clean
data/fake/tamil\fake_tam_1594.wav,Tamil,அதனால் உயிர் துறந்தாரும் உளர்.,fake,facebook/mms-tts-tam,synthetic_tts,clean
data/fake/tamil\fake_tam_1595.wav,Tamil,அத்தனை சாமான்களையும் ஏற்றி முடிந்ததும் அந்த டிரக் நகர்ந்தது.,fake,facebook/mms-tts-tam,synthetic_tts,clean
data/fake/tamil\fake_tam_1596.wav,Tamil,படேல் ஸ்டேடியத்தில் மக்கள் முக்கால்வாசி நிறைந்தால் கூட நாள் ஒன்றுக்கு ஐந்து லட்சம் வசூல் ஆகும்.,fake,facebook/mms-tts-tam,synthetic_tts,clean
data/fake/tamil\fake_tam_1597.wav,Tamil,இப்படியே பல நாள்கள் நீலத் தாமரைப்பூத் திருட்டுப் போய்க்கொண்டிருந்தது.,fake,facebook/mms-tts-tam,synthetic_tts,clean
data/fake/tamil\fake_tam_1598.wav,Tamil,"இரத்த குழாய்களில் தங்கி வளர்கின்ற கொலஸ்ட்ரால் எனும் வேண்டாத கொழுப்புச் சக்தியைக் குறைத்து, இரத்தக் குழாய்களை வலிமைப்படுத்துகிறது.",fake,facebook/mms-tts-tam,synthetic_tts,clean
data/fake/tamil\fake_tam_1599.wav,Tamil,"பாலியல் அல்லாத இனப்பெருக்கத்தில், ஒரு பரவும்முறை பெரும்பாலும் போத்து நடுதல் ஆகும்.",fake,facebook/mms-tts-tam,synthetic_tts,clean
data/fake/tamil\fake_tam_1600.wav,Tamil,ஆனை அத்தனை தீப்போட்டாலும் பானையத்தனை தீத்தான்படும்.,fake,facebook/mms-tts-tam,synthetic_tts,clean
data/fake/tamil\fake_tam_1601.wav,Tamil,ஒரே கருத்து மூன்று இடங்களில் வற்புறுத்தக் காண்கிறோம்.,fake,facebook/mms-tts-tam,synthetic_tts,clean
data/fake/tamil\fake_tam_1602.wav,Tamil,வேதாகமக் கல்லூரி வரட்டும்!,fake,facebook/mms-tts-tam,synthetic_tts,clean
data/fake/tamil\fake_tam_1603.wav,Tamil,விசுவநாதம் அவர்களுக்கு அறுபது ஆம் ஆண்டு இன்று பிறக்கிறது.,fake,facebook/mms-tts-tam,synthetic_tts,clean
data/fake/tamil\fake_tam_1604.wav,Tamil,அவருக்கு உண்மையிலேயே நாளைக்கு யமன் வருவான் என்ற பயம் ஏற்பட்டிருந்தால் அப்படிச் செய்வாரா?,fake,facebook/mms-tts-tam,synthetic_tts,clean
data/fake/tamil\fake_tam_1605.wav,Tamil,அங்ஙனம் நிலை பெற்ற கருத்தே சுக்கிர நீதியுள் காணப்படுதலின் அஃது அக்காலத்ததென்பது ஊகிக்கப்படும்.,fake,facebook/mms-tts-tam,synthetic_tts,clean
data/fake/tamil\fake_tam_1606.wav,Tamil,எஞ்சிய செல்வத்தை இன்னொரு வருக்குக் கொடுப்பதில் உனக்கு என்ன பெருமை இருக்கிறது? என்று கேட்கிறார்.,fake,facebook/mms-tts-tam,synthetic_tts,clean
data/fake/tamil\fake_tam_1607.wav,Tamil,நாம் கீழே விழப் போகிறோம்.,fake,facebook/mms-tts-tam,synthetic_tts,clean
data/fake/tamil\fake_tam_1608.wav,Tamil,அப்புறம் தேடி அலைந்து தான் கண்டுபிடிக்க வேண்டும்.,fake,facebook/mms-tts-tam,synthetic_tts,clean
data/fake/tamil\fake_tam_1609.wav,Tamil,இதை நீங்கள் ஆராய்ந்து கூறினால் உங்களுக்குக் குற்றமும் உண்டோ? என்று மயில்களை நோக்கிக் கேட்பான்.,fake,facebook/mms-tts-tam,synthetic_tts,clean
data/fake/tamil\fake_tam_1610.wav,Tamil,பொய்யிலே களங்கம் ஒட்டாது.,fake,facebook/mms-tts-tam,synthetic_tts,clean
data/fake/tamil\fake_tam_1611.wav,Tamil,"இக்கருவறை மேல் உள்ள விமானம் மரத்தால் ஆக்கப்பட்டு செப்புத்தகடு வேய்ந்ததாக இருக்கிறது, இங்கு அம்மைக்குத் தனி சந்நிதி இல்லை.",fake,facebook/mms-tts-tam,synthetic_tts,clean
data/fake/tamil\fake_tam_1612.wav,Tamil,ஊர் கூடிச் செக்குத் தள்ளலாமா?,fake,facebook/mms-tts-tam,synthetic_tts,clean
data/fake/tamil\fake_tam_1613.wav,Tamil,இதோ பார் மற்றவர்களெல்லாம் தூக்கத்தில் ஆழ்ந்து விட்டார்கள்.,fake,facebook/mms-tts-tam,synthetic_tts,clean
data/fake/tamil\fake_tam_1614.wav,Tamil,ஆனையை ஆயிரம் பொன்னுக்கு வாங்கி இரும்பு அங்குசத்துக்கு ஏமாந்து நிற்பானேன்?,fake,facebook/mms-tts-tam,synthetic_tts,clean
data/fake/tamil\fake_tam_1615.wav,Tamil,"முயன்றான், பயின்றான், கற்றான்,  படித்தான், அறிந்தான், தெரிந்தான், தேர்ந்தான், வென்றான்.",fake,facebook/mms-tts-tam,synthetic_tts,clean
data/fake/tamil\fake_tam_1616.wav,Tamil,சிறிய முயல்கள்!,fake,facebook/mms-tts-tam,synthetic_tts,clean
data/fake/tamil\fake_tam_1617.wav,Tamil,இப்படித்தான் திருமலைக் குமரன் கோயில் சிவகாமி ஆத்தாளால் முதலில் உருவாகியிருக்கிறது.,fake,facebook/mms-tts-tam,synthetic_tts,clean
data/fake/tamil\fake_tam_1618.wav,Tamil,அதுக்காவது ஒரு குழந்தை குட்டி பிறந்து நம்ம பொறந்த எடத்துப் பேரு சொல்லணுன்னுதான் எனக்கு மட்டத்த ஆசை.,fake,facebook/mms-tts-tam,synthetic_tts,clean
data/fake/tamil\fake_tam_1619.wav,Tamil,அந்த ஊரில் கருப்பண்ணன் என்று ஒருவர் இருந்தார்.,fake,facebook/mms-tts-tam,synthetic_tts,clean
data/fake/tamil\fake_tam_1620.wav,Tamil,இவை மூன்றும் முதலில் அற்றுப் போக வேண்டும்.,fake,facebook/mms-tts-tam,synthetic_tts,clean
data/fake/tamil\fake_tam_1621.wav,Tamil,கரிம வினையூக்கம் குறித்த கோட்பாட்டின் நிறுவனர்களில் ஜெலின்ஸ்கி ஒருவராக இருந்தார்.,fake,facebook/mms-tts-tam,synthetic_tts,clean
data/fake/tamil\fake_tam_1622.wav,Tamil,விசயன் விடும் அம்புகள் அவனை ஊறு செய்யவில்லை.,fake,facebook/mms-tts-tam,synthetic_tts,clean
data/fake/tamil\fake_tam_1623.wav,Tamil,விசிறிக்காற்றில் அவை பறந்தன.,fake,facebook/mms-tts-tam,synthetic_tts,clean
data/fake/tamil\fake_tam_1624.wav,Tamil,"வானவியல், கணிதம், பெளதீகம், ரசவாதம் போன்ற பல விஞ்ஞானங்களை இவர்கள் வளர்த்தார்கள்.",fake,facebook/mms-tts-tam,synthetic_tts,clean
data/fake/tamil\fake_tam_1625.wav,Tamil,பிறகு எல்லோரும் விருந்துண்பர்.,fake,facebook/mms-tts-tam,synthetic_tts,clean
data/fake/tamil\fake_tam_1626.wav,Tamil,இந்த இளந்திரையன் நாகர் உலகத்திலிருந்து வந்து சோழ நாட்டில் கரை ஏறிய இடம்தான் நாகப்பட்டினம்.,fake,facebook/mms-tts-tam,synthetic_tts,clean
data/fake/tamil\fake_tam_1627.wav,Tamil,அழகியதாய் வசதியதாய்ச் செய்து தந்தார்!,fake,facebook/mms-tts-tam,synthetic_tts,clean
data/fake/tamil\fake_tam_1628.wav,Tamil,தம் மனத்திலே நினைப்பதைச் செய்வார்.,fake,facebook/mms-tts-tam,synthetic_tts,clean
data/fake/tamil\fake_tam_1629.wav,Tamil,இது பிரபலத்திற்காக சுருக்கப்பட்டிருந்தாலும் நிறுவனத்தின் முழு தலைப்பாக இருந்தது.,fake,facebook/mms-tts-tam,synthetic_tts,clean
data/fake/tamil\fake_tam_1630.wav,Tamil,நினைப்பாலும் வாக்காலும் தேகத் தாலும்,fake,facebook/mms-tts-tam,synthetic_tts,clean
data/fake/tamil\fake_tam_1631.wav,Tamil,சிவபெருமானைப் பற்றிய எண்ணங்களின் விரிவு கரை காண முடியாதது.,fake,facebook/mms-tts-tam,synthetic_tts,clean
data/fake/tamil\fake_tam_1632.wav,Tamil,என் மகன் உயிர் தப்ப வழி உண்டா?,fake,facebook/mms-tts-tam,synthetic_tts,clean
data/fake/tamil\fake_tam_1633.wav,Tamil,ஹெயில் குடும்ப மூதாதையர்களில் அமெரிக்க புரட்சிகரப் போரில் பணியாற்றிய சிலர் அடங்குவர்.,fake,facebook/mms-tts-tam,synthetic_tts,clean
data/fake/tamil\fake_tam_1634.wav,Tamil,சில காரியங்களை வயது முதிர்ந்தவர்களைவிட இளைஞர்கள் ஆர்வத்தோடு நிறைவேற்றித் தரமுடியும்.,fake,facebook/mms-tts-tam,synthetic_tts,clean
data/fake/tamil\fake_tam_1635.wav,Tamil,இதன்பின் ஐரோப்பிய சாம்ராச்சியத்திலும் கிரேக்க நாகரிகம் பரவலாயிற்று.,fake,facebook/mms-tts-tam,synthetic_tts,clean
data/fake/tamil\fake_tam_1636.wav,Tamil,அறிவுக் கதைகள் பக்கம் ஒன்று.,fake,facebook/mms-tts-tam,synthetic_tts,clean
data/fake/tamil\fake_tam_1637.wav,Tamil,ஓர் ஆயிரத்து தொள்ளாயிரத்து பதினேழு  இல் இப் பள்ளியைத் துவக்கினார்.,fake,facebook/mms-tts-tam,synthetic_tts,clean
data/fake/tamil\fake_tam_1638.wav,Tamil,அவந்தியர் வேந்தனாகிய பிரச்சோதனன் திரு முன்னர்ப்போய் யாது கூறுவது என்றஞ்சி மயங்கினர்.,fake,facebook/mms-tts-tam,synthetic_tts,clean
data/fake/tamil\fake_tam_1639.wav,Tamil,"பெட்டி வண்டியில் முன் பாரம், பின் பாரங்களையெல்லாம் சரி செய்தபோது, சிவகாமி முன்பக்கத்தில் மூக்கணைக்கு அருகே உட்காரவேண்டி வந்தது.",fake,facebook/mms-tts-tam,synthetic_tts,clean
data/fake/tamil\fake_tam_1640.wav,Tamil,கேண்மைகொள் சேசுவின் கீர்த்தி யுரைத்திடு தோழி - அவர்,fake,facebook/mms-tts-tam,synthetic_tts,clean
data/fake/tamil\fake_tam_1641.wav,Tamil,இந்த ஆல்பத்தின் இரண்டு பாடல்கள் பிஸ்பாலுடன் இணைந்து எழுதியவை.,fake,facebook/mms-tts-tam,synthetic_tts,clean
data/fake/tamil\fake_tam_1642.wav,Tamil,லைட் குவாண்டம் என்னும் சொல்லலைப் பயன்படுத்தியது யார்?,fake,facebook/mms-tts-tam,synthetic_tts,clean
data/fake/tamil\fake_tam_1643.wav,Tamil,தமிழ்க்காதல் அதி அற்புதம் என்று விமரிசித்துக்கொண்டு இருவரும் வீடுவரை பேசிக்கொண்டே சென்றனர்.,fake,facebook/mms-tts-tam,synthetic_tts,clean
data/fake/tamil\fake_tam_1644.wav,Tamil,அவர்கள் அந்த நிலையிலும் வெளியே தூக்கி எறிவது இல்லை.,fake,facebook/mms-tts-tam,synthetic_tts,clean
data/fake/tamil\fake_tam_1645.wav,Tamil,சாதாரண மக்களின் ஆன்மாவை விழித்தெழச் செய்தால்தான் வளர்ச்சிப் பணிகள் பயன் தரும்.,fake,facebook/mms-tts-tam,synthetic_tts,clean
data/fake/tamil\fake_tam_1646.wav,Tamil,"சனாதனத்துக்கு, வைதீகத்துக்கு புதுத் தத்துவார்த்தப் பொருள் கொடுத்துவிட்டால் போதாது.",fake,facebook/mms-tts-tam,synthetic_tts,clean
data/fake/tamil\fake_tam_1647.wav,Tamil,சோறு கொண்டுவா வீரனுக்குக் கொடுக்கலாம் என்று சொன்னான் முரளி.,fake,facebook/mms-tts-tam,synthetic_tts,clean
data/fake/tamil\fake_tam_1648.wav,Tamil,"என்னுடைய இரண்டாவது அண்ணன், தியாக மனம் உடையவன்!",fake,facebook/mms-tts-tam,synthetic_tts,clean
data/fake/tamil\fake_tam_1649.wav,Tamil,இது எதிர்கால இந்தியாவிற்கு நல்லதல்ல.,fake,facebook/mms-tts-tam,synthetic_tts,clean
data/fake/tamil\fake_tam_1650.wav,Tamil,சட்டசபைக்குரிய இடம் சட்டசபை நைஸ் என்னும் மலையடி வாரத்தில் சூரிய உதயத்திற்குப் பிறகு வெட்ட வெளிகளில் கூடும்.,fake,facebook/mms-tts-tam,synthetic_tts,clean
data/fake/tamil\fake_tam_1651.wav,Tamil,புரட்சி வளரவேண்டுமென்ற பெருநோக்கால் பல நண்பர்கள் தாராள சிந்தையோடு ஆறு ஆயிரம் டாலர்கள் புரட்சி இயக்கத்துக்கு நன்கொடையாக வழங்கினார்கள்.,fake,facebook/mms-tts-tam,synthetic_tts,clean
data/fake/tamil\fake_tam_1652.wav,Tamil,"இந்தச் சாசனத்தை, முஸ்லிம்களின் விரோதிகள் உட்பட மதீனாவில் இருக்கின்ற அனைவரும் ஒப்புக் கொண்டனர்.",fake,facebook/mms-tts-tam,synthetic_tts,clean
data/fake/tamil\fake_tam_1653.wav,Tamil,"உலகம் எப்போதுமே மாறிக்கொண்டே இருக்கும் என்பதை நிரூபிக்கும் வகையில், அவர்கள் வளர்வதை நீங்கள் பார்த்துக்கொண்டிருப்பீர்கள்.",fake,facebook/mms-tts-tam,synthetic_tts,clean
data/fake/tamil\fake_tam_1654.wav,Tamil,சோஷியல் என்ற ஆங்கிலப் பதமே விருப்பு வெறுப்புக்களைக் கடந்து உள்ளம் ஒன்றிப் பழகும் பண்பைக் குறிப்பது.,fake,facebook/mms-tts-tam,synthetic_tts,clean
data/fake/tamil\fake_tam_1655.wav,Tamil,"அதே நேரம், அந்த அறிக்கையை உறுதிப்படுத்த இயலவில்லை.",fake,facebook/mms-tts-tam,synthetic_tts,clean
data/fake/tamil\fake_tam_1656.wav,Tamil,ஆடி அடி பெருகும் புரட்டாசி பொன் உருகும்.,fake,facebook/mms-tts-tam,synthetic_tts,clean
data/fake/tamil\fake_tam_1657.wav,Tamil,இது முட்டால்தனமானது என்று ஓர்சபல் கூறினார்.,fake,facebook/mms-tts-tam,synthetic_tts,clean
data/fake/tamil\fake_tam_1658.wav,Tamil,"இருப்பினும், யானைக்கு புலியிடம் பயம்.",fake,facebook/mms-tts-tam,synthetic_tts,clean
data/fake/tamil\fake_tam_1659.wav,Tamil,மனிதன் என்றும் ஆசீர்வதிக்கப்பட வேண்டியவனே யன்றி ஆசீர்வாதம் தருபவனல்லன்.,fake,facebook/mms-tts-tam,synthetic_tts,clean
data/fake/tamil\fake_tam_1660.wav,Tamil,அவரது தாராளவாத செயல்பாடுகள் உள்ளூர் ஒலி ஒளி அலைபரப்பில் சில பணிகளுக்கு வழிவகுத்தன.,fake,facebook/mms-tts-tam,synthetic_tts,clean
data/fake/tamil\fake_tam_1661.wav,Tamil,குறிப்பிட்டதொரு வட்டத்துக்குள்ளே வாழ்வை உடைய பெண்ணொருத்தி காவல் எழுதப் புகுவது அவ்வளவு எளிதன்று.,fake,facebook/mms-tts-tam,synthetic_tts,clean
data/fake/tamil\fake_tam_1662.wav,Tamil,மூங்கிற் குச்சிகளைப் பழையபடி தரையில் ஊன்றிக்கொண்டு எல்லோரும் நடந்தனர்.,fake,facebook/mms-tts-tam,synthetic_tts,clean
data/fake/tamil\fake_tam_1663.wav,Tamil,சண்டையில்லை தன்னலந்தான் தீர்ந்த தாலே.,fake,facebook/mms-tts-tam,synthetic_tts,clean
data/fake/tamil\fake_tam_1664.wav,Tamil,இரண்டு கட்டுப்பாடுகள் வடிவமைப்பைப் பற்றியது.,fake,facebook/mms-tts-tam,synthetic_tts,clean
data/fake/tamil\fake_tam_1665.wav,Tamil,இங்கு நடைபெறும் வழிபாடு மற்ற சிவன் கோயில் வழிபாட்டினின்றும் சிறிது மாறிக் காணப்படுகிறது.,fake,facebook/mms-tts-tam,synthetic_tts,clean
data/fake/tamil\fake_tam_1666.wav,Tamil,இந்தக் கண்றாவிக்கு என்ன செய்வது?,fake,facebook/mms-tts-tam,synthetic_tts,clean
data/fake/tamil\fake_tam_1667.wav,Tamil,"கடைக்காரனைப் பார்த்து, எனக்கும் சம்பா நெல்லே போடு என்றான்.",fake,facebook/mms-tts-tam,synthetic_tts,clean
data/fake/tamil\fake_tam_1668.wav,Tamil,பெட்ரோல் பங்குகளில் இங்கு அதன் ஊழியர்கள் வந்து பெட்ரோல் போட்டு உதவுகிறார்கள்.,fake,facebook/mms-tts-tam,synthetic_tts,clean
data/fake/tamil\fake_tam_1669.wav,Tamil,ஆனால் மாப்பிள்ளை எப்போதுமே வெங்காயம் சாப்பிடுவாரா? என்று மட்டும் போய்க் கேட்டு வாருங்கள் என்று அனுப்பிவைத்தாள்.,fake,facebook/mms-tts-tam,synthetic_tts,clean
data/fake/tamil\fake_tam_1670.wav,Tamil,மனம் ஓர் அணு என்பர் சிலர்.,fake,facebook/mms-tts-tam,synthetic_tts,clean
data/fake/tamil\fake_tam_1671.wav,Tamil,இதற்குக் காரணம் மோசமான விற்பனை ஆகும்.,fake,facebook/mms-tts-tam,synthetic_tts,clean
data/fake/tamil\fake_tam_1672.wav,Tamil,அல்லாவிடமிருந்து உயிர் தோன்றுகிறது.,fake,facebook/mms-tts-tam,synthetic_tts,clean
data/fake/tamil\fake_tam_1673.wav,Tamil,"ஆன்ம உணர்ச்சி ஒரு சிறிதும் தலைதூக்க முடியாதபடிதான் மனித சமூகத்தின் சமுதாய வாழ்க்கை நடந்தும், நடத்தப்பட்டும் வருகிறது.",fake,facebook/mms-tts-tam,synthetic_tts,clean
data/fake/tamil\fake_tam_1674.wav,Tamil,பரணி பாட வேண்டிய இடத்தில் பாமாலை பாடிக் கொண்டிருக்கக்கூடாது என்பதை உணர்ந்தான்.,fake,facebook/mms-tts-tam,synthetic_tts,clean
data/fake/tamil\fake_tam_1675.wav,Tamil,வருமுன் காப்பவனே அறிவாளி.,fake,facebook/mms-tts-tam,synthetic_tts,clean
data/fake/tamil\fake_tam_1676.wav,Tamil,"ஆயினும், இந்த இட ஒதுக்கீட்டின் மூலம் மட்டும் குறைக்க கூடியதா?",fake,facebook/mms-tts-tam,synthetic_tts,clean
data/fake/tamil\fake_tam_1677.wav,Tamil,குமரனும் அவனோடு சென்றவர்களும் திரும்பவில்லை என்பதற்காகக் கலங்கவேண்டாம்.,fake,facebook/mms-tts-tam,synthetic_tts,clean
data/fake/tamil\fake_tam_1678.wav,Tamil,இந்தியாவின் வட கோடியில் ஓர் அருணாசலப் பிரதேசம் இருப்பதை இன்று பலரும் அறிவர்.,fake,facebook/mms-tts-tam,synthetic_tts,clean
data/fake/tamil\fake_tam_1679.wav,Tamil,நமது குடும்பமே அதனால் குழப்பத்திற்குள்ளாகும்.,fake,facebook/mms-tts-tam,synthetic_tts,clean
data/fake/tamil\fake_tam_1680.wav,Tamil,முருகனைப் பார்த்தேன் இரண்டாம் வேற்றுமை ஐ உருபு.,fake,facebook/mms-tts-tam,synthetic_tts,clean
data/fake/tamil\fake_tam_1681.wav,Tamil,இதைப் பின் வரும் அவரது போதனை நமக்கு நன்கறிவிக்கிறது.,fake,facebook/mms-tts-tam,synthetic_tts,clean
data/fake/tamil\fake_tam_1682.wav,Tamil,இந்ததுக்கத்தைத் தென்னிந்திய மக்கள் எப்படிச்சகிப்பார்கள்?,fake,facebook/mms-tts-tam,synthetic_tts,clean
data/fake/tamil\fake_tam_1683.wav,Tamil,மனநெகிழ்ச்சி என்பது சற்றளவுமில்லாத கொடு வினை வாழ்க்கையை உடைய வேடர்கள் பயிலும் இடம் இது.,fake,facebook/mms-tts-tam,synthetic_tts,clean
data/fake/tamil\fake_tam_1684.wav,Tamil,எனக்கு ஒன்றுமே புரியவில்லையே! என்று கெஞ்சிக் கேட்டது வாத்து.,fake,facebook/mms-tts-tam,synthetic_tts,clean
data/fake/tamil\fake_tam_1685.wav,Tamil,"இவ்வாறு நாகரிகம் வளர்ந்த பட்டினங்களில், ஈஜிப்த் தேசத்து அலெக்ஸாண்டிரியா முதன்மை பெற்றதாகும்.",fake,facebook/mms-tts-tam,synthetic_tts,clean
data/fake/tamil\fake_tam_1686.wav,Tamil,எனவே இந்தத் திட்டத்தை நிறைவேற்றுவதற்குப் பொருத்தமான நேரம் நடு இரவுதான்.,fake,facebook/mms-tts-tam,synthetic_tts,clean
data/fake/tamil\fake_tam_1687.wav,Tamil,என்று இடிபோல் முழங்கிக் கொண்டு கூறினான்.,fake,facebook/mms-tts-tam,synthetic_tts,clean
data/fake/tamil\fake_tam_1688.wav,Tamil,எதிர்க்கட்சித் தொண்டர்கள் ஓடி ஒளிந்தார்கள்.,fake,facebook/mms-tts-tam,synthetic_tts,clean
data/fake/tamil\fake_tam_1689.wav,Tamil,ஆன்மாவற்ற நிலையில் ஆன்மா போன்று அது காணப்படுகிறது.,fake,facebook/mms-tts-tam,synthetic_tts,clean
data/fake/tamil\fake_tam_1690.wav,Tamil,அவர்களால் தொடப்பட்ட எதிர்க் குழுவினர்கள் வெளியேற்றப்பட மாட்டார்கள்.,fake,facebook/mms-tts-tam,synthetic_tts,clean
data/fake/tamil\fake_tam_1691.wav,Tamil,இவற்றையெல்லாம் பார்த்து விட்டே திரும்பலாம்.,fake,facebook/mms-tts-tam,synthetic_tts,clean
data/fake/tamil\fake_tam_1692.wav,Tamil,இருள்சேர் இருவினையும் சேரா இறைவன்,fake,facebook/mms-tts-tam,synthetic_tts,clean
data/fake/tamil\fake_tam_1693.wav,Tamil,நல்ல வரன் கிடைத்துக் கல்யாணமும் சரிவர நடந்தேற வேண்டுமேயென்ற திகிலுடன் தன் குலதெய்வத்தை வேண்டிக் கொண்டாள்.,fake,facebook/mms-tts-tam,synthetic_tts,clean
data/fake/tamil\fake_tam_1694.wav,Tamil,இக்கருத்துக்களை இந்துமத சாஸ்திரங்கள் கூறுகின்றன.,fake,facebook/mms-tts-tam,synthetic_tts,clean
data/fake/tamil\fake_tam_1695.wav,Tamil,"அஞ்சு பொன்னும் வாங்கார், அரைப்பணமே போது மென்பார்.",fake,facebook/mms-tts-tam,synthetic_tts,clean
data/fake/tamil\fake_tam_1696.wav,Tamil,"எனக்கு, இந்த ஒரே குதிரையும், இஷாக்கும்தான் இருக்கிறார்கள்.",fake,facebook/mms-tts-tam,synthetic_tts,clean
data/fake/tamil\fake_tam_1697.wav,Tamil,"குடியரசுகள் இராஜரீக அரசுகளாக மாறி வருகின்றன, பொதுத்துறைகளில் ஒரு சில இழப்புக்கள் தாம்!",fake,facebook/mms-tts-tam,synthetic_tts,clean
data/fake/tamil\fake_tam_1698.wav,Tamil,"அப்பொழுதுதான், பிடிக்கும் கலையில் சிறப்பாக வெற்றிபெற முடியும்.",fake,facebook/mms-tts-tam,synthetic_tts,clean
data/fake/tamil\fake_tam_1699.wav,Tamil,படைத் தலைவரை ஓர் இரவு தாமதிக்க வைத்து விட்டேன்.,fake,facebook/mms-tts-tam,synthetic_tts,clean
data/fake/tamil\fake_tam_1700.wav,Tamil,இன்று மக்கள் தட்டிக் கேட்கலாம்!,fake,facebook/mms-tts-tam,synthetic_tts,clean
data/fake/tamil\fake_tam_1701.wav,Tamil,அவர்களுடைய இரகசிய தூதர்கள் ஓடி அலைந்து வைசிராய் செல்லுமிடங்களைப் பற்றி விசாரித்து அறிவித்து வந்தனர்.,fake,facebook/mms-tts-tam,synthetic_tts,clean
data/fake/tamil\fake_tam_1702.wav,Tamil,பெரிய சக்கரம் மற்றும் அச்சுத் தாங்குருளைகள்.,fake,facebook/mms-tts-tam,synthetic_tts,clean
data/fake/tamil\fake_tam_1703.wav,Tamil,"அமெரிக்கா, டென்மார்க்கு, நார்வே, ஸ்வீடன், பின்லாந்து ஆகிய நாடுகளுக்கும் ஆர்க்டிக்கில் நிலப் பகுதிகள் உள்ளன.",fake,facebook/mms-tts-tam,synthetic_tts,clean
data/fake/tamil\fake_tam_1704.wav,Tamil,நானும்தான் ஆதியிலேயே இந்தக் கப்பல் வியாபாரம் வேண்டாம் வேண்டாமென்று அந்த மனிதருக்கு எவ்வளவோ சொன்னேன்.,fake,facebook/mms-tts-tam,synthetic_tts,clean
data/fake/tamil\fake_tam_1705.wav,Tamil,மனம் தூய்மையாக இருப்பது நல்வாழ்க்கைக்கு இன்றியமையாதது நல்ல சமுதாயத்திற்கும் இன்றியமையாதது.,fake,facebook/mms-tts-tam,synthetic_tts,clean
data/fake/tamil\fake_tam_1706.wav,Tamil,ஐயனின் அடியும் முடியும் காண இந்த அரியும் அயனும் அன்று அண்ணாமலையில் திணறி இருக்கிறார்களே.,fake,facebook/mms-tts-tam,synthetic_tts,clean
data/fake/tamil\fake_tam_1707.wav,Tamil,ஆங்கில வரலாற்றாசிரியர்களால் அந் நிகழ்ச்சி சிப்பாய்க் கலகம் என்ற பெயரால் அழைக்கப்படுகிறது.,fake,facebook/mms-tts-tam,synthetic_tts,clean
data/fake/tamil\fake_tam_1708.wav,Tamil,⁠அடுத்த அறையில் சரக்குப் போட்டுக்கொண்டிருந்தார்கள்.,fake,facebook/mms-tts-tam,synthetic_tts,clean
data/fake/tamil\fake_tam_1709.wav,Tamil,அது என்ன என்று கேட்டுத் தெரிந்துகொள்ள வேண்டுமென்ற எண்ணமே எழவில்லை.,fake,facebook/mms-tts-tam,synthetic_tts,clean
data/fake/tamil\fake_tam_1710.wav,Tamil,விரிகிறது என்றால் என்ன ஆகும்?,fake,facebook/mms-tts-tam,synthetic_tts,clean
data/fake/tamil\fake_tam_1711.wav,Tamil,வீடுமன் அங்கதச் சொற்களில் மேலும் அடுக்கினான் போர் முடித்தான் பாஞ்சாலியின் கரிய கூந்தலை முடித்துக் கொடுத்தான்.,fake,facebook/mms-tts-tam,synthetic_tts,clean
data/fake/tamil\fake_tam_1712.wav,Tamil,சாதாரண மனிதர்களாகிய அவர்கள் இந்த மாதிரியான இன்பத்தை இந்தச் சமயத்தில் அனுபவிப்பதென்பது இயலாது.,fake,facebook/mms-tts-tam,synthetic_tts,clean
data/fake/tamil\fake_tam_1713.wav,Tamil,அதற்கு என்னைக் காரியதரிசியாக நியமித்தார்கள்.,fake,facebook/mms-tts-tam,synthetic_tts,clean
data/fake/tamil\fake_tam_1714.wav,Tamil,செய்யும் செயல்கள் பயன் தருவதில்லை.,fake,facebook/mms-tts-tam,synthetic_tts,clean
data/fake/tamil\fake_tam_1715.wav,Tamil,எலியாக முயலாக இருக்கின் றார்கள்!,fake,facebook/mms-tts-tam,synthetic_tts,clean
data/fake/tamil\fake_tam_1716.wav,Tamil,அது அவருக்கு ஒரு தவிர்க்க முடியாத கவர்ச்சியாக உள்ளது.,fake,facebook/mms-tts-tam,synthetic_tts,clean
data/fake/tamil\fake_tam_1717.wav,Tamil,போக்கிரி ஒருவனின் கடைசிப் பட்சமான அடைக்கலம் அரசியலாகும் என்று சொல்லியிருக்கிறார்கள்.,fake,facebook/mms-tts-tam,synthetic_tts,clean
data/fake/tamil\fake_tam_1718.wav,Tamil,அல்லது அபசகுனமா? என்று கேட்டிருந்தார்.,fake,facebook/mms-tts-tam,synthetic_tts,clean
data/fake/tamil\fake_tam_1719.wav,Tamil,எப்படி ஆள்பவரைத் தேர்ந்தெடுப்பது?,fake,facebook/mms-tts-tam,synthetic_tts,clean
data/fake/tamil\fake_tam_1720.wav,Tamil,"கோடையின் போது, கிரீன்ஷோ நிகழ்ச்சி மாலை நேர தயாரிப்புகளுக்கு முன்னதாக வெளியில் நடத்தப்படும்.",fake,facebook/mms-tts-tam,synthetic_tts,clean
data/fake/tamil\fake_tam_1721.wav,Tamil,⁠உடல் நலத்தை மிகுதிப்படுத்திக் கொள்ளவும்.,fake,facebook/mms-tts-tam,synthetic_tts,clean
data/fake/tamil\fake_tam_1722.wav,Tamil,"தோழர்கள் அல்லாஹூ அக்பர், அல்லாஹூ அக்பர் என்று பெரு முழக்கம் செய்து கொண்டு சண்டைக்குக் கிளம்பினார்கள்.",fake,facebook/mms-tts-tam,synthetic_tts,clean
data/fake/tamil\fake_tam_1723.wav,Tamil,உள்ளே கேட்ட அதட்டல் குரல் ஏற ஏற இவனது தட்டலும் ஏறியது.,fake,facebook/mms-tts-tam,synthetic_tts,clean
data/fake/tamil\fake_tam_1724.wav,Tamil,பாடி வருபவரோ அல்லது பிடிப்பவரோ வேண்டுமென்றே எதிராளியை ஆடுகளத்திற்கு வெளியே தள்ளக்கூடாது.,fake,facebook/mms-tts-tam,synthetic_tts,clean
data/fake/tamil\fake_tam_1725.wav,Tamil,திருப்புகழைக் கொண்டு பார்த்தால் அருணகிரி நாதப் பெருமானைப் பற்றிய செய்திகள் பல தெரியவரும்.,fake,facebook/mms-tts-tam,synthetic_tts,clean
data/fake/tamil\fake_tam_1726.wav,Tamil,பூமி திருத்தி உண்.,fake,facebook/mms-tts-tam,synthetic_tts,clean
data/fake/tamil\fake_tam_1727.wav,Tamil,"அங்கிருந்து நாலு, ஐந்து மைல் மேற்கே குடவாசல் கும்பகோணம் போகும் ரஸ்தாவில் போக வேணும்.",fake,facebook/mms-tts-tam,synthetic_tts,clean
data/fake/tamil\fake_tam_1728.wav,Tamil,சீரழகே! தீந்தமிழே! உனைஎன் கண்ணைத்,fake,facebook/mms-tts-tam,synthetic_tts,clean
data/fake/tamil\fake_tam_1729.wav,Tamil,கள்ளம் கபடமறியாத சூதுவாதற்ற ஜனங்கள் எளிமையாக வாழ்பவர்கள்.,fake,facebook/mms-tts-tam,synthetic_tts,clean
data/fake/tamil\fake_tam_1730.wav,Tamil,உன்னை என்ன செய்கிறேன் பார் என்று சொல்லிக் கொண்டு முதுகுப் புறம் வந்து இரண்டு குத்துகள் விட்டான்.,fake,facebook/mms-tts-tam,synthetic_tts,clean
data/fake/tamil\fake_tam_1731.wav,Tamil,அடிமை தவிர்த்ததும் உண்டோ? - அன்றி,fake,facebook/mms-tts-tam,synthetic_tts,clean
data/fake/tamil\fake_tam_1732.wav,Tamil,"அவங்களுக்குள்ளே சண்டை, ரெண்டுபேரும் ஆத்தோட போனாங்க!",fake,facebook/mms-tts-tam,synthetic_tts,clean
data/fake/tamil\fake_tam_1733.wav,Tamil,அதற்கு மேல் படிக்க வசதி இல்லை.,fake,facebook/mms-tts-tam,synthetic_tts,clean
data/fake/tamil\fake_tam_1734.wav,Tamil,கால் இரண்டையும் கட்டி தூக்கிலே மாட்டுனெ மாதிரி உயரமா தொங்கப் போட்டிருக்காகங்க!,fake,facebook/mms-tts-tam,synthetic_tts,clean
data/fake/tamil\fake_tam_1735.wav,Tamil,துணை மின்கல அடுக்கு எதிர்முனை இலித்திய ஆக்சைடு நேர்முனை.,fake,facebook/mms-tts-tam,synthetic_tts,clean
data/fake/tamil\fake_tam_1736.wav,Tamil,இது முடிந்தவரைச் திருகும் ஒரு ஆய்வு முயற்சியாகும்.,fake,facebook/mms-tts-tam,synthetic_tts,clean
data/fake/tamil\fake_tam_1737.wav,Tamil,அதனால் வியாபாரத்தில் லாப நஷ்டம் பார்த்து நெளிவு சுளிவு பார்த்து நடத்தக்கூடிய வியாபார நுட்பம் தெரியவில்லை.,fake,facebook/mms-tts-tam,synthetic_tts,clean
data/fake/tamil\fake_tam_1738.wav,Tamil,"அங்ஙனமெனில், இதில் இனிக் கடவுளுக்கே வேலையில்லை அவரை வேண்ட வேண்டியதும் இல்லை.",fake,facebook/mms-tts-tam,synthetic_tts,clean
data/fake/tamil\fake_tam_1739.wav,Tamil,"டார்வின் அதை வாங்கி நன்றாகப் பார்த்தபின் இதைக் கொல்வதற்கு முன்னால், இது ரீங்காரம் செய்ததா?",fake,facebook/mms-tts-tam,synthetic_tts,clean
data/fake/tamil\fake_tam_1740.wav,Tamil,ஆனால் குற்றாலமும் அதைச் சுற்றியுள்ள சரிவுகளும் நிறைந்த மழையைப் பெறுகின்றன.,fake,facebook/mms-tts-tam,synthetic_tts,clean
data/fake/tamil\fake_tam_1741.wav,Tamil,அருணகிரி நாதர் அருள் நிலைக்கு உயர்ந்தவர்.,fake,facebook/mms-tts-tam,synthetic_tts,clean
data/fake/tamil\fake_tam_1742.wav,Tamil,"பார்த்தால் அசல் குடியானவன், பீகார் மண்ணோடு ஒட்டிக்கொண்டு பிறந்த திருப்புதல்வன்.",fake,facebook/mms-tts-tam,synthetic_tts,clean
data/fake/tamil\fake_tam_1743.wav,Tamil,அவன் போர்ப் பயணம் தொடங்கியது.,fake,facebook/mms-tts-tam,synthetic_tts,clean
data/fake/tamil\fake_tam_1744.wav,Tamil,மனிதன் முதன் முதலில் காட்டிலே வேட்டையாடித் திரிந்த அன்றே இக்கருத்து எழுந்தது என்று துணிந்து கூறலாம்.,fake,facebook/mms-tts-tam,synthetic_tts,clean
data/fake/tamil\fake_tam_1745.wav,Tamil,கோள ஆடியின் வகைகள் யாவை?,fake,facebook/mms-tts-tam,synthetic_tts,clean
data/fake/tamil\fake_tam_1746.wav,Tamil,எனக்கு ஏது நேரம்? என்று கேட்டாள்.,fake,facebook/mms-tts-tam,synthetic_tts,clean
data/fake/tamil\fake_tam_1747.wav,Tamil,"ஆயினும்கூட, இந்த கருத்து முடிவு எட்டப்படாத நிலையில் உள்ளது மற்றும் ஏழு பிரபலமான மில்லினியம் பரிசு சிக்கல்களில் ஒன்றாகும்.",fake,facebook/mms-tts-tam,synthetic_tts,clean
data/fake/tamil\fake_tam_1748.wav,Tamil,"அது மிகவும் போற்றத்தக்கது "".",fake,facebook/mms-tts-tam,synthetic_tts,clean
data/fake/tamil\fake_tam_1749.wav,Tamil,ஒழுக்கம் உயிரினும் ஓம்பப்படும் என்பது தமிழன் கொள்கை.,fake,facebook/mms-tts-tam,synthetic_tts,clean
data/fake/tamil\fake_tam_1750.wav,Tamil,உண்டு கெட்டவனும் தின்று கெட்டவனும் இல்லை.,fake,facebook/mms-tts-tam,synthetic_tts,clean
data/fake/tamil\fake_tam_1751.wav,Tamil,அந்த அருமைத் தாயின் அன்பினை எண்ணி யெண்ணி இப்போது இன்புறுகிறேன்.,fake,facebook/mms-tts-tam,synthetic_tts,clean
data/fake/tamil\fake_tam_1752.wav,Tamil,ஒவ்வொரு சமயத்தார்க்கும் தனித் தனிப் பிரிவு இதில் உண்டு.,fake,facebook/mms-tts-tam,synthetic_tts,clean
data/fake/tamil\fake_tam_1753.wav,Tamil,கட்சி அலுவலகத்திற்குள் விஜயன் சென்ற நேரம் அங்கே அவனுடைய நண்பர்கள் பலர் சோகமாக உட்கார்ந்திருந்தனர்.,fake,facebook/mms-tts-tam,synthetic_tts,clean
data/fake/tamil\fake_tam_1754.wav,Tamil,ராஜாஜியை எவன் கொண்டுவந்தானோ அவன் செய்யட்டும்.,fake,facebook/mms-tts-tam,synthetic_tts,clean
data/fake/tamil\fake_tam_1755.wav,Tamil,கற்க! ஆடவர் கற்க! கல்லார்,fake,facebook/mms-tts-tam,synthetic_tts,clean
data/fake/tamil\fake_tam_1756.wav,Tamil,"இனிய செல்வ, ஆனால் பஞ்சாயத்துகளுக்கு அதிக உரிமைகளும் மேலாண்மைகளும் யார் வழங்குவது?",fake,facebook/mms-tts-tam,synthetic_tts,clean
data/fake/tamil\fake_tam_1757.wav,Tamil,சிவப்புக் கண் வானொலி இரவுமுழுக்கக் கேட்கப்படுகிறது.,fake,facebook/mms-tts-tam,synthetic_tts,clean
data/fake/tamil\fake_tam_1758.wav,Tamil,ஆகையால் எல்லாரும் அங்கே தனித்தனிதான்.,fake,facebook/mms-tts-tam,synthetic_tts,clean
data/fake/tamil\fake_tam_1759.wav,Tamil,உள்ளத்தால் பொய்யாது ஒழுகின் உலகத்தார் உள்ளத்துள் ளெல்லாம் உளன்.,fake,facebook/mms-tts-tam,synthetic_tts,clean
data/fake/tamil\fake_tam_1760.wav,Tamil,ஊர் என்று சொல்வதற்கு ஏற்றபடி இருக்க வேண்டுமானால் அங்கே லட்சுமீகரம் பொருந்திய திருக்கோயில் இருக்க வேண்டும்.,fake,facebook/mms-tts-tam,synthetic_tts,clean
data/fake/tamil\fake_tam_1761.wav,Tamil,பிரேசிலிய ஆன்மிக கூட்டுறவுடன் இணைந்த பிஷப்புகள் மட்டுமே செல்லுபடியாகும் என்று கருதப்படுகிறார்கள்.,fake,facebook/mms-tts-tam,synthetic_tts,clean
data/fake/tamil\fake_tam_1762.wav,Tamil,அரசி கோப்பெருந் தேவி வாழ்க என அறிவித்த வண்ணம் ஆயத்தவர் அரசி யோடு அரசனை அணுகினர்.,fake,facebook/mms-tts-tam,synthetic_tts,clean
data/fake/tamil\fake_tam_1763.wav,Tamil,"கால்கோள் என்பது, தேர்ந்தெடுத்த கல்லினைக் கொண்டு வந்து வழிபாட்டுக்கு உரிய செயலைத் தொடங்குதலாகும்.",fake,facebook/mms-tts-tam,synthetic_tts,clean
data/fake/tamil\fake_tam_1764.wav,Tamil,வேலைப் பிரயோகம் செய்து அவன் வெற்றி கொண்டான்.,fake,facebook/mms-tts-tam,synthetic_tts,clean
data/fake/tamil\fake_tam_1765.wav,Tamil,காருக்குள்ளே இருந்தவர்கள் நெருக்கடி ஏற்பட்டு விட்டதாய்க் கருதினார்கள்.,fake,facebook/mms-tts-tam,synthetic_tts,clean
data/fake/tamil\fake_tam_1766.wav,Tamil,நாடகம் ஒன்றிற்கு ஐந்நூறு ரூபாய்க்கு கன்டிராக்டு விட்டு விட்டாயே!,fake,facebook/mms-tts-tam,synthetic_tts,clean
data/fake/tamil\fake_tam_1767.wav,Tamil,எதிர்பாராத சந்திப்பாகச் சீவகன் அதனைக் கொண்டான்.,fake,facebook/mms-tts-tam,synthetic_tts,clean
data/fake/tamil\fake_tam_1768.wav,Tamil,இக்காலத்துக் குழந்தைகளின் அறிவு வளர்ச்சியினையும் நமக்குக் காட்டுகிற கதையாகும்.,fake,facebook/mms-tts-tam,synthetic_tts,clean
data/fake/tamil\fake_tam_1769.wav,Tamil,ஒரு லட்சத்து நாற்பதாயிரம் ரூபாய்!,fake,facebook/mms-tts-tam,synthetic_tts,clean
data/fake/tamil\fake_tam_1770.wav,Tamil,இப்படி அநாதி காலமாக இருந்து வருகின்றது.,fake,facebook/mms-tts-tam,synthetic_tts,clean
data/fake/tamil\fake_tam_1771.wav,Tamil,இருந்தது சாவி; எடுத்துச் சென்றே,fake,facebook/mms-tts-tam,synthetic_tts,clean
data/fake/tamil\fake_tam_1772.wav,Tamil,விட்டகுறை தொட்டகுறையென்னும் சிருஷ்டிச்சிக்கலின் வேதாந்த ஈடுபாடு அவளுக்கு விருப்பமானது போலும்.,fake,facebook/mms-tts-tam,synthetic_tts,clean
data/fake/tamil\fake_tam_1773.wav,Tamil,இன்று சார்ந்தவர் துன்பங்கள் துடைத்து இன்பங்கள் தழைக்கும் ஆற்றலோடு விளங்கும் ஒரு முனிவரும் தங்கும் தலமாக இருக்கிறது இத்திருவலம்.,fake,facebook/mms-tts-tam,synthetic_tts,clean
data/fake/tamil\fake_tam_1774.wav,Tamil,அருகிலுள்ள மெடிசின் ராக்ஸ் ஸ்டேட் பார்க் பல அசாதாரண மணற்கல் பாறை அமைப்புகளைக் கொண்டுள்ளது.,fake,facebook/mms-tts-tam,synthetic_tts,clean
data/fake/tamil\fake_tam_1775.wav,Tamil,மு ஹெரஸுலிஸ் ஒரு நான்கு மடங்கு நட்சத்திர அமைப்பு ஆகும்.,fake,facebook/mms-tts-tam,synthetic_tts,clean
data/fake/tamil\fake_tam_1776.wav,Tamil,"அவரால், கேத்தி உட்சூழ்ச்சிகளில் ஈடுபடுகிறார்.",fake,facebook/mms-tts-tam,synthetic_tts,clean
data/fake/tamil\fake_tam_1777.wav,Tamil,"அவர்கள் தங்களைச் சேர்ந்த தொண்டர்கள் வந்தவுடன் அவர்களோடு ஒத்துழைப்பதுபோல், எதிர்க்காமல் பேசாதிருந்துவிட்டனர்.",fake,facebook/mms-tts-tam,synthetic_tts,clean
data/fake/tamil\fake_tam_1778.wav,Tamil,அவன் வரிசையில் செல்லவில்லை.,fake,facebook/mms-tts-tam,synthetic_tts,clean
data/fake/tamil\fake_tam_1779.wav,Tamil,"அதற்காக, சிந்தாமணியின் தங்தை சிவநேசர் அந்த ஏச்சையும் பேச்சையும் நம்பவேண்டுமா?",fake,facebook/mms-tts-tam,synthetic_tts,clean
data/fake/tamil\fake_tam_1780.wav,Tamil,வழக்கம்போல் ஹரிஜனர் ஒருவரும் இல்லை என்று ஒரு சாதி இந்துவுக்கு வேலையைக் கொடுக்க சிபாரிசு வந்தது.,fake,facebook/mms-tts-tam,synthetic_tts,clean
data/fake/tamil\fake_tam_1781.wav,Tamil,"அவளது அறை சுத்தமாக இருந்தது, ஆனால் மிகவும் காலியாக இருந்தது.",fake,facebook/mms-tts-tam,synthetic_tts,clean
data/fake/tamil\fake_tam_1782.wav,Tamil,இறந்துபோய்விட்டதோ! என்று கூறிக்கொண்டே முரளி வீரனின் அருகே ஓடினான்.,fake,facebook/mms-tts-tam,synthetic_tts,clean
data/fake/tamil\fake_tam_1783.wav,Tamil,அதற்காகத்தான் சமாதி உலர விசிறிக் கொண்டிருக்கிறேன் என்றாள்.,fake,facebook/mms-tts-tam,synthetic_tts,clean
data/fake/tamil\fake_tam_1784.wav,Tamil,இன்றைய அறிவுரை மட்டும் அல்ல.,fake,facebook/mms-tts-tam,synthetic_tts,clean
data/fake/tamil\fake_tam_1785.wav,Tamil,ஆமாம் ஒரு லட்சம் உயிர்கள்!,fake,facebook/mms-tts-tam,synthetic_tts,clean
data/fake/tamil\fake_tam_1786.wav,Tamil,பிஷப் கென்னி உயர்நிலைப் பள்ளியில் அவர் பயின்றார்.,fake,facebook/mms-tts-tam,synthetic_tts,clean
data/fake/tamil\fake_tam_1787.wav,Tamil,பொய் சொன்னானை மெய் சொன்னான் என்பீரேல் நீங்கள் மெய் சொல்ல வெட்கிப் போய் சொன்னதாகுமே!,fake,facebook/mms-tts-tam,synthetic_tts,clean
data/fake/tamil\fake_tam_1788.wav,Tamil,"நாம் இக்காலத்தில் காணும் அவ்வளவு வசதியான சாலைகள் அக்காலத்தில் இல்லை புழுதி நிறைந்தனவாகவும், கரடு முரடானவைகளாகவும் இருந்தன.",fake,facebook/mms-tts-tam,synthetic_tts,clean
data/fake/tamil\fake_tam_1789.wav,Tamil,இரக்கம் காட்டினால் நீதி உறக்கம் கொள்ளும்.,fake,facebook/mms-tts-tam,synthetic_tts,clean
data/fake/tamil\fake_tam_1790.wav,Tamil,அவருக்குப் பங்காளியும் கிடையாது.,fake,facebook/mms-tts-tam,synthetic_tts,clean
data/fake/tamil\fake_tam_1791.wav,Tamil,அங்கே இப்படித் தான் அழகான தமிழ் வார்த்தைகள் பேசினாங்க.,fake,facebook/mms-tts-tam,synthetic_tts,clean
data/fake/tamil\fake_tam_1792.wav,Tamil,அவர்கள் தங்கள் பொறிகளை வென்றவர்கள்.,fake,facebook/mms-tts-tam,synthetic_tts,clean
data/fake/tamil\fake_tam_1793.wav,Tamil,மயங்காமல் செய் இங்கும் ஒரு யானை நிற்கிறது.,fake,facebook/mms-tts-tam,synthetic_tts,clean
data/fake/tamil\fake_tam_1794.wav,Tamil,எங்கு நோக்கினும் என்னுடையது என்ற உணர்ச்சி!,fake,facebook/mms-tts-tam,synthetic_tts,clean
data/fake/tamil\fake_tam_1795.wav,Tamil,அதற்குப் பையனின் தந்தை அவன் எட்டு மாதமாக ஜெயிலில் இருக்கிறான்.,fake,facebook/mms-tts-tam,synthetic_tts,clean
data/fake/tamil\fake_tam_1796.wav,Tamil,ஏர் உழுகிற பிள்ளை இளைத்துப் போனால் போகிறது பரியம் போட்ட பெண்ணைப் பார்த்து வளர்.,fake,facebook/mms-tts-tam,synthetic_tts,clean
data/fake/tamil\fake_tam_1797.wav,Tamil,"தமது தொழில் முன்னேற்றத்திற்கோ ஏதாவது ஒரு துறையில், படிக்கவோ பயிற்சி பெறவோ ஒருவர் விரும்பலாம்.",fake,facebook/mms-tts-tam,synthetic_tts,clean
data/fake/tamil\fake_tam_1798.wav,Tamil,ஒவ்வொருவருக்கும் ஒரே ஒரு உபாசனா மூர்த்திதான் இருக்கவேண்டும்.,fake,facebook/mms-tts-tam,synthetic_tts,clean
data/fake/tamil\fake_tam_1799.wav,Tamil,புத்தக சாலை எங்கும்,fake,facebook/mms-tts-tam,synthetic_tts,clean
data/fake/tamil\fake_tam_1800.wav,Tamil,இந்த மலிவான பொருளை மக்களுள் பெரும்பாலார் பெற்றிராதிருப்பது மிகவும் வியப்பாயுள்ளது.,fake,facebook/mms-tts-tam,synthetic_tts,clean
data/fake/tamil\fake_tam_1801.wav,Tamil,"அவனைப் புறமுதுகிட்டு ஓடச் செய்து ஆட்சியை, உனக்கு வாங்கி அளிப்பேன்.",fake,facebook/mms-tts-tam,synthetic_tts,clean
data/fake/tamil\fake_tam_1802.wav,Tamil,களைத்த மேனிகண்டும் - புறங்,fake,facebook/mms-tts-tam,synthetic_tts,clean
data/fake/tamil\fake_tam_1803.wav,Tamil,எப்படி அடித்துக் கொள்கிறார்கள்!...,fake,facebook/mms-tts-tam,synthetic_tts,clean
data/fake/tamil\fake_tam_1804.wav,Tamil,அங்கேயே அவன் இறந்தான்.,fake,facebook/mms-tts-tam,synthetic_tts,clean
data/fake/tamil\fake_tam_1805.wav,Tamil,அதிலிருந்து எனக்கு மூளை குழம்பி விட்டது.,fake,facebook/mms-tts-tam,synthetic_tts,clean
data/fake/tamil\fake_tam_1806.wav,Tamil,அவர்களுக்கு என் பாராட்டுதலை வழங்கி மகிழ்கிறேன்.,fake,facebook/mms-tts-tam,synthetic_tts,clean
data/fake/tamil\fake_tam_1807.wav,Tamil,கொட்டிடும் அமுதப் பண்ணும்,fake,facebook/mms-tts-tam,synthetic_tts,clean
data/fake/tamil\fake_tam_1808.wav,Tamil,ஆனால் அவரோ பிரதிஷ்டை பண்ணிய இடத்திலேயே சிக்கிக் கொள்கிறார்.,fake,facebook/mms-tts-tam,synthetic_tts,clean
data/fake/tamil\fake_tam_1809.wav,Tamil,சாத்திரம் பார்க்கா தீர்!,fake,facebook/mms-tts-tam,synthetic_tts,clean
data/fake/tamil\fake_tam_1810.wav,Tamil,எனை ஆளும் அண்ணல் அணைத்தான் ஆரூரில் சைவன் அணைந்தான்.,fake,facebook/mms-tts-tam,synthetic_tts,clean
data/fake/tamil\fake_tam_1811.wav,Tamil,குழந்தைக்கு அவள் உபகாரம் செய்கிறாள் என்று நினைக்கிறோம்.,fake,facebook/mms-tts-tam,synthetic_tts,clean
data/fake/tamil\fake_tam_1812.wav,Tamil,பிற்கால மன்னர்கட்கு இத்தகைய தமிழ் உணர்வு இல்லாமற் போனது வருந்தத்தக்கது.,fake,facebook/mms-tts-tam,synthetic_tts,clean
data/fake/tamil\fake_tam_1813.wav,Tamil,ஊருக்குப் பால் குடிப்பதா?,fake,facebook/mms-tts-tam,synthetic_tts,clean
data/fake/tamil\fake_tam_1814.wav,Tamil,இரவும் பகலும் காட்சிகள் நடக்கின்றன!,fake,facebook/mms-tts-tam,synthetic_tts,clean
data/fake/tamil\fake_tam_1815.wav,Tamil,அவள் எப்படி என் பக்கத்தில் உட்கார்ந்து பயணம் செய்ய முடியும்?,fake,facebook/mms-tts-tam,synthetic_tts,clean
data/fake/tamil\fake_tam_1816.wav,Tamil,ஸ்ரீனிவாச ஐயங்காருடைய ஆங்கில நாடிகைகளை அவரது உத்தரவைப் பெற்று தமிழில் மொழி பெயர்த்து வந்தேன்.,fake,facebook/mms-tts-tam,synthetic_tts,clean
data/fake/tamil\fake_tam_1817.wav,Tamil,கருதும் வன்மை யுண்டு,fake,facebook/mms-tts-tam,synthetic_tts,clean
data/fake/tamil\fake_tam_1818.wav,Tamil,பிறக்கும்போது பிறக்கும் குணம் போகப்போக மாறும்.,fake,facebook/mms-tts-tam,synthetic_tts,clean
data/fake/tamil\fake_tam_1819.wav,Tamil,ஐந்து புலன்களை அவ்வவ் வழியே போகவிடு.,fake,facebook/mms-tts-tam,synthetic_tts,clean
data/fake/tamil\fake_tam_1820.wav,Tamil,உன்னுடைய நன்மைக்காக அள்ளி வழங்கப்பெறும் உறுதிமொழிகளில் திளைத்துக் கனவில் ஈடுபட்டுக் கொண்டிருப்பாய்!,fake,facebook/mms-tts-tam,synthetic_tts,clean
data/fake/tamil\fake_tam_1821.wav,Tamil,"ஏனென்றால், அன்பும், இரக்கமும் இரட்டைக் குழந்தைகளே என்று சுட்டிக் காட்டுகின்றார்.",fake,facebook/mms-tts-tam,synthetic_tts,clean
data/fake/tamil\fake_tam_1822.wav,Tamil,நகரின் எப்பகுதியிலும் விழா ஆரவாரமும் வியப்புக்குரிய இனிய காட்சிகளும் புதுமையும் மலிந்து தோன்றின.,fake,facebook/mms-tts-tam,synthetic_tts,clean
data/fake/tamil\fake_tam_1823.wav,Tamil,"குவர்ட்டி என்பது சில தட்டச்சுக்கருவிகள், கணினி",fake,facebook/mms-tts-tam,synthetic_tts,clean
data/fake/tamil\fake_tam_1824.wav,Tamil,"இக்கொஞ்சு தமிழ்ப் பாட்டில் என் உள்ளத்தைக் குழையவிட்டு, தமிழகத்து மலைகளில் இரண்டு திங்கள் பித்தனைப்போல் சுற்றியலைந்தேன்.",fake,facebook/mms-tts-tam,synthetic_tts,clean
data/fake/tamil\fake_tam_1825.wav,Tamil,மூவர் தமிழ் மூவர் தமிழ் என்பது சில நூல்களில் அறிமுகப்படுத்தப் பட்டுள்ளது.,fake,facebook/mms-tts-tam,synthetic_tts,clean
data/fake/tamil\fake_tam_1826.wav,Tamil,உடனே குரு அட முட்டாள்களே!,fake,facebook/mms-tts-tam,synthetic_tts,clean
data/fake/tamil\fake_tam_1827.wav,Tamil,"ஆயினும் மானிட இயல்பினை நன்றாகத் தெரிந்து, தெளிந்து இயற்றப்பெற்ற நூல்.",fake,facebook/mms-tts-tam,synthetic_tts,clean
data/fake/tamil\fake_tam_1828.wav,Tamil,"இறுதியாக, ஸ்கெக்டர்கள் இந்த தலைப்பில் பிற படைப்புகளை உருவாக்கியுள்ளனர், அவை சிக்கலானவை.",fake,facebook/mms-tts-tam,synthetic_tts,clean
data/fake/tamil\fake_tam_1829.wav,Tamil,ஆயிரம் பொன் போட்டு ஆனை வாங்கி அரைப் பணத்து அங்குசத்துக்குப் பால் மாறுகிறதா?,fake,facebook/mms-tts-tam,synthetic_tts,clean
data/fake/tamil\fake_tam_1830.wav,Tamil,அவன் எழுதுறதை விடாம படி சமத்தாயிடுவே என்று சொன்னார்.,fake,facebook/mms-tts-tam,synthetic_tts,clean
data/fake/tamil\fake_tam_1831.wav,Tamil,உதயணன் ஓர் உயரிய பெண் யானையின்மேல் பெண்ணாக வீற்றிருந்தான்.,fake,facebook/mms-tts-tam,synthetic_tts,clean
data/fake/tamil\fake_tam_1832.wav,Tamil,காந்தப்புலங்களின் ஒப்புமைகள் நேரடியாக வரைபடங்களில் பயன்படுத்தப்படலாம்.,fake,facebook/mms-tts-tam,synthetic_tts,clean
data/fake/tamil\fake_tam_1833.wav,Tamil,"அண்டைஇல் லத்தினிலே - என்		2	0	twenties	female_feminine			ta	
7d61a7238caeb62624af2b9c202edbfc534e7955658646d703f0b4212b18d00056b427312cb9dbbc691276bf559d5d63fd393e70c9305c3eef379296caf0d8a5	common_voice_ta_20377912.mp3	f27f82eaac9b805c6be97c43fd5f5f539be0afbf528b65d053f50c5ce5b25a1b	தின்றதும் தங்கள் விழியால் தெருவொன்றில்		2	0	twenties	female_feminine			ta	
7d61a7238caeb62624af2b9c202edbfc534e7955658646d703f0b4212b18d00056b427312cb9dbbc691276bf559d5d63fd393e70c9305c3eef379296caf0d8a5	common_voice_ta_20377975.mp3	e8141952f53ee58e3cc1ca5657d6168fb7aa21d4aade9818022f6e4f61bab63a	உருக்கிப்பல் யந்திரம் பெருக்கியுந் தந்தோம்.		2	0	twenties	female_feminine			ta	
7d61a7238caeb62624af2b9c202edbfc534e7955658646d703f0b4212b18d00056b427312cb9dbbc691276bf559d5d63fd393e70c9305c3eef379296caf0d8a5	common_voice_ta_20377976.mp3	f35aa9c7b8d8eaf2fb097932528b93719201ed990e68b67a7b73993a12c62e63	நன்று நன்று சென்று நீஒரு",fake,facebook/mms-tts-tam,synthetic_tts,clean
data/fake/tamil\fake_tam_1834.wav,Tamil,"இப்பிரகாரத்தில் தான் பக்த காட்சி மண்டபம், ஊஞ்சல் மண்டபம் எல்லாம் இருக்கின்றன.",fake,facebook/mms-tts-tam,synthetic_tts,clean
data/fake/tamil\fake_tam_1835.wav,Tamil,முதலாளிகள் என்னை நெருங்கினார்கள்.,fake,facebook/mms-tts-tam,synthetic_tts,clean
data/fake/tamil\fake_tam_1836.wav,Tamil,பகவான் என்னை ஏன்தான் இப்படிச் சோதிக்கிறானோ?....,fake,facebook/mms-tts-tam,synthetic_tts,clean
data/fake/tamil\fake_tam_1837.wav,Tamil,என்பதனை அமைச்சன் மன்னவன் கண்களைக் கொண்டே அறிந்துவிடுவான் அத்தகைய நுட்பம் அவனுக்குத் திட்பமாக அமையும்.,fake,facebook/mms-tts-tam,synthetic_tts,clean
data/fake/tamil\fake_tam_1838.wav,Tamil,உலகில் இருந்து முதலாளித்துவத்தை விரட்டுங்கள்.,fake,facebook/mms-tts-tam,synthetic_tts,clean
data/fake/tamil\fake_tam_1839.wav,Tamil,ஏதேனும் துட்டுக் கொடுத்தால் அவள் அந்தச் செடியைத் தந்து விடுவாள்.... உண்மையாகவா!,fake,facebook/mms-tts-tam,synthetic_tts,clean
data/fake/tamil\fake_tam_1840.wav,Tamil,வெண்பாப்பாட்டியல் என்ற பிற்கால நூல் எவ்வளவு கற்பனையில் ஆழ்ந்ததாகவும் கருத்திற் கொவ்வாததாகவும் அமைந்திருக்கிறது என்பதைப் புலவர்கள் நினைத்துப் பார்க்கட்டும்.,fake,facebook/mms-tts-tam,synthetic_tts,clean
data/fake/tamil\fake_tam_1841.wav,Tamil,"காலப்போக்கில் நிறுவனத்தின் உறுப்பினர்கள் வீரர்கள், விஞ்ஞானிகள், வழக்குரைஞர்கள் மற்றும் அரசியல்வாதிகளை உள்ளடக்கியுள்ளனர்.",fake,facebook/mms-tts-tam,synthetic_tts,clean
data/fake/tamil\fake_tam_1842.wav,Tamil,வளைந்து கொண்டு இருக்கிற பாம்பை மயில் கொத்திக் கொத்தி அடக்குகிறது.,fake,facebook/mms-tts-tam,synthetic_tts,clean
data/fake/tamil\fake_tam_1843.wav,Tamil,இந்நிலையி லிருப்பதனால் உலகப்பாநீ,fake,facebook/mms-tts-tam,synthetic_tts,clean
data/fake/tamil\fake_tam_1844.wav,Tamil,"ஐயா, என்பேரில் நீங்க கொண்டிருக்கிற அன்புக்கும் பாசத்துக்கும் ரொம்ப நன்றி.",fake,facebook/mms-tts-tam,synthetic_tts,clean
data/fake/tamil\fake_tam_1845.wav,Tamil,இது வளைவு ஆரத்தில் பாதி.,fake,facebook/mms-tts-tam,synthetic_tts,clean
data/fake/tamil\fake_tam_1846.wav,Tamil,ஒவ்வொருவரும் தங்களுக்குப் பிடித்த எந்தப் பரிசையும் தேர்ந்தெடுக்கலாம்.,fake,facebook/mms-tts-tam,synthetic_tts,clean
data/fake/tamil\fake_tam_1847.wav,Tamil,அங்கே தனித்து இருந்த தளிக் குளத்தையும் அதில் இறைவன் லிங்கத் திருவுருவில் கோயில் கொண்டிருப்பதையும் காணுகிறார்கள்.,fake,facebook/mms-tts-tam,synthetic_tts,clean
data/fake/tamil\fake_tam_1848.wav,Tamil,என்றுரைக்கும் நிலை எய்திவிட்டால்,fake,facebook/mms-tts-tam,synthetic_tts,clean
data/fake/tamil\fake_tam_1849.wav,Tamil,வள்ளைப் பாட்டில் மூவர் திறமும் செப்பித் தமிழகம் ஒன்று என்ற எண்ணத்தை அறிவித்தனர்.,fake,facebook/mms-tts-tam,synthetic_tts,clean
data/fake/tamil\fake_tam_1850.wav,Tamil,பொதுவாக ஒவ்வோர் ஏதென்ஸ் நகரத்தவனும் உடற்பயிற்சி செய்வதற்கோ மற்றும் உடற்பயிற்சிக்கான விளையாட்டுக்களில் ஈடுபடுவதற்கோ மிகவும் அவா உள்ளவனாய் இருந்தான்.,fake,facebook/mms-tts-tam,synthetic_tts,clean
data/fake/tamil\fake_tam_1851.wav,Tamil,தீமை வராது நன்மையே பெருகி வளரும்!,fake,facebook/mms-tts-tam,synthetic_tts,clean
data/fake/tamil\fake_tam_1852.wav,Tamil,ஆரம்பகால கலப்பு பயிற்சியாளர்களுக்கு வாகனங்களுக்கு இடையில் தாழ்வாரங்கள் அல்லது கேங்வேக்கள் இடம்பெறவில்லை.,fake,facebook/mms-tts-tam,synthetic_tts,clean
data/fake/tamil\fake_tam_1853.wav,Tamil,என்மகள் மருகன் இருக்கும் நாட்டில்,fake,facebook/mms-tts-tam,synthetic_tts,clean
data/fake/tamil\fake_tam_1854.wav,Tamil,இந்தப் புத்தகம் பொதுவாக பொதுக் கொள்கையையும் மற்றும் பொது உதவித்தொகைக்கான நிர்வாகத்தைப் பற்றிய குறிப்பிடப்படுகிறது.,fake,facebook/mms-tts-tam,synthetic_tts,clean
data/fake/tamil\fake_tam_1855.wav,Tamil,என்று ஜாபிதாவை நீட்டிக் கொண்டே போகிறார்.,fake,facebook/mms-tts-tam,synthetic_tts,clean
data/fake/tamil\fake_tam_1856.wav,Tamil,திருச்சிக்கு எங்கே வந்தீர்கள்? என்று கேட்டார்.,fake,facebook/mms-tts-tam,synthetic_tts,clean
data/fake/tamil\fake_tam_1857.wav,Tamil,கோவலனின் தாய் ஆகிய அவ்வீட்டுப் பேரியல் கிழத்தி அவளைத் தனியே குடி வைத்து உரிமையுடன் வாழ வழி வகுத்தாள்.,fake,facebook/mms-tts-tam,synthetic_tts,clean
data/fake/tamil\fake_tam_1858.wav,Tamil,"""அவர்கள் இருவரும் எனது நண்பர்கள்"" என்று அவர் பதிலளித்தார்.",fake,facebook/mms-tts-tam,synthetic_tts,clean
data/fake/tamil\fake_tam_1859.wav,Tamil,அப்பகுதியிலே அவன் நீந்திக் கரையை அடைந்தான்.,fake,facebook/mms-tts-tam,synthetic_tts,clean
data/fake/tamil\fake_tam_1860.wav,Tamil,"ஐயர், ஜனாப் அப்துல் காதர், ஜஸ்டிஸ் சந்திரசேகர ஐயர் ஆகிய பெரியார்கள், இக்கழகத்தின் குறிப்பிடத்தக்க உறுப்பினர்கள்.",fake,facebook/mms-tts-tam,synthetic_tts,clean
data/fake/tamil\fake_tam_1861.wav,Tamil,"⁠இப்ராஹீமின் பிள்ளை தங்கள், புத்தகக் கடைக்கு வரும்பொழுது அவனுடைய ஒவ்வொரு செய்கையையும், யாஸ்மி, உற்றுக் கவனித்தாள்.",fake,facebook/mms-tts-tam,synthetic_tts,clean
data/fake/tamil\fake_tam_1862.wav,Tamil,முயற்சியுடைய வாழ்க்கையில் வரும் இடர்கள் வெற்றியைத் தடுத்துவிடாது.,fake,facebook/mms-tts-tam,synthetic_tts,clean
data/fake/tamil\fake_tam_1863.wav,Tamil,"ஆனால், அந்தப் பொன்னெல்லாம் உண்மையில் எனக்குத்தானா? உறுதியாக!",fake,facebook/mms-tts-tam,synthetic_tts,clean
data/fake/tamil\fake_tam_1864.wav,Tamil,பாலிமேக்கரி மற்றும் பாலிவர்னி என்கிற இரட்டைக் கிராமங்களின் பகுதியாக அது அமைகிறது.,fake,facebook/mms-tts-tam,synthetic_tts,clean
data/fake/tamil\fake_tam_1865.wav,Tamil,"இதோ ⁠ அன்பு என்பதைப் போல, பொய்யும் புலையும் நிறைந்த மொழி, வேறு எதுவும் கிடையாது என்கிறார்.",fake,facebook/mms-tts-tam,synthetic_tts,clean
data/fake/tamil\fake_tam_1866.wav,Tamil,மாலையைப் பாம்பு என்று முதலில் மயங்கினான்.,fake,facebook/mms-tts-tam,synthetic_tts,clean
data/fake/tamil\fake_tam_1867.wav,Tamil,"அப்படியானால், நீங்கள் என் இங்கே இருந்துகொண்டு காலத்தை வீணடிக்கிறீர்கள்?",fake,facebook/mms-tts-tam,synthetic_tts,clean
data/fake/tamil\fake_tam_1868.wav,Tamil,மீண்டும் முறையீடானது மிகவும் பரிதாபமாக ஒலித்தது.,fake,facebook/mms-tts-tam,synthetic_tts,clean
data/fake/tamil\fake_tam_1869.wav,Tamil,எழுந்தாள் செய்வது அறியாது மயங்கி விழுந்தாள்.,fake,facebook/mms-tts-tam,synthetic_tts,clean
data/fake/tamil\fake_tam_1870.wav,Tamil,கிருஷ்ணன் என்ற சொல்லே கண்ணன் என மருவி வழங்கியது.,fake,facebook/mms-tts-tam,synthetic_tts,clean
data/fake/tamil\fake_tam_1871.wav,Tamil,"கப்பலுடன் திரும்பி வந்த சிதம்பரனாரின் சாதனைத் திறனைக் கண்டு மக்களும், தமிழ் வணிகர்களும் பெரிதும் மகிழ்ந்தார்கள்.",fake,facebook/mms-tts-tam,synthetic_tts,clean
data/fake/tamil\fake_tam_1872.wav,Tamil,நம் நாட்டில் காணும் ஈச்சமரங்களை அந்தப் பிரதேசங்களில் கஜுர் மரங்கள் என்கின்றனர்.,fake,facebook/mms-tts-tam,synthetic_tts,clean
data/fake/tamil\fake_tam_1873.wav,Tamil,தொடக்கத்தில் அரசியலில் நடுநிலை வகித்த இது பின்னர் ஓஹியோ மாவட்டத்தின் முன்னணி ஜெர்மன் குடியரசு செய்தித்தாளாக மாறியது.,fake,facebook/mms-tts-tam,synthetic_tts,clean
data/fake/tamil\fake_tam_1874.wav,Tamil,"வேறு, யாரோ வழிப்போக்கர் என்று எண்ணினான்.",fake,facebook/mms-tts-tam,synthetic_tts,clean
data/fake/tamil\fake_tam_1875.wav,Tamil,அது அவருக்குக் கடமையும் ஆகிறது.,fake,facebook/mms-tts-tam,synthetic_tts,clean
data/fake/tamil\fake_tam_1876.wav,Tamil,"மனிதன் தனது உடலை பூமியில் இருந்து, அதாவது பின் எனும் பெண்மையிடம் இருந்துப் பெறுகிறான்!",fake,facebook/mms-tts-tam,synthetic_tts,clean
data/fake/tamil\fake_tam_1877.wav,Tamil,எல்லோருக்கும் துன்பத்தைத் தருகின்றவை பொறிகள்.,fake,facebook/mms-tts-tam,synthetic_tts,clean
data/fake/tamil\fake_tam_1878.wav,Tamil,"பொருளைச் செய்க, பகைவர் செருக்கினை அழிக்கும் கூரிய படை அதனைவிட வேறு இருக்க முடியாது.",fake,facebook/mms-tts-tam,synthetic_tts,clean
data/fake/tamil\fake_tam_1879.wav,Tamil,"இயக்குநராக இது Larry Bakke-வின்இரண்டாவது வருடமாகும், முதலாம் ஆண்டில் பெண்களுக்கான கோடைக்காலத் தொடர் நடத்தப்பட்டது.",fake,facebook/mms-tts-tam,synthetic_tts,clean
data/fake/tamil\fake_tam_1880.wav,Tamil,அவர் அயர்லாந்திலிருந்து தமது தலை நகருக்கு அப்பொழுது விஜயஞ்செய்ய ஏற்பாடாயிருந்தது.,fake,facebook/mms-tts-tam,synthetic_tts,clean
data/fake/tamil\fake_tam_1881.wav,Tamil,மனிதன் தானும் விலங்கு போல் தனி இன்பத்தை நாடித் திரிந்து கொண்டிருக்க முடியாது.,fake,facebook/mms-tts-tam,synthetic_tts,clean
data/fake/tamil\fake_tam_1882.wav,Tamil,இலங்கைக்கு வர விரும்பும் ஒவ்வொருவரும் ரூபாய் ஐம்பது கொடுக்க வேண்டுமெனத் தீர்மானித்தோம்.,fake,facebook/mms-tts-tam,synthetic_tts,clean
data/fake/tamil\fake_tam_1883.wav,Tamil,அகத்துக்காரர் இருந்த போது தலைநிறைய மயிர் வைத்துக் கொண்டிருந்தேன் என்றாளாம்.,fake,facebook/mms-tts-tam,synthetic_tts,clean
data/fake/tamil\fake_tam_1884.wav,Tamil,பின்னர் இந்தத் திட்டம் கைவிடப்பட்டது.,fake,facebook/mms-tts-tam,synthetic_tts,clean
data/fake/tamil\fake_tam_1885.wav,Tamil,எதையும் இறைந்து பேசாதீர்கள்.,fake,facebook/mms-tts-tam,synthetic_tts,clean
data/fake/tamil\fake_tam_1886.wav,Tamil,"இரந்தாருக்கும், இறந்தாருக்கும் ஏற்ப உதவிகள் செய்யப் பெறுகின்றன.",fake,facebook/mms-tts-tam,synthetic_tts,clean
data/fake/tamil\fake_tam_1887.wav,Tamil,இந்த அட்டவணையை நிசாப்பூரின் ரேகைக்குச் சரியாக மாற்றித் திருத்தினாய் அல்லவா?,fake,facebook/mms-tts-tam,synthetic_tts,clean
data/fake/tamil\fake_tam_1888.wav,Tamil,"ஆக அறிந்தோ, அறியாமலோ பாவஞ் செய்தவர்கள் வருந்தி அழ வேண்டும் என்பது நாயகம் அவர்களுடைய கருத்து.",fake,facebook/mms-tts-tam,synthetic_tts,clean
data/fake/tamil\fake_tam_1889.wav,Tamil,எத்தனையோ தடவை நான் இதை எண்ணியெண்ணி ஆச்சரியப்பட்டிருக்கிறேன்.,fake,facebook/mms-tts-tam,synthetic_tts,clean
data/fake/tamil\fake_tam_1890.wav,Tamil,அவற்றின் மத்தியில் பசியாலும் பட்டினியாலும் தவித்தார்.,fake,facebook/mms-tts-tam,synthetic_tts,clean
data/fake/tamil\fake_tam_1891.wav,Tamil,இவர் அன்று இப்பாத்திரத்தில் நடித்தது எல்லோருக்கும் இடைவிடா நகைப்பைத் தந்தது.,fake,facebook/mms-tts-tam,synthetic_tts,clean
data/fake/tamil\fake_tam_1892.wav,Tamil,"சற்று பொறுங்க, குளியல் போட்டு விட்டு வந்துடறேன்",fake,facebook/mms-tts-tam,synthetic_tts,clean
data/fake/tamil\fake_tam_1893.wav,Tamil,மக்கள் அனைவரும் ஒன்றுகூடித் தங்கள் மேல் கருணை காட்டுமாறு அரசனை மிகவும் மன்றாடி வேண்டினர்.,fake,facebook/mms-tts-tam,synthetic_tts,clean
data/fake/tamil\fake_tam_1894.wav,Tamil,ஞானம் வேறு அவன் வேறு அல்ல.,fake,facebook/mms-tts-tam,synthetic_tts,clean
data/fake/tamil\fake_tam_1895.wav,Tamil,இந்த நிலைக்களன் தான் தணிகாசலத்தை அரைகுறைப் படைப்பாகவும் நிறைபெறாத மனிதனாகவும் ஆக்கித் தொலைத்திருக்கிறது.,fake,facebook/mms-tts-tam,synthetic_tts,clean
data/fake/tamil\fake_tam_1896.wav,Tamil,அவளுடைய நண்பர்களுக்கும் என் கதை தெரியுமா’,fake,facebook/mms-tts-tam,synthetic_tts,clean
data/fake/tamil\fake_tam_1897.wav,Tamil,கடிதத்தின் மூலம் ரொம்ப அன்யோன்யமாகி விட்டோம்.,fake,facebook/mms-tts-tam,synthetic_tts,clean
data/fake/tamil\fake_tam_1898.wav,Tamil,அப்போது உதயணன் கோசாம்பி நகரை ஆள்வதற்குத் தொடங்கிச் சில நாட்கள் கழிந்திருக்கும்.,fake,facebook/mms-tts-tam,synthetic_tts,clean
data/fake/tamil\fake_tam_1899.wav,Tamil,சமயலறைப் பக்கம் போ என்று கையை நீட்டினாள் கமலம்.,fake,facebook/mms-tts-tam,synthetic_tts,clean
data/fake/tamil\fake_tam_1900.wav,Tamil,"தங்கையை முதலில் சோடேன் நகரிலே உள்ள அண்ணனிடம் அனுப்பிவிட்டு, அவர் நேரே ஜெர்மன் நாட்டுக்குச் சென்றார்.",fake,facebook/mms-tts-tam,synthetic_tts,clean
data/fake/tamil\fake_tam_1901.wav,Tamil,"காலில் கல் தடுக்கிவிட்ட பொழுதுதான், கற்பனை உலகத் தினின்றும் சுயநினைவுக்கு வந்தான்.",fake,facebook/mms-tts-tam,synthetic_tts,clean
data/fake/tamil\fake_tam_1902.wav,Tamil,நாடெங்கும் பலப்பல வதந்திகள் உலவத் தொடங்கின.,fake,facebook/mms-tts-tam,synthetic_tts,clean
data/fake/tamil\fake_tam_1903.wav,Tamil,அவைகளையே நவதிருப்பதிகள் என்று வைணவ உலகம் போற்றுகிறது.,fake,facebook/mms-tts-tam,synthetic_tts,clean
data/fake/tamil\fake_tam_1904.wav,Tamil,"மனிதன் வாழ்க்கையில் பிரவேசிப்பதையும், அந்த வாழ்க்கையையும் இந்தக் குதிரை லாயத்திற்கு வெளியே கொண்டுவரப்படுவதற்கு ஒப்பிடலாம்.",fake,facebook/mms-tts-tam,synthetic_tts,clean
data/fake/tamil\fake_tam_1905.wav,Tamil,நீங்கள் ஒருவர்தான் பாக்கி.,fake,facebook/mms-tts-tam,synthetic_tts,clean
data/fake/tamil\fake_tam_1906.wav,Tamil,Buerன் இதயத்தில் உள்ள Hochstrasseதான் Gelsenkirchenன் மிகப்பெரிய பொருள் வாங்கும் தெரு.,fake,facebook/mms-tts-tam,synthetic_tts,clean
data/fake/tamil\fake_tam_1907.wav,Tamil,ஊர் எச்சம் வீடு பட்டினி.,fake,facebook/mms-tts-tam,synthetic_tts,clean
data/fake/tamil\fake_tam_1908.wav,Tamil,ஆனால் அவர் வழக்கத்திற்கு மாறாக எதையும் பார்க்கவில்லை?,fake,facebook/mms-tts-tam,synthetic_tts,clean
data/fake/tamil\fake_tam_1909.wav,Tamil,சீபெக் விளைவு என்றால் என்ன?,fake,facebook/mms-tts-tam,synthetic_tts,clean
data/fake/tamil\fake_tam_1910.wav,Tamil,இனி வரும் உலகம் உறங்காது விழிப்படையு மாக என்று திருமதி சன்யாட்சன் ஆசி கூறியாய் விட்டது.,fake,facebook/mms-tts-tam,synthetic_tts,clean
data/fake/tamil\fake_tam_1911.wav,Tamil,கஸ்தூரி வந்தால்தான் வீரனுக்கும் சந்தோஷம் வரும் போல இருக்கிறது.,fake,facebook/mms-tts-tam,synthetic_tts,clean
data/fake/tamil\fake_tam_1912.wav,Tamil,ஓர் ஆயிரத்து எண்ணூற்று எழுபத்தெட்டு ஆம் ஆண்டிலிருந்து பலதடவை சிறுசிறு பகுதிகளாக வாங்கப்பட்டது.,fake,facebook/mms-tts-tam,synthetic_tts,clean
data/fake/tamil\fake_tam_1913.wav,Tamil,அரச குடும்பத்திலே இருந்தே பரிசுப் பொருளுக்கு உரியவன் வரவேண்டும் என்று அவள் எதிர் பார்க்கவில்லை.,fake,facebook/mms-tts-tam,synthetic_tts,clean
data/fake/tamil\fake_tam_1914.wav,Tamil,அனலில் இட்ட மெழுகுபோல.,fake,facebook/mms-tts-tam,synthetic_tts,clean
data/fake/tamil\fake_tam_1915.wav,Tamil,"பதுமை முதலிய பிரச்சோதன மன்னனின் தூதுவர்கள் கோசாம்பி நகரத்து அரண்மனையில் உதயணன், வாசவதத்தை இவர்களுடன் சில நாள்கள் தங்கியிருந்தனர்.",fake,facebook/mms-tts-tam,synthetic_tts,clean
data/fake/tamil\fake_tam_1916.wav,Tamil,போர் நிறுத்தக் கூட்டணியின் தற்போதைய தலைவராக உள்ளார்.,fake,facebook/mms-tts-tam,synthetic_tts,clean
data/fake/tamil\fake_tam_1917.wav,Tamil,நூல் பல கற்றும் அவைக்கு அஞ்சுபர் அங்குச் சென்று பங்குகொள்ளத் தயங்குவர்.,fake,facebook/mms-tts-tam,synthetic_tts,clean
data/fake/tamil\fake_tam_1918.wav,Tamil,"மூத்தவள் இவனிடம் வந்தாள்.இவன் யோசித்து, இந்தா, எட்டுக் கடுக்காய்.",fake,facebook/mms-tts-tam,synthetic_tts,clean
data/fake/tamil\fake_tam_1919.wav,Tamil,பிறப்பு முதல் இறப்பு வரை அரசாங்கம் பொறுப்பேற்கிறது என்றால் அதை நாம் பாராட்டாமல் இருக்க முடியாது.,fake,facebook/mms-tts-tam,synthetic_tts,clean
data/fake/tamil\fake_tam_1920.wav,Tamil,தேடித் தேடிக் காணாமல் திரும்பி வந்து சேர்ந்தானே!,fake,facebook/mms-tts-tam,synthetic_tts,clean
data/fake/tamil\fake_tam_1921.wav,Tamil,அவர் ஒருவேளை தன்னைப் படைத்த கடவுளையே தேடுகிறாரோ என்பது ஒருவரது ஏகத்தாள வாதம்.,fake,facebook/mms-tts-tam,synthetic_tts,clean
data/fake/tamil\fake_tam_1922.wav,Tamil,"கமுகு, வாழை முதலிய தோட்டங்கள் அவர்களது ஆத்திரம்மிக்க கைகளிற் சிக்கிச் சிதைந்தன.",fake,facebook/mms-tts-tam,synthetic_tts,clean
data/fake/tamil\fake_tam_1923.wav,Tamil,கூடியிருந்த தோழிப் பெண்களையும் பிறரையும் உடனே அங்கிருந்து விலகிச் செல்லுமாறு தத்தை பணித்தாள்.,fake,facebook/mms-tts-tam,synthetic_tts,clean
data/fake/tamil\fake_tam_1924.wav,Tamil,"""டேக் இட் இஸ் 'என்ற தலைப்பில் ஒரு டேனிஷ் ஐஸ்கிரீம் விளம்பரம்.",fake,facebook/mms-tts-tam,synthetic_tts,clean
data/fake/tamil\fake_tam_1925.wav,Tamil,முடிவுக்கு உண்டான தொடக்கத்தைப் பற்றிச் சொல்லிக்காட்ட வேண்டுமல்லவா?,fake,facebook/mms-tts-tam,synthetic_tts,clean
data/fake/tamil\fake_tam_1926.wav,Tamil,"லிமாவடி, லண்டன்பெர்ரி மாகாணத்தில் வளர்க்கப்பட்ட மாரோ, இந்த கல்வி நிறுவனத்தில் ஒரு இளைஞனாகத் தொடங்கியவர் ஆவார்.",fake,facebook/mms-tts-tam,synthetic_tts,clean
data/fake/tamil\fake_tam_1927.wav,Tamil, சமுதாய ஏற்றத் தாழ்வுகள் அடுத்தபடியாக.,fake,facebook/mms-tts-tam,synthetic_tts,clean
data/fake/tamil\fake_tam_1928.wav,Tamil,"அது விலைமதிப்பற்றது, ஆனால் அவர் அதைச் செய்து முடிக்க முடிந்தால் அது மதிப்புக்குரியது ஆகும்.",fake,facebook/mms-tts-tam,synthetic_tts,clean
data/fake/tamil\fake_tam_1929.wav,Tamil,"திடீரென்று ஏதோ நினைவு வந்தவன்போல, உமார் தனக்கு நிசாமிடமிருந்து வந்த கடிதங்கள் வைத்திருக்கும் பெட்டியிலிருந்து ஒரு கடிதத்தை எடுத்தான்.",fake,facebook/mms-tts-tam,synthetic_tts,clean
data/fake/tamil\fake_tam_1930.wav,Tamil,"ஒரு குழுவை உருவாக்க வேண்டுமென்றால், ஒரு மணி நேரத்திலோ, ஒரு நாளிலோ முடியாது.",fake,facebook/mms-tts-tam,synthetic_tts,clean
data/fake/tamil\fake_tam_1931.wav,Tamil,வாடும்.,fake,facebook/mms-tts-tam,synthetic_tts,clean
data/fake/tamil\fake_tam_1932.wav,Tamil,இரண்டு வருஷங்களுக்குப் பிறகு இப்பொழுது தான் முதன் முதலாக வீடு திரும்புகிறாள் என்று நினைக்கிறேன்.,fake,facebook/mms-tts-tam,synthetic_tts,clean
data/fake/tamil\fake_tam_1933.wav,Tamil,ஒரு சுமையான கல்லை ஒருவரால் தூக்கவியலாது.,fake,facebook/mms-tts-tam,synthetic_tts,clean
data/fake/tamil\fake_tam_1934.wav,Tamil,கொஞ்ச நேரத்தில் பரிசல் வஞ்சி ஆற்றின் மறுகரையை அடைந்தது.,fake,facebook/mms-tts-tam,synthetic_tts,clean
data/fake/tamil\fake_tam_1935.wav,Tamil,படமெடுத்தாடும்; தமிழர் பங்கமெலாம் போமே!,fake,facebook/mms-tts-tam,synthetic_tts,clean
data/fake/tamil\fake_tam_1936.wav,Tamil,இப்படி மக்களுக்கு மிகவும் உதவியாக இருந்த மேற்படி சங்கப்பலகை திடீரென்று ஒரு நாள் காணாமற்போய்விட்டது.,fake,facebook/mms-tts-tam,synthetic_tts,clean
data/fake/tamil\fake_tam_1937.wav,Tamil,எல்லோரும் பல்லக்கு ஏறினால் பல்லக்கைத் தூக்குகிறவர் யார்?,fake,facebook/mms-tts-tam,synthetic_tts,clean
data/fake/tamil\fake_tam_1938.wav,Tamil,மறுமை வாழ்வில் அடையும் சுவர்க்க இன்பங்களை இம் மண்ணுலகில் வாழ்ந்தே பெறமுடியும்.,fake,facebook/mms-tts-tam,synthetic_tts,clean
data/fake/tamil\fake_tam_1939.wav,Tamil,எதிர்ப்பில் வெளிப்படும் நமதுசக்தி! - மற்றும்,fake,facebook/mms-tts-tam,synthetic_tts,clean
data/fake/tamil\fake_tam_1940.wav,Tamil,இந்தச் சார புஷ்கரணி எப்படி உருவாயிற்று என்று தெரியவேண்டாமா?,fake,facebook/mms-tts-tam,synthetic_tts,clean
data/fake/tamil\fake_tam_1941.wav,Tamil,"கந்தர் அலங்கார மாளிகைக்கு இந்த முதற்பாட்டு, தக்கபடி அமைந்த வாயிலாக இருக்கிறது.",fake,facebook/mms-tts-tam,synthetic_tts,clean
data/fake/tamil\fake_tam_1942.wav,Tamil,அரணுள் புகுந்து அரசனைக் கண்டார்.,fake,facebook/mms-tts-tam,synthetic_tts,clean
data/fake/tamil\fake_tam_1943.wav,Tamil,சிவபெருமானே தன் துவாரபாலகர் ஒருவரை அவனுக்குக் காவல் புரியுமாறு கட்டளையிடுகிறார்.,fake,facebook/mms-tts-tam,synthetic_tts,clean
data/fake/tamil\fake_tam_1944.wav,Tamil,கடல் மட்டத்திலிருந்து நான்கு ஆயிரம் அடியிலிருந்து நான்கு ஆயிரத்து எண்ணூறு  அடிவரை உயரமுடையது.,fake,facebook/mms-tts-tam,synthetic_tts,clean
data/fake/tamil\fake_tam_1945.wav,Tamil,"அவருக்குப் பிறகு அவரது மகன் ஐந்தாவது ஏர்ல், ஆட்சி புரிந்தார்.",fake,facebook/mms-tts-tam,synthetic_tts,clean
data/fake/tamil\fake_tam_1946.wav,Tamil,ஏதென்ஸ் நகரில் பிரம்பால் அடித்துத் தண்டிக்கும் வழக்கம் இருந்திருக்கிறது.,fake,facebook/mms-tts-tam,synthetic_tts,clean
data/fake/tamil\fake_tam_1947.wav,Tamil,"மனத்தில் காதல் மிக அதனால் மெலிந்து எனக்கு எனக்கு, என்று.",fake,facebook/mms-tts-tam,synthetic_tts,clean
data/fake/tamil\fake_tam_1948.wav,Tamil,ஆனால் அதற்காக அமைச்சரிடமும் வேளாவிக்கோ மாளிகையிடமும் ஏமாந்துபோகிற அளவு தாழ்ந்துவிட விரும்பவில்லை அவன்.,fake,facebook/mms-tts-tam,synthetic_tts,clean
data/fake/tamil\fake_tam_1949.wav,Tamil,ஆண்டி கிடக்கிறான் அறையிலே அவன் சடை கிடக்கிறது தெருவிலே.,fake,facebook/mms-tts-tam,synthetic_tts,clean
data/fake/tamil\fake_tam_1950.wav,Tamil,"மூலையில் உட்கார்ந்திருக்கும் அவனது மூளை, வேறு எதையாவது தான் யோசித்துக் கொண்டிருக்கும்.",fake,facebook/mms-tts-tam,synthetic_tts,clean
data/fake/tamil\fake_tam_1951.wav,Tamil,கோயிலின் மதில் கிழ மேல் இருநூற்று தொன்னூற்றெட்டு அடி நீளம்.,fake,facebook/mms-tts-tam,synthetic_tts,clean
data/fake/tamil\fake_tam_1952.wav,Tamil,அந்நோயைத் தீர்த்து வைப்பதிலும் அந்நாட்டு நாவிதர்கள் நல்ல பழக்கம் பெற்றிருந்தனர்.,fake,facebook/mms-tts-tam,synthetic_tts,clean
data/fake/tamil\fake_tam_1953.wav,Tamil,பவுல் தன் தாயுடன் பின்தொடர்ந்தான்.,fake,facebook/mms-tts-tam,synthetic_tts,clean
data/fake/tamil\fake_tam_1954.wav,Tamil,செயலால் குற்றமற்றவனாக வாழ்ந்து விடுதல் எளிது.,fake,facebook/mms-tts-tam,synthetic_tts,clean
data/fake/tamil\fake_tam_1955.wav,Tamil,அதற்கு பதில் ஆரவாரம்தானோ?,fake,facebook/mms-tts-tam,synthetic_tts,clean
data/fake/tamil\fake_tam_1956.wav,Tamil,கோ என்று கதறி இரு கைகளையும் கொண்டு தலையில் அடித்துக் கொண்டு அவன் உடம்பின் மேல் விழுந்து அழுதாள்.,fake,facebook/mms-tts-tam,synthetic_tts,clean
data/fake/tamil\fake_tam_1957.wav,Tamil,இரப்பவனுக்குப் பஞ்சம் என்றைக்கும் இல்லை.,fake,facebook/mms-tts-tam,synthetic_tts,clean
data/fake/tamil\fake_tam_1958.wav,Tamil,"சாப்பிடுகிற வேளை தூங்குகிற வேளை தவிர, மற்றக் காலமெல்லாம் எங்களுடனேயே கழிப்பார்.",fake,facebook/mms-tts-tam,synthetic_tts,clean
data/fake/tamil\fake_tam_1959.wav,Tamil,"வெளிநாட்டார் ஒருவர், இலண்டனுக்கு வந்து அங்குள்ள வசதிகளையும் உரிமைகளையும் பெற்றுக்கொண்டு, அவ் வெள்ளையரையே அவ்வளவு மிரட்ட விடலாமா?",fake,facebook/mms-tts-tam,synthetic_tts,clean
data/fake/tamil\fake_tam_1960.wav,Tamil,பெரிய பெரிய பாறைகளில் எல்லாம் பல பல உருவங்களைச் செதுக்கியிருக்கிறார்கள்.,fake,facebook/mms-tts-tam,synthetic_tts,clean
data/fake/tamil\fake_tam_1961.wav,Tamil,அத்தனையும் அருமையான பாடல்கள்.,fake,facebook/mms-tts-tam,synthetic_tts,clean
data/fake/tamil\fake_tam_1962.wav,Tamil,"இந்த படைப்பு, ஜான் ஃபார்லேயின் மரக்கட்டை வேலைப்பாடுகளால் விளக்கப்பட்டுள்ளது.",fake,facebook/mms-tts-tam,synthetic_tts,clean
data/fake/tamil\fake_tam_1963.wav,Tamil,இதன் முன்னோடியான கிரேக்க மொழியிலும் இஃதே.,fake,facebook/mms-tts-tam,synthetic_tts,clean
data/fake/tamil\fake_tam_1964.wav,Tamil,படம் பார்த்தது கூட தாங்கள் பார்த்த வேலை என்று தொழிலாளர்கள் கருதினார்கள் போலும்!,fake,facebook/mms-tts-tam,synthetic_tts,clean
data/fake/tamil\fake_tam_1965.wav,Tamil,"திருந்தா வகையிற் செலுத்தலால், அவர்கள்",fake,facebook/mms-tts-tam,synthetic_tts,clean
data/fake/tamil\fake_tam_1966.wav,Tamil,"ஆனால், ஹெர்க்குலிஸுக்கு அதனிடம் மதிப்பும், இரக்கமுமே ஏற்பட்டன.",fake,facebook/mms-tts-tam,synthetic_tts,clean
data/fake/tamil\fake_tam_1967.wav,Tamil,நீச்சலுடை மற்றும் அரைக்கால் சட்டையில் உள்ள பல மக்கள் நீருக்கு அருகிலுள்ள பாறைகளில் ஏறுகின்றனர்.,fake,facebook/mms-tts-tam,synthetic_tts,clean
data/fake/tamil\fake_tam_1968.wav,Tamil,"சுப்பிரமணிய ஐயர் அவர்கள், ஆக்டர்களாகிய எங்களையெல்லாம் இன்னின்னாரென லார்ட் வென்லாக்குக்குத் தெரியப்படுத்தினார்.",fake,facebook/mms-tts-tam,synthetic_tts,clean
data/fake/tamil\fake_tam_1969.wav,Tamil,மேற்குறிப்பிட்ட தத்துவ ஆசிரியர்களெல்லாம் கடவுள் இல்லை என்று வாதித்தார்கள்?,fake,facebook/mms-tts-tam,synthetic_tts,clean
data/fake/tamil\fake_tam_1970.wav,Tamil,இரண்டும் கடவுள் அல்லது தேவர்களின் தலையீட்டை எதிர்க்கின்றன.,fake,facebook/mms-tts-tam,synthetic_tts,clean
data/fake/tamil\fake_tam_1971.wav,Tamil,அவற்றின் வடிவங்களை அறிவதையும் வரலாறு உள்ளடக்கமாகக் கொண்டுள்ளது.,fake,facebook/mms-tts-tam,synthetic_tts,clean
data/fake/tamil\fake_tam_1972.wav,Tamil,தங்களுக்கு சாந்தியுண்டாவதாக! என்று கூவினார்கள்.,fake,facebook/mms-tts-tam,synthetic_tts,clean
data/fake/tamil\fake_tam_1973.wav,Tamil,உழைப்புப் பங்காளியான பழனியாப் பிள்ளை ஒன்றுஞ் செய்யத் தோன்றாது அவர்களோடு பேருக்கு ஒத்துழைத்தார்.,fake,facebook/mms-tts-tam,synthetic_tts,clean
data/fake/tamil\fake_tam_1974.wav,Tamil,அறப்பத்தினி அகமுடையானை அப்பா என்று அழைத்தாளாம்.,fake,facebook/mms-tts-tam,synthetic_tts,clean
data/fake/tamil\fake_tam_1975.wav,Tamil,அவன் மகன் பானுகோபன் மாண்டுவிட்டான்.,fake,facebook/mms-tts-tam,synthetic_tts,clean
data/fake/tamil\fake_tam_1976.wav,Tamil,"இங்கு நாம் கூறவந்த குடி, குடிக்கும் வழக்கத்தை ஒழித்துக் குடியின் பெருமையை உயர்த்த வேண்டும் என்பதேயாம்.",fake,facebook/mms-tts-tam,synthetic_tts,clean
data/fake/tamil\fake_tam_1977.wav,Tamil,ஒட்டகப் புத்தி என்றால் என்ன என்று விளங்கவில்லை.,fake,facebook/mms-tts-tam,synthetic_tts,clean
data/fake/tamil\fake_tam_1978.wav,Tamil,"புளியந்தோப்பில், சொந்த பூமியுள்ள குடும்பங்கள் இருபது இருக்கலாம்.",fake,facebook/mms-tts-tam,synthetic_tts,clean
data/fake/tamil\fake_tam_1979.wav,Tamil,தலையணை மீது தலையை வைத்து,fake,facebook/mms-tts-tam,synthetic_tts,clean
data/fake/tamil\fake_tam_1980.wav,Tamil,கசப்பைக் கக்கவும் தவறவில்லை அவள்.,fake,facebook/mms-tts-tam,synthetic_tts,clean
data/fake/tamil\fake_tam_1981.wav,Tamil,இந்த இயற்கைப் படைப்பே மாபெரும் செல்வம் ஆகும்.,fake,facebook/mms-tts-tam,synthetic_tts,clean
data/fake/tamil\fake_tam_1982.wav,Tamil,ஒரு குடியாட்சி நாட்டில் வாழும் மக்கள் அனைத்துரிமைகளுக்கும் சொந்தக்காரர்கள்.,fake,facebook/mms-tts-tam,synthetic_tts,clean
data/fake/tamil\fake_tam_1983.wav,Tamil,எவ்வாறு நீண்டு வளருவான்? இல்லைஇல்லை!,fake,facebook/mms-tts-tam,synthetic_tts,clean
data/fake/tamil\fake_tam_1984.wav,Tamil,இது தெரியாதா உனக்கு.,fake,facebook/mms-tts-tam,synthetic_tts,clean
data/fake/tamil\fake_tam_1985.wav,Tamil,இயல் இசை நாடகம் வாழ்வியலின் வடிவங்கள்,fake,facebook/mms-tts-tam,synthetic_tts,clean
data/fake/tamil\fake_tam_1986.wav,Tamil,இவர்கள் மிகவும் ஏழைகளாகத்தான் இருக்க வேண்டும்.,fake,facebook/mms-tts-tam,synthetic_tts,clean
data/fake/tamil\fake_tam_1987.wav,Tamil,"பெட்டிக்கடையை, கீழே இழுத்துப் போட்டார்கள்.",fake,facebook/mms-tts-tam,synthetic_tts,clean
data/fake/tamil\fake_tam_1988.wav,Tamil,மலர் கொண்டு வந்து நாகராஜன் பேரிலும் சாயிபாப படத்தின் பேரிலும் அர்ச்சித்தனர்.,fake,facebook/mms-tts-tam,synthetic_tts,clean
data/fake/tamil\fake_tam_1989.wav,Tamil,"நாகசாமி அவர்களுக்கு, என் வணக்கமும் நன்றியும் உரியன.",fake,facebook/mms-tts-tam,synthetic_tts,clean
data/fake/tamil\fake_tam_1990.wav,Tamil,"ஆனால், இயல்பாகவே கல் நெஞ்சர்களான யூதர்கள் மேலும் சந்தேகம் கொள்ளத் தொடங்கினார்கள்.",fake,facebook/mms-tts-tam,synthetic_tts,clean
data/fake/tamil\fake_tam_1991.wav,Tamil,அள்ளிச் செல்ல நினைப்பதும் இல்லை.,fake,facebook/mms-tts-tam,synthetic_tts,clean
data/fake/tamil\fake_tam_1992.wav,Tamil,குதிரைகள் போய்க் கொண்டேயிருந்த பாதையில் இங்குமங்கும் கூடாரங்கன் தெரிந்தன.,fake,facebook/mms-tts-tam,synthetic_tts,clean
data/fake/tamil\fake_tam_1993.wav,Tamil,புகையைக் கண்டு நெருப்பு அணுகிவிட்டது எனச் சச்சந்தன் அறிந்தான்.,fake,facebook/mms-tts-tam,synthetic_tts,clean
data/fake/tamil\fake_tam_1994.wav,Tamil,ஊரை விட்டுப் போகும்போது தாரை விட்டு அழுதாளாம்.,fake,facebook/mms-tts-tam,synthetic_tts,clean
data/fake/tamil\fake_tam_1995.wav,Tamil,பொது மக்கள் அந்தத் தடைகளை மதிக்கவில்லை.,fake,facebook/mms-tts-tam,synthetic_tts,clean
data/fake/tamil\fake_tam_1996.wav,Tamil,நீங்கள் என்ன ஏலம் எடுக்கிறீர்கள்?,fake,facebook/mms-tts-tam,synthetic_tts,clean
data/fake/tamil\fake_tam_1997.wav,Tamil,நாம் மெய்யன்பினால் உள்ளுவதில்லை.,fake,facebook/mms-tts-tam,synthetic_tts,clean
data/fake/tamil\fake_tam_1998.wav,Tamil,அமைச்சனுக்கும் அந்தப் பார்வை புரிந்திருக்க வேண்டும்.,fake,facebook/mms-tts-tam,synthetic_tts,clean
data/fake/tamil\fake_tam_1999.wav,Tamil,முகத்துவாரத்திலிருந்து நகருக்குள் வர ஏற்றபடி பொன்வானியாற்றின் கால்வாய் ஒன்று இரத்தின வணிகரின் மாளிகைப் புறக்கடையை ஒட்டிச் செல்கிறது.,fake,facebook/mms-tts-tam,synthetic_tts,clean
data/fake/tamil\fake_tam_2000.wav,Tamil,மும்முறை வெற்றி கொண்ட ஹெர்க்குலிஸ் இம்முறையும் வெற்றி பெறலாம் என்ற நம்பிக்கையுட்ன் மலைப் பிரதேசத்தை நோக்கிப் பயணமானான்.,fake,facebook/mms-tts-tam,synthetic_tts,clean
data/fake/sinhala\fake_sin_0001.wav,Sinhala,"( sin_2241_6077399409 "" මේ නිශ්චල ඡායාරූපය ටොම් හෑන්ක්ස් රඟ පෑ සිනමා පටයකිනි "" )",fake,gTTS-si,synthetic_tts,clean
data/fake/sinhala\fake_sin_0002.wav,Sinhala,"( sin_9228_6551954582 "" දේශසීමාහි නොසන්සුන්කාරී තත්ත්වයක් ඇතිව තිබිණි "" )",fake,gTTS-si,synthetic_tts,clean
data/fake/sinhala\fake_sin_0003.wav,Sinhala,"( sin_3688_0102202529 "" ආයෙ පිටරටින් ආව දෙයක් නම් කිසිම ගැටළුවක් නැහැ "" )",fake,gTTS-si,synthetic_tts,clean
data/fake/sinhala\fake_sin_0004.wav,Sinhala,"( sin_2241_7997082894 "" මෙතැන වෙන්නේ වගකීම් හා යුතුකම් ගැන කෙරෙන සංවාදයක් "" )",fake,gTTS-si,synthetic_tts,clean
data/fake/sinhala\fake_sin_0005.wav,Sinhala,"( sin_9228_8981275962 "" මෙම පිරිස ලෝක ආර්ථිකයේ සැලකිය යුතු පරිමාවකි "" )",fake,gTTS-si,synthetic_tts,clean
data/fake/sinhala\fake_sin_0006.wav,Sinhala,"( sin_4499_5880983232 "" රට්ඨපාල කුමරු ගිහිගෙය හැර පැවිදි වී සිටියි "" )",fake,gTTS-si,synthetic_tts,clean
data/fake/sinhala\fake_sin_0007.wav,Sinhala,"( sin_6314_3501793570 "" මේ විශේෂය ලංකාවේ ජලාශවල බෝවීමට පටන් ගත හොත් බොහෝ තර්ජන එල්ලවීමට ද ඉඩ ඇත "" )",fake,gTTS-si,synthetic_tts,clean
data/fake/sinhala\fake_sin_0008.wav,Sinhala,"( sin_4499_2634715980 "" හැබැයි මේ කොල්ලා තමිල්නාඩුවේ දෙමල කොල්ලෙක් "" )",fake,gTTS-si,synthetic_tts,clean
data/fake/sinhala\fake_sin_0009.wav,Sinhala,"( sin_4191_4280364884 "" මේ අනුව බුදුවරුන් දෙවර්ගයක් ගැන කරුණු තිබේ "" )",fake,gTTS-si,synthetic_tts,clean
data/fake/sinhala\fake_sin_0010.wav,Sinhala,"( sin_5681_3100818596 "" මේවැඩවල වගකීම් කොටසක් ඔබතුමීත් බාරගන්න ඕනේ "" )",fake,gTTS-si,synthetic_tts,clean
data/fake/sinhala\fake_sin_0011.wav,Sinhala,"( sin_3976_8912786700 "" මේ ඉසුරුමුණියේ පෙම් යුවල යනු සාලිය අශෝකමාලා යුවලයි "" )",fake,gTTS-si,synthetic_tts,clean
data/fake/sinhala\fake_sin_0012.wav,Sinhala,"( sin_2241_4134952636 "" ඉගෙන ගන්න ළමුන්ට හුගක් දේවල් දැනගන්න පුළුවන් "" )",fake,gTTS-si,synthetic_tts,clean
data/fake/sinhala\fake_sin_0013.wav,Sinhala,"( sin_5681_6627135868 "" මෙහිදී සඳහන් කරන්නේ විදර්ශනා භාවනා ගැනයි "" )",fake,gTTS-si,synthetic_tts,clean
data/fake/sinhala\fake_sin_0014.wav,Sinhala,"( sin_2282_3781837298 "" මේකනම් මම හිතන්නේ ගොඩ දෙනක් බලලා නැතුව ඇති "" )",fake,gTTS-si,synthetic_tts,clean
data/fake/sinhala\fake_sin_0015.wav,Sinhala,"( sin_6897_1708759200 "" රුචිකත්වයක් දැක්වූයේ ඉතා සරල ආහාර වේලකටය "" )",fake,gTTS-si,synthetic_tts,clean
data/fake/sinhala\fake_sin_0016.wav,Sinhala,"( sin_7183_5546395189 "" මෙම ගමන පර්සියානු කවියෙක් ද විස්තර කර ඇත "" )",fake,gTTS-si,synthetic_tts,clean
data/fake/sinhala\fake_sin_0017.wav,Sinhala,"( sin_6897_2279157368 "" පෙරහැර තුළ අලි ඇතුන්ට හිමිවන්නේ සුවිශේෂී ස්ථානයක් "" )",fake,gTTS-si,synthetic_tts,clean
data/fake/sinhala\fake_sin_0018.wav,Sinhala,"( sin_3976_2772133735 "" මුදල් තිබුනත් හොඳ පොතක් ගන්න තියෙන අමාරුව "" )",fake,gTTS-si,synthetic_tts,clean
data/fake/sinhala\fake_sin_0019.wav,Sinhala,"( sin_3688_4050269744 "" ඔහුගේ භාර්යාව නිළියක් හා ලෝක රූ රැජිනිය වු අයිශ්වර්යා රායි වේ "" )",fake,gTTS-si,synthetic_tts,clean
data/fake/sinhala\fake_sin_0020.wav,Sinhala,"( sin_6314_8957178068 "" සුදු පැහැති වෑන් රථයකින් මැන්ඩෙලා පැහැර ගනු ලබයි "" )",fake,gTTS-si,synthetic_tts,clean
data/fake/sinhala\fake_sin_0021.wav,Sinhala,"( sin_2282_2935984036 "" ඉගෙන ගන්නා කරුණුත් මහත් උත්සාහයකින් යුතුව ඉගෙන ගන්නවා "" )",fake,gTTS-si,synthetic_tts,clean
data/fake/sinhala\fake_sin_0022.wav,Sinhala,"( sin_6897_4239951844 "" හසන්තත් එහෙනම් නියම එකකින් වැඩ අල්ලලා තියෙන්නේ "" )",fake,gTTS-si,synthetic_tts,clean
data/fake/sinhala\fake_sin_0023.wav,Sinhala,"( sin_3531_0931387094 "" මේවා නොසිතිය යුතු නම් සිතිය යුත්තේ මොනවා ගැන ද "" )",fake,gTTS-si,synthetic_tts,clean
data/fake/sinhala\fake_sin_0024.wav,Sinhala,"( sin_3531_0949226064 "" උඹ හදන්නේ ආසනික් කතාවත් කණපිට පෙරලන්න නේ "" )",fake,gTTS-si,synthetic_tts,clean
data/fake/sinhala\fake_sin_0025.wav,Sinhala,"( sin_2282_5037140247 "" මේ මඩ වගුරෙහි සිටින තැනැත්තා මඩෙහි එරෙයි "" )",fake,gTTS-si,synthetic_tts,clean
data/fake/sinhala\fake_sin_0026.wav,Sinhala,"( sin_2241_7959803271 "" මේවාට පිලිතුරු ලැබෙනකොට නම් මූන හිරිවැටෙනවා "" )",fake,gTTS-si,synthetic_tts,clean
data/fake/sinhala\fake_sin_0027.wav,Sinhala,"( sin_2282_3536851957 "" අකමැත්තෙන් වුනත් තාත්තාත් මේකට කැමති වෙනවා "" )",fake,gTTS-si,synthetic_tts,clean
data/fake/sinhala\fake_sin_0028.wav,Sinhala,"( sin_4191_7236977312 "" මෙම පිළිගැනුම තුළින් ඊට අපි සියල්ලෝම මුහුණ දිය යුතුමය "" )",fake,gTTS-si,synthetic_tts,clean
data/fake/sinhala\fake_sin_0029.wav,Sinhala,"( sin_2282_0434573169 "" රේගන් දරුණු චරිතයක් වූයේ පියාගේ අකරුණාව නිසාය "" )",fake,gTTS-si,synthetic_tts,clean
data/fake/sinhala\fake_sin_0030.wav,Sinhala,"( sin_4499_5267517726 "" යාපනයේ රජයේ ආයතනවල දෙමල පරිවර්තන සහිත බෝඩ් ලෑලි ඇත "" )",fake,gTTS-si,synthetic_tts,clean
data/fake/sinhala\fake_sin_0031.wav,Sinhala,"( sin_4191_6956602368 "" මෙම අපරාධයේ විශේෂත්වය වූයේ මේ බරපතළ අපරාධය කාන්තාවක් අතින් සිදුවීමය "" )",fake,gTTS-si,synthetic_tts,clean
data/fake/sinhala\fake_sin_0032.wav,Sinhala,"( sin_2282_8920241225 "" මීගමුව රෝහලේ සිට රාගම රෝහලයට ගෙන යන අතර වාරයේදී ඇය මිය ගියාය "" )",fake,gTTS-si,synthetic_tts,clean
data/fake/sinhala\fake_sin_0033.wav,Sinhala,"( sin_3531_8775492655 "" මෙම කෞතුකාගාරය පිටකෝට්ටේ හා ඇතුල්කෝට්ටේ නගර අතර පිහිටුවා ඇත "" )",fake,gTTS-si,synthetic_tts,clean
data/fake/sinhala\fake_sin_0034.wav,Sinhala,"( sin_7183_7364635497 "" මේ දරුවාගේ රැකවරණයට කිසිම මනුස්සයෙක් නැහැ "" )",fake,gTTS-si,synthetic_tts,clean
data/fake/sinhala\fake_sin_0035.wav,Sinhala,"( sin_9228_0175648630 "" අන්තවාදීන් වඩා බිය වන්නේ පොත් සහ පෑන්වලටයි "" )",fake,gTTS-si,synthetic_tts,clean
data/fake/sinhala\fake_sin_0036.wav,Sinhala,"( sin_3976_0924265924 "" මෙම මුරගල් විශේෂයෙහි ද වර්ග දෙකක් දක්නට ලැබේ "" )",fake,gTTS-si,synthetic_tts,clean
data/fake/sinhala\fake_sin_0037.wav,Sinhala,"( sin_6314_4764554017 "" ස්ටැන්ලිගේ බිරිඳ ද ජනාධිපතිවරයාට ලිපියක් යවා තිබේ "" )",fake,gTTS-si,synthetic_tts,clean
data/fake/sinhala\fake_sin_0038.wav,Sinhala,"( sin_7183_6375371796 "" මෙම කැස්බෑවා සොරකම් කිරීම සම්බන්ධව මගේ කිසි සම්බන්ධයක් නැහැ "" )",fake,gTTS-si,synthetic_tts,clean
data/fake/sinhala\fake_sin_0039.wav,Sinhala,"( sin_9228_0799657096 "" ලයනල් මෙසී සහ ෆැබ්රිගාස් ලබාගත් ගෝල දෙකකින් පොරටෝ කණ්ඩායම් සුපිරි කුසලානයද ජය ගන්නා ලදී "" )",fake,gTTS-si,synthetic_tts,clean
data/fake/sinhala\fake_sin_0040.wav,Sinhala,"( sin_3531_5440369099 "" අගනුවර වන බැග්ඩෑඩ් නුවර පිහිටා ඇත්තේ රටෙහි නැගෙනහිර මැද කොටසෙහිය "" )",fake,gTTS-si,synthetic_tts,clean
data/fake/sinhala\fake_sin_0041.wav,Sinhala,"( sin_6897_2540864146 "" මොබයිල් කනෙක්ෂන් ගැන කියද්දි මෙහෙම දෙයක් මට වුනා "" )",fake,gTTS-si,synthetic_tts,clean
data/fake/sinhala\fake_sin_0042.wav,Sinhala,"( sin_5681_6704020824 "" මෙම චාරිකාවෙහි මීළඟ දින සටහනෙන් ඒ ගැන කියන්නම් "" )",fake,gTTS-si,synthetic_tts,clean
data/fake/sinhala\fake_sin_0043.wav,Sinhala,"( sin_2282_5395978311 "" උනුත් ඉතින් වැඩිය ගණන් නොගෙන නිකන් ඉන්නවා "" )",fake,gTTS-si,synthetic_tts,clean
data/fake/sinhala\fake_sin_0044.wav,Sinhala,"( sin_9228_8866977892 "" මුන් මොනවද මේ ලියන්නෙ කියල හිතෙනව වෙලාවකට "" )",fake,gTTS-si,synthetic_tts,clean
data/fake/sinhala\fake_sin_0045.wav,Sinhala,"( sin_3531_7947843598 "" දර්ශනය වන වෙබ් අඩවි ගණනාවක් විදේශවලින් පවත්වා ගෙන යනවා "" )",fake,gTTS-si,synthetic_tts,clean
data/fake/sinhala\fake_sin_0046.wav,Sinhala,"( sin_9228_4439109075 "" අහන්නමයි ඉඳියෙ මේ කකාගෙ වොයිස් එකද කියල "" )",fake,gTTS-si,synthetic_tts,clean
data/fake/sinhala\fake_sin_0047.wav,Sinhala,"( sin_4191_9663352176 "" අබේකෝන් මහතා නිවේදනයක් නිකුත් කරමින් පවසයි "" )",fake,gTTS-si,synthetic_tts,clean
data/fake/sinhala\fake_sin_0048.wav,Sinhala,"( sin_7183_0756046600 "" උදාර පුද්ගලයා සියලු දෙනාගේ යහපතට කැමැතියි "" )",fake,gTTS-si,synthetic_tts,clean
data/fake/sinhala\fake_sin_0049.wav,Sinhala,"( sin_3688_3181295193 "" බල්ලන්ගේ අයිතිවාසිකම් තව කෙනෙක් අළෙවි කරයි "" )",fake,gTTS-si,synthetic_tts,clean
data/fake/sinhala\fake_sin_0050.wav,Sinhala,"( sin_3688_4803245628 "" මෙය ගතානුගතිකව අවිචාරවත්ව කරන වැඩක් නොවේද "" )",fake,gTTS-si,synthetic_tts,clean
data/fake/sinhala\fake_sin_0051.wav,Sinhala,"( sin_3531_3234625842 "" ඉවර වෙනවා කියල දැනෙනකොට පොඩි දුකකුත් එනවා "" )",fake,gTTS-si,synthetic_tts,clean
data/fake/sinhala\fake_sin_0052.wav,Sinhala,"( sin_4191_6622838331 "" මේක දේශපාලනික මානසික රෝගීන් පිරිසකගේ තීන්දුවක් "" )",fake,gTTS-si,synthetic_tts,clean
data/fake/sinhala\fake_sin_0053.wav,Sinhala,"( sin_5681_2957072095 "" ආයුධ පුහුණව නැතත් මෙය සිදු කරන්නේ හමුදාව විසින් "" )",fake,gTTS-si,synthetic_tts,clean
data/fake/sinhala\fake_sin_0054.wav,Sinhala,"( sin_2282_3763216109 "" එදාට ඇය නවකතා පොතක් අස්සෙ දාල ලියුමක් එවනවා "" )",fake,gTTS-si,synthetic_tts,clean
data/fake/sinhala\fake_sin_0055.wav,Sinhala,"( sin_3531_4900163700 "" සම්බුදුරජාණන් වහන්සේලා පස් නමක් පහල වෙන කල්පයයි "" )",fake,gTTS-si,synthetic_tts,clean
data/fake/sinhala\fake_sin_0056.wav,Sinhala,"( sin_6314_9139060553 "" සහෝලා කියන නිසා මම සලකලා බලන්නම්කො ඒ ගැන "" )",fake,gTTS-si,synthetic_tts,clean
data/fake/sinhala\fake_sin_0057.wav,Sinhala,"( sin_5681_4214327273 "" මීට පෙර මහේල ජයවර්ධන එම අනුමැතිය ලබාගෙන සිටියේ ය "" )",fake,gTTS-si,synthetic_tts,clean
data/fake/sinhala\fake_sin_0058.wav,Sinhala,"( sin_7183_0009386940 "" චෙක් ජනරජය සහ ස්ලෝවැකියාව දකුණෙන් මායිම් වී ඇත "" )",fake,gTTS-si,synthetic_tts,clean
data/fake/sinhala\fake_sin_0059.wav,Sinhala,"( sin_2241_5961008980 "" ඇෆ්ගනිස්තානය පකිස්තානය තිමෝරය ද එම රටවල් අතරට එක්වේ "" )",fake,gTTS-si,synthetic_tts,clean
data/fake/sinhala\fake_sin_0060.wav,Sinhala,"( sin_6897_0560147253 "" විචාරසීලි බෞද්ධයෙකුට එකඟ නොවිය හැකි තැනකි "" )",fake,gTTS-si,synthetic_tts,clean
data/fake/sinhala\fake_sin_0061.wav,Sinhala,"( sin_4191_5540698884 "" මේ හානියට එරෙහිව නැඟී ආ ජන විරෝධය කෙතරම් ද "" )",fake,gTTS-si,synthetic_tts,clean
data/fake/sinhala\fake_sin_0062.wav,Sinhala,"( sin_9228_1504581063 "" මේක සම්පුර්ණයෙන්ම රෑගත කරල තියෙන්නෙ සිංගප්පූරුවේ "" )",fake,gTTS-si,synthetic_tts,clean
data/fake/sinhala\fake_sin_0063.wav,Sinhala,"( sin_4499_2359609884 "" මොළයෙන් පටන් ගෙන හොරෙන්ම මනසට රිංගාගෙන අවසන් කරයි "" )",fake,gTTS-si,synthetic_tts,clean
data/fake/sinhala\fake_sin_0064.wav,Sinhala,"( sin_4499_6764052784 "" හලාල් සහතිකය සහිත කුකුල් මස් පමණක් නිපදවන ආයතනයක් "" )",fake,gTTS-si,synthetic_tts,clean
data/fake/sinhala\fake_sin_0065.wav,Sinhala,"( sin_2282_8380884362 "" මෙම ද්විත්ව ඝාතනයේ පරීක්ෂණ කටයුතු මොන ආකාරයකද පවතින්නේ "" )",fake,gTTS-si,synthetic_tts,clean
data/fake/sinhala\fake_sin_0066.wav,Sinhala,"( sin_4499_8770635976 "" පුද්ගල ශික්ෂණයට උන්වහන්සේ ලබාදුන් අවවාදය මහත්ය "" )",fake,gTTS-si,synthetic_tts,clean
data/fake/sinhala\fake_sin_0067.wav,Sinhala,"( sin_3688_8016892543 "" මුලින්ම රඟපෑමට ඇවිත් ඇක්ෂන් කියන කොටම හරියට එය කළාද "" )",fake,gTTS-si,synthetic_tts,clean
data/fake/sinhala\fake_sin_0068.wav,Sinhala,"( sin_5681_4841423790 "" මිනිසාට කොපමණ කාරණා සම්පූර්ණ වුවත් අඩුවක් දැනේ "" )",fake,gTTS-si,synthetic_tts,clean
data/fake/sinhala\fake_sin_0069.wav,Sinhala,"( sin_9228_3477458886 "" එතැනදී ඔහුට ජිවිතයෙන් වන්දි ගෙවන්න සිදුවෙනවා "" )",fake,gTTS-si,synthetic_tts,clean
data/fake/sinhala\fake_sin_0070.wav,Sinhala,"( sin_5681_8556026292 "" මිනිස් දිවිය තීර්නාත්මක්ව වෙනස් කල මැදිහත්කමක්විය "" )",fake,gTTS-si,synthetic_tts,clean
data/fake/sinhala\fake_sin_0071.wav,Sinhala,"( sin_9228_8849249413 "" මෙම කඳවුරේ සියළුම ජාතීන් ආගම් වල ජනතාව එකට වෙසෙති "" )",fake,gTTS-si,synthetic_tts,clean
data/fake/sinhala\fake_sin_0072.wav,Sinhala,"( sin_4499_4645217423 "" සරණපාල මේ බිංගේ ඇතුලෙ තුන්දෙනෙකුට නිදා ගන්න පුළුවන්ද "" )",fake,gTTS-si,synthetic_tts,clean
data/fake/sinhala\fake_sin_0073.wav,Sinhala,"( sin_6314_9540310631 "" පාප මිතුරන් හඳුනා ගැනීමට තරම් අප පරිස්සම් විය යුතුය "" )",fake,gTTS-si,synthetic_tts,clean
data/fake/sinhala\fake_sin_0074.wav,Sinhala,"( sin_2241_1387637240 "" මෙහිලා පර්යේෂකයන්ට විමසන්නට ඉතිරි වූ දෙයක් නැත "" )",fake,gTTS-si,synthetic_tts,clean
data/fake/sinhala\fake_sin_0075.wav,Sinhala,"( sin_2241_4872639475 "" අකුණු එළියට කාමරේ සැරින් සැරේ එළිය වැටුණා "" )",fake,gTTS-si,synthetic_tts,clean
data/fake/sinhala\fake_sin_0076.wav,Sinhala,"( sin_6897_4866488569 "" රූපයක නැතිනම් ශබ්දයක ඒ විධියට සිත ඇලෙනවා "" )",fake,gTTS-si,synthetic_tts,clean
data/fake/sinhala\fake_sin_0077.wav,Sinhala,"( sin_6897_2314570930 "" මොකද මම රංගනයට පුදුම තරම් ආදරේ කරන කෙනෙක් "" )",fake,gTTS-si,synthetic_tts,clean
data/fake/sinhala\fake_sin_0078.wav,Sinhala,"( sin_4191_5194761742 "" මේකෙ සත්තු බලාකියා ගන්න කොල්ලෙකුයි කෙල්ලෙකුයි ඉන්නවා "" )",fake,gTTS-si,synthetic_tts,clean
data/fake/sinhala\fake_sin_0079.wav,Sinhala,"( sin_2282_2248128461 "" ආදිවාසීන්ට නිදහසේ ජීවත්වෙන්න ඉඩදෙන්න කියලා "" )",fake,gTTS-si,synthetic_tts,clean
data/fake/sinhala\fake_sin_0080.wav,Sinhala,"( sin_4499_6172225788 "" ස්කොට් සහ ඇලිසන් ඉස්කෝලෙ ඉන්නෙ නැතිව යනවා "" )",fake,gTTS-si,synthetic_tts,clean
data/fake/sinhala\fake_sin_0081.wav,Sinhala,"( sin_7183_0719752029 "" ඔය සිද්ධිය ගැන මාත් එච්චර දැනං හිටියේ නෑ "" )",fake,gTTS-si,synthetic_tts,clean
data/fake/sinhala\fake_sin_0082.wav,Sinhala,"( sin_6314_0596794836 "" සිංහල බුද්දාගමට ලැදී මිනිස්සු තාම ඉන්නවා "" )",fake,gTTS-si,synthetic_tts,clean
data/fake/sinhala\fake_sin_0083.wav,Sinhala,"( sin_5681_8535741577 "" පහසුවෙන් ඒ පුද්ගලයාව කොටු කරගන්න තිබුණානේ "" )",fake,gTTS-si,synthetic_tts,clean
data/fake/sinhala\fake_sin_0084.wav,Sinhala,"( sin_7183_8863316074 "" ලංකාවෙ පේටන්ට් එකක් දෙන්නෙ කොහොමද "" )",fake,gTTS-si,synthetic_tts,clean
data/fake/sinhala\fake_sin_0085.wav,Sinhala,"( sin_2241_6164526854 "" මේ සිතුවිල්ල අනුන් කෙරෙහි පතුරුවා හරින්නකි "" )",fake,gTTS-si,synthetic_tts,clean
data/fake/sinhala\fake_sin_0086.wav,Sinhala,"( sin_9228_6147562901 "" මේකට කියනවා පච්චත්තං වේදිතබ්බ විඤ්ඤූහි කියල "" )",fake,gTTS-si,synthetic_tts,clean
data/fake/sinhala\fake_sin_0087.wav,Sinhala,"( sin_7183_8881355369 "" මේ සියල්ල බුදුන් වහන්සේ දේශනා කළ ධර්මයෝ ය "" )",fake,gTTS-si,synthetic_tts,clean
data/fake/sinhala\fake_sin_0088.wav,Sinhala,"( sin_3688_4481217485 "" අකාර්යක්ෂමතාව වැඩිම වියදමකින් භාණ්ඩ නිපදවයි "" )",fake,gTTS-si,synthetic_tts,clean
data/fake/sinhala\fake_sin_0089.wav,Sinhala,"( sin_7183_8645155133 "" මීට පස්සේ මමත් රැකියාවට බ්ලොගර් කියලා දාන්ට හිතාගත්තා "" )",fake,gTTS-si,synthetic_tts,clean
data/fake/sinhala\fake_sin_0090.wav,Sinhala,"( sin_4191_8588687224 "" අන්තර් ජාලයට රහස් ලියවීල්ල මුදා හැරියෙ කවුරුන්ද "" )",fake,gTTS-si,synthetic_tts,clean
data/fake/sinhala\fake_sin_0091.wav,Sinhala,"( sin_6314_6671030360 "" දැන් සම්බුද්ධත්ව ජයන්තිය එළඹෙමින් තිබේ "" )",fake,gTTS-si,synthetic_tts,clean
data/fake/sinhala\fake_sin_0092.wav,Sinhala,"( sin_2282_4974678151 "" මෙච්චර කාලයක් අපි වෙනුවෙන් කරපු කැප කිරීමට "" )",fake,gTTS-si,synthetic_tts,clean
data/fake/sinhala\fake_sin_0093.wav,Sinhala,"( sin_3531_1885894840 "" අන්තිමේදී රජතුමාට ඇමතිවරු දකින කොටත් වමනෙට ආවා "" )",fake,gTTS-si,synthetic_tts,clean
data/fake/sinhala\fake_sin_0094.wav,Sinhala,"( sin_4499_4838985833 "" යානාව තොරතුරු එවන්නෙ කැමරාවලින් ගත්තුවා නෙමෙයිද "" )",fake,gTTS-si,synthetic_tts,clean
data/fake/sinhala\fake_sin_0095.wav,Sinhala,"( sin_6897_1670502635 "" මොකද මෙතන ගොඩක් වෙලාවට දිය සුළි බහුල තැනක් "" )",fake,gTTS-si,synthetic_tts,clean
data/fake/sinhala\fake_sin_0096.wav,Sinhala,"( sin_7183_8029600446 "" ධීවර ආම්පන්න හා බෝට්ටු එන්ජින් ආනයනයේදී අදාළ බඩු අඩු කරනවා "" )",fake,gTTS-si,synthetic_tts,clean
data/fake/sinhala\fake_sin_0097.wav,Sinhala,"( sin_3688_7390248979 "" මේක සිංහල බෞද්ධයින්ට ලියල දීපු රටක් නෙවෙයි "" )",fake,gTTS-si,synthetic_tts,clean
data/fake/sinhala\fake_sin_0098.wav,Sinhala,"( sin_4191_8104288206 "" පරම්පරාවෙන් පරම්පරාවට කියල දෙන එව්ව කොච්චර තියනවද "" )",fake,gTTS-si,synthetic_tts,clean
data/fake/sinhala\fake_sin_0099.wav,Sinhala,"( sin_3531_7392637158 "" උඹ දන්නවද ලංකාවේ රජ කාලේ තිබුණු නීති ගැන "" )",fake,gTTS-si,synthetic_tts,clean
data/fake/sinhala\fake_sin_0100.wav,Sinhala,"( sin_3688_0763934486 "" මේ විධියට වේල් තුනෙන් ම බත් පිඬු පහළොවක් අඩුවේ "" )",fake,gTTS-si,synthetic_tts,clean
data/fake/sinhala\fake_sin_0101.wav,Sinhala,"( sin_2241_6885399424 "" රාවණා රජතුමා ගැන තරම් සාක්ෂි කිසිම රජතුමෙක් ගැන සඳහන් නෑ "" )",fake,gTTS-si,synthetic_tts,clean
data/fake/sinhala\fake_sin_0102.wav,Sinhala,"( sin_6314_9068953722 "" හැබැයි ඇපකරු බැංකුවලට පොලු නොතියපු කෙනෙක් වෙන්න ඕනෙ "" )",fake,gTTS-si,synthetic_tts,clean
data/fake/sinhala\fake_sin_0103.wav,Sinhala,"( sin_3531_4841767212 "" මේස් නැතිවෙන එකට මම නං කරන්නෙ පොඩි දෙයක් "" )",fake,gTTS-si,synthetic_tts,clean
data/fake/sinhala\fake_sin_0104.wav,Sinhala,"( sin_2282_1170757756 "" ස්වල්ප වේලාවකින් තමා කුරාම් එතැනට ආවේ "" )",fake,gTTS-si,synthetic_tts,clean
data/fake/sinhala\fake_sin_0105.wav,Sinhala,"( sin_3531_3844053013 "" පූර්ව දේවතා යනුවෙන් හැඳින්වෙන්නේ දෙමාපියන්ය "" )",fake,gTTS-si,synthetic_tts,clean
data/fake/sinhala\fake_sin_0106.wav,Sinhala,"( sin_3688_0096808080 "" මෙම කියමන් තුළ ඇති යථාර්ථය විමසා බැලුව හොත් "" )",fake,gTTS-si,synthetic_tts,clean
data/fake/sinhala\fake_sin_0107.wav,Sinhala,"( sin_5681_1244566792 "" ලෝක ජනතාව ආර්ථික අර්බුදයකට පත්ව සිටින අවස්ථාවකි මේ "" )",fake,gTTS-si,synthetic_tts,clean
data/fake/sinhala\fake_sin_0108.wav,Sinhala,"( sin_7183_3748554233 "" ඇතුල්කෝට්ටේ හංදිය ගැන මාගේ දැනීම නම් එච්චරම නැහැ "" )",fake,gTTS-si,synthetic_tts,clean
data/fake/sinhala\fake_sin_0109.wav,Sinhala,"( sin_6314_6094867444 "" යම් කෙනෙකුට ඕනෑම ඇඳුමක් ඇඳීමේ අයිතිය වෙනුවෙනි "" )",fake,gTTS-si,synthetic_tts,clean
data/fake/sinhala\fake_sin_0110.wav,Sinhala,"( sin_6897_4577559299 "" යන්න කලින් කමෙන්ට් එකක් එහෙම දාලා යන්නත් අමතක කරන්න එපා "" )",fake,gTTS-si,synthetic_tts,clean
data/fake/sinhala\fake_sin_0111.wav,Sinhala,"( sin_3688_2413242041 "" මුන් ඉඩම් අල්ල ගන්න මාර ප්ලෑන් එකක් දෙන්නේ "" )",fake,gTTS-si,synthetic_tts,clean
data/fake/sinhala\fake_sin_0112.wav,Sinhala,"( sin_6897_4087064079 "" ලංකාවේ බුද්ධාගමට වෙනත් විකල්ප තිබුණේම නැත "" )",fake,gTTS-si,synthetic_tts,clean
data/fake/sinhala\fake_sin_0113.wav,Sinhala,"( sin_2241_9170939058 "" යුද්ධය කියන්නේම මානව හිමිකම් නැතිවෙන අවස්ථාවක් නේ "" )",fake,gTTS-si,synthetic_tts,clean
data/fake/sinhala\fake_sin_0114.wav,Sinhala,"( sin_2241_9304867830 "" සෙලාන් සමග ඊට විශාල වෙනසක් නොතිබුණත් කමර්ෂල් බැංකුවට එතරම් මිළක් ඇත්තේ මන්දැයි හිතා ගන්නවත් බැහැ "" )",fake,gTTS-si,synthetic_tts,clean
data/fake/sinhala\fake_sin_0115.wav,Sinhala,"( sin_4499_6711432594 "" මොකටද ඔය පුහුණුව පටන් ගත්තේ උන්ටික දැනුවත්ව නේ "" )",fake,gTTS-si,synthetic_tts,clean
data/fake/sinhala\fake_sin_0116.wav,Sinhala,"( sin_2241_5983855127 "" ආත්ම ශක්තිය මැනවින් ගොඩනැගෙන මාසයක් ද වේ "" )",fake,gTTS-si,synthetic_tts,clean
data/fake/sinhala\fake_sin_0117.wav,Sinhala,"( sin_6897_0168232215 "" ස්වභාවධර්මයේ අපූරුතම චමත්කාරයන් අපි ඉස්සරහ මවනවා "" )",fake,gTTS-si,synthetic_tts,clean
data/fake/sinhala\fake_sin_0118.wav,Sinhala,"( sin_2282_3463443604 "" ශාන්ත ලුසියා නැගෙනහිර කැරබියන් මුහුදේ පිහිටි දූපත් රටකි "" )",fake,gTTS-si,synthetic_tts,clean
data/fake/sinhala\fake_sin_0119.wav,Sinhala,"( sin_4499_7694593009 "" මීට අමතරව මේ ඊමේල් එවන්නා ගේ විස්තරයක්ද ඒ ඊමේල් එකේ තිබිය යුතුය "" )",fake,gTTS-si,synthetic_tts,clean
data/fake/sinhala\fake_sin_0120.wav,Sinhala,"( sin_2282_5964377708 "" මේකත් වැරදුනා කියලා හිතද්දී කටින් උණු ලේ පිටවුනා "" )",fake,gTTS-si,synthetic_tts,clean
data/fake/sinhala\fake_sin_0121.wav,Sinhala,"( sin_2282_8765322300 "" මෙය කලකදී සමස්ත කිතුනු ලෝකයේම විශිෂ්ටතම දේවස්ථානය විය "" )",fake,gTTS-si,synthetic_tts,clean
data/fake/sinhala\fake_sin_0122.wav,Sinhala,"( sin_9228_6788697721 "" එතකොට ඒ රටේ මීට වඩා අපරාධ වැඩි වෙන්න ඕනා නේ "" )",fake,gTTS-si,synthetic_tts,clean
data/fake/sinhala\fake_sin_0123.wav,Sinhala,"( sin_6897_7406526301 "" රට තුළ මහත් කැළඹිලි සහගත තත්වයක් ඇති වීමයි "" )",fake,gTTS-si,synthetic_tts,clean
data/fake/sinhala\fake_sin_0124.wav,Sinhala,"( sin_2241_9783455642 "" අපි පසුගිය කොටස ගැන මතක් කරගම්මු "" )",fake,gTTS-si,synthetic_tts,clean
data/fake/sinhala\fake_sin_0125.wav,Sinhala,"( sin_2282_8726828333 "" ඔය සැලඩ් එක හදන්නකෝ මම ඔයාට කිරි එක හදනකන් "" )",fake,gTTS-si,synthetic_tts,clean
data/fake/sinhala\fake_sin_0126.wav,Sinhala,"( sin_2241_6481028570 "" මුල සිටම ආරක්ෂාව වුනේ ඉදිරියට දෙන එකම තමයි "" )",fake,gTTS-si,synthetic_tts,clean
data/fake/sinhala\fake_sin_0127.wav,Sinhala,"( sin_3688_3395968539 "" පුද්ගලයින් සිව් දෙනකු පමණ පැමිණ ඇතැයි පරීක්ෂණවලදී හෙළි වී ඇත "" )",fake,gTTS-si,synthetic_tts,clean
data/fake/sinhala\fake_sin_0128.wav,Sinhala,"( sin_3976_4740332434 "" ගූගල් කෑෂ් මතකය වැඩි කාලයක් තියෙන්නේ නෑ "" )",fake,gTTS-si,synthetic_tts,clean
data/fake/sinhala\fake_sin_0129.wav,Sinhala,"( sin_5681_2644967010 "" ආයෙත් වතුර දාල අපි කැඳ මූට්ටිය උඳුන උඩිත් තැබුවා "" )",fake,gTTS-si,synthetic_tts,clean
data/fake/sinhala\fake_sin_0130.wav,Sinhala,"( sin_3688_5675672193 "" එක පැත්තකින් ස්පීකර් දාල අපිට යන්න එපා කියනවා "" )",fake,gTTS-si,synthetic_tts,clean
data/fake/sinhala\fake_sin_0131.wav,Sinhala,"( sin_3531_5342828989 "" කඳුමුදුන් සංරක්ෂණය කිරීමේ අරමුණින් වගාකර තිබෙනවා "" )",fake,gTTS-si,synthetic_tts,clean
data/fake/sinhala\fake_sin_0132.wav,Sinhala,"( sin_4191_6060066583 "" දෙවැනි එකත් හින්දි එකක්ම දෙන්න කියලා ඉල්ලනවා "" )",fake,gTTS-si,synthetic_tts,clean
data/fake/sinhala\fake_sin_0133.wav,Sinhala,"( sin_5681_0356985620 "" යක්ෂයාගේ කුරිරු නපුරු අදහස්ද මෙම සංවාදයේ ගැබ්ව තිබේ "" )",fake,gTTS-si,synthetic_tts,clean
data/fake/sinhala\fake_sin_0134.wav,Sinhala,"( sin_7183_9872160116 "" මුලා වූ මුවන් මරා වැද්දා ආහාරයට ගන්නා ලදී "" )",fake,gTTS-si,synthetic_tts,clean
data/fake/sinhala\fake_sin_0135.wav,Sinhala,"( sin_3688_5137075970 "" එක්කෙනෙක් ඉතින් මම ලියපු දිනිති කතාවෙ දිනිති "" )",fake,gTTS-si,synthetic_tts,clean
data/fake/sinhala\fake_sin_0136.wav,Sinhala,"( sin_3531_0726449422 "" මෙය නෙළා ඇත්තේ දෙපයින් සිටගෙන සිටින ආකාරයටය "" )",fake,gTTS-si,synthetic_tts,clean
data/fake/sinhala\fake_sin_0137.wav,Sinhala,"( sin_3688_3281041225 "" මුලින් ඇගේ විරුද්ධතාවය තිබුනත් කාලයා සමඟ ඇයව පිළිගන්නවා "" )",fake,gTTS-si,synthetic_tts,clean
data/fake/sinhala\fake_sin_0138.wav,Sinhala,"( sin_6314_8063490411 "" යනාදී දුෂ්කර ගැටලු වෙත අපගේ අවධානය යොමු විය යුතුයි "" )",fake,gTTS-si,synthetic_tts,clean
data/fake/sinhala\fake_sin_0139.wav,Sinhala,"( sin_6897_6170414462 "" රූපාරූප භවයන්හි සත්වයා උපත ලබන්නේ මේ හේතුව නිසයි "" )",fake,gTTS-si,synthetic_tts,clean
data/fake/sinhala\fake_sin_0140.wav,Sinhala,"( sin_2241_9373766440 "" ධර්මාශෝක රජතුමා ඒ තැන්වල කුළුණු පිහිටෙව්වා "" )",fake,gTTS-si,synthetic_tts,clean
data/fake/sinhala\fake_sin_0141.wav,Sinhala,"( sin_6897_9092370777 "" මොකක් හරි අවාසනාවකට අපට ඒ යුගය මගහැරිලා ගියා "" )",fake,gTTS-si,synthetic_tts,clean
data/fake/sinhala\fake_sin_0142.wav,Sinhala,"( sin_9228_3886616617 "" ඉවසීමෙන් යුතුව ධාර්මිකව කාලය ගත කිරීම සුදුසුය "" )",fake,gTTS-si,synthetic_tts,clean
data/fake/sinhala\fake_sin_0143.wav,Sinhala,"( sin_3531_7621876522 "" මුදුන කොටසේ ධාතුන් වහන්සේලා වෙනුවෙන් වෙන් කළා "" )",fake,gTTS-si,synthetic_tts,clean
data/fake/sinhala\fake_sin_0144.wav,Sinhala,"( sin_9228_7854804711 "" සරල හේතු දැක්වීමකින් හිතාගන්න පුළුවන් වුනා "" )",fake,gTTS-si,synthetic_tts,clean
data/fake/sinhala\fake_sin_0145.wav,Sinhala,"( sin_3976_4165301672 "" මුලින්ම තියෙන්නෙ කාන්තාවක් පැහරගන්නා සිදුවීමක් "" )",fake,gTTS-si,synthetic_tts,clean
data/fake/sinhala\fake_sin_0146.wav,Sinhala,"( sin_3688_4349098655 "" නමුත් ඒ නීතිමය රාමුව මගින් කරන්නේ කුමක්ද "" )",fake,gTTS-si,synthetic_tts,clean
data/fake/sinhala\fake_sin_0147.wav,Sinhala,"( sin_2282_5518973475 "" මේ නිසා සත් පුරුෂයන් ලෙස ජීවත් වීම වැදගත් ය "" )",fake,gTTS-si,synthetic_tts,clean
data/fake/sinhala\fake_sin_0148.wav,Sinhala,"( sin_4191_1431455372 "" මුලින් එය විශ්වාස නොකරන ඔහු පසුව ඇතිවෙන සිදුවීම් නිසා එය විශ්වාස කරයි "" )",fake,gTTS-si,synthetic_tts,clean
data/fake/sinhala\fake_sin_0149.wav,Sinhala,"( sin_3531_6597045746 "" මූණ හරියටම උන්මත්තකයෙකුගෙ වගේ වෙලා තිබුන "" )",fake,gTTS-si,synthetic_tts,clean
data/fake/sinhala\fake_sin_0150.wav,Sinhala,"( sin_6314_8215214417 "" මේවා බොහෝම සරලව පැහැදිලි කරගත හැකි දේවල් "" )",fake,gTTS-si,synthetic_tts,clean
data/fake/sinhala\fake_sin_0151.wav,Sinhala,"( sin_5681_5444212052 "" මෙකල විවිධ වූ ජාලකරණ ඉංජිනේරුවරුවන් දක්නට ලැබේ "" )",fake,gTTS-si,synthetic_tts,clean
data/fake/sinhala\fake_sin_0152.wav,Sinhala,"( sin_5681_2669024164 "" මෙම සිද්ධිය වූවේ බුදුන් වහන්සේ ජීවමාන කාලයේදීමයි "" )",fake,gTTS-si,synthetic_tts,clean
data/fake/sinhala\fake_sin_0153.wav,Sinhala,"( sin_3688_4978784926 "" පෞරාණික වැදගත්කමකින් යුතු මෙහි අදටත් පැරැණි නටබුන් දක්නට ලැබේ "" )",fake,gTTS-si,synthetic_tts,clean
data/fake/sinhala\fake_sin_0154.wav,Sinhala,"( sin_2282_5287697350 "" පාලි භාෂාව ගැන මේ තරම් උනන්දු විය යුත්තේ ඇයි "" )",fake,gTTS-si,synthetic_tts,clean
data/fake/sinhala\fake_sin_0155.wav,Sinhala,"( sin_6314_0147736841 "" හඳුන්වන්නේ පුබ්බේ නිවාසානුස්සති ඤාණය නමින් "" )",fake,gTTS-si,synthetic_tts,clean
data/fake/sinhala\fake_sin_0156.wav,Sinhala,"( sin_4191_9000314783 "" මෙම ජීවීන් ගමන් ගන්නා යානාවල විශාලත්වය පුදුමය දනවන කතාවක් "" )",fake,gTTS-si,synthetic_tts,clean
data/fake/sinhala\fake_sin_0157.wav,Sinhala,"( sin_4499_4827208401 "" හැම වචනයක්ම සියයට සියයක් පරිවර්ථනය කරන්න බැහැ "" )",fake,gTTS-si,synthetic_tts,clean
data/fake/sinhala\fake_sin_0158.wav,Sinhala,"( sin_4191_7593401073 "" අංක ගණිතය උගැන්වීමට යන ඔහුට වීජ ගණිතය වැරදී ඇත "" )",fake,gTTS-si,synthetic_tts,clean
data/fake/sinhala\fake_sin_0159.wav,Sinhala,"( sin_6897_2325581318 "" හැබැයි පින් කියන්නෙ මොනාද කියලා මුලින් ඉගෙන ගන්න "" )",fake,gTTS-si,synthetic_tts,clean
data/fake/sinhala\fake_sin_0160.wav,Sinhala,"( sin_6314_7301982753 "" හරියට සංවිධානය උනොත් සැලසුම් හැදුවොත් කියල "" )",fake,gTTS-si,synthetic_tts,clean
data/fake/sinhala\fake_sin_0161.wav,Sinhala,"( sin_3688_1694299574 "" බූන්දිය මහජනයාට මොනයම් හෝ ඉදිරි දර්ශනයක් ඉදිරිපත් කරනවද "" )",fake,gTTS-si,synthetic_tts,clean
data/fake/sinhala\fake_sin_0162.wav,Sinhala,"( sin_2282_7107741318 "" නැගෙනහිර දෙසට ගලා බසින නයිජර් ගංගාව ආරම්භ වන්නේ ගිනියාවෙනි "" )",fake,gTTS-si,synthetic_tts,clean
data/fake/sinhala\fake_sin_0163.wav,Sinhala,"( sin_4191_4990986543 "" අඳින්නේ පෙන්නන්න නම් බැළුවට වැරැද්දක් නෑනේ "" )",fake,gTTS-si,synthetic_tts,clean
data/fake/sinhala\fake_sin_0164.wav,Sinhala,"( sin_2241_4754043665 "" මෙකී තත්ත්වය රටක් ලෙස කිසි ලෙසකින් වත් හිතකර වූවක් නොවේ "" )",fake,gTTS-si,synthetic_tts,clean
data/fake/sinhala\fake_sin_0165.wav,Sinhala,"( sin_3688_4905708888 "" ගවයා මිනිසුන්ගේ එදිනෙදා ජීවිතේට කොතරම් සමීප සහයක් දෙනවද "" )",fake,gTTS-si,synthetic_tts,clean
data/fake/sinhala\fake_sin_0166.wav,Sinhala,"( sin_2282_5662352359 "" මුදලාලි අපිට දාන්නකෝ අර බිස්කට් පැකට් දෙකකුත් "" )",fake,gTTS-si,synthetic_tts,clean
data/fake/sinhala\fake_sin_0167.wav,Sinhala,"( sin_5681_4569911427 "" ඇති තරම් විවේක ගන්න ඒක තමයි කරන්න තියෙන්නෙ "" )",fake,gTTS-si,synthetic_tts,clean
data/fake/sinhala\fake_sin_0168.wav,Sinhala,"( sin_4191_7576517851 "" ඉඩ ලැබෙන විදියට කලා කටයුතුවලටත් දායක වෙනවා "" )",fake,gTTS-si,synthetic_tts,clean
data/fake/sinhala\fake_sin_0169.wav,Sinhala,"( sin_4499_6630767315 "" ලෝක ජනතාව ආර්ථික අර්බුදයකට පත්ව සිටින අවස්ථාවකි මේ "" )",fake,gTTS-si,synthetic_tts,clean
data/fake/sinhala\fake_sin_0170.wav,Sinhala,"( sin_5681_4177364095 "" මේක සම්පූර්ණයෙන් ම බුදුරජාණන් වහන්සේට කරන අගෞරවයක් "" )",fake,gTTS-si,synthetic_tts,clean
data/fake/sinhala\fake_sin_0171.wav,Sinhala,"( sin_9228_1175836358 "" උඩුනුවර යටිනුවර දුම්බර හේවාහැට හාරිස්පත්තුව "" )",fake,gTTS-si,synthetic_tts,clean
data/fake/sinhala\fake_sin_0172.wav,Sinhala,"( sin_3688_5950315485 "" මේකෙන් දැන් කිසි කෙනෙකුට ඇති වැඩකුත් නැහැ "" )",fake,gTTS-si,synthetic_tts,clean
data/fake/sinhala\fake_sin_0173.wav,Sinhala,"( sin_6314_9487561718 "" මෝඩි ලාබාල වියේ දී යෝජිත විවාහයකට අනුව විවාහ වූ බව පැවැසුණි "" )",fake,gTTS-si,synthetic_tts,clean
data/fake/sinhala\fake_sin_0174.wav,Sinhala,"( sin_6314_9438535153 "" හැම රටකම වාගේ නිතීයෙන්ම දක්වලා තියෙනවා නොවැ "" )",fake,gTTS-si,synthetic_tts,clean
data/fake/sinhala\fake_sin_0175.wav,Sinhala,"( sin_3531_7018445712 "" එහි මූලස්ථානය ස්විස්ටර්ලන්තයේ ජිනිවා නුවර පිහිටා ඇත "" )",fake,gTTS-si,synthetic_tts,clean
data/fake/sinhala\fake_sin_0176.wav,Sinhala,"( sin_3688_2039776138 "" අඩි පහක් හයක් විතර ඈතින් පිරිමි ළමයින් කට්ටිය වට වෙලා හිටියෙ "" )",fake,gTTS-si,synthetic_tts,clean
data/fake/sinhala\fake_sin_0177.wav,Sinhala,"( sin_5681_8543049263 "" ඔහු උපත ලබා ඇත්තේ හොංකොං හීදිය "" )",fake,gTTS-si,synthetic_tts,clean
data/fake/sinhala\fake_sin_0178.wav,Sinhala,"( sin_3531_8571540826 "" මේඝවර්ණ රජුගේ නවවැනි වර්ෂයෙහි දාඨාවංශය ලියන ලදී "" )",fake,gTTS-si,synthetic_tts,clean
data/fake/sinhala\fake_sin_0179.wav,Sinhala,"( sin_2282_0272883957 "" ඉදිරි පැය කිහිපයේ කළ යුත්තේ කුමක්දැයි නොදනී "" )",fake,gTTS-si,synthetic_tts,clean
data/fake/sinhala\fake_sin_0180.wav,Sinhala,"( sin_3976_0704095453 "" මුන් අපව විහිළුවකට ගෙන ඇති බව ඔබට නොවැටහේද "" )",fake,gTTS-si,synthetic_tts,clean
data/fake/sinhala\fake_sin_0181.wav,Sinhala,"( sin_5681_4964585344 "" දොඩංවල පවුලේ සාමාජිකයු විසින් එහි හිමිකාරිත්වය දරයි "" )",fake,gTTS-si,synthetic_tts,clean
data/fake/sinhala\fake_sin_0182.wav,Sinhala,"( sin_6314_7142142128 "" යකෝ කොපිය ඊයේ ආවා අද සිංහල උප සිරැසිත් දීලා "" )",fake,gTTS-si,synthetic_tts,clean
data/fake/sinhala\fake_sin_0183.wav,Sinhala,"( sin_6314_4418447383 "" හැබැයි තමන් කරන දේ හරියනවා කියන තද විශ්වාසයෙන් "" )",fake,gTTS-si,synthetic_tts,clean
data/fake/sinhala\fake_sin_0184.wav,Sinhala,"( sin_9228_6728712105 "" මෙම ආරාමය පිළිබඳව පැහැදිලි කිරීමක් කරන්න "" )",fake,gTTS-si,synthetic_tts,clean
data/fake/sinhala\fake_sin_0185.wav,Sinhala,"( sin_9228_2582332986 "" මෙන්න මේ විදිහට මේ නුවණයි සිහියයි කෙලෙස් තවන වීර්යයයි "" )",fake,gTTS-si,synthetic_tts,clean
data/fake/sinhala\fake_sin_0186.wav,Sinhala,"( sin_7183_4579198558 "" මෙන්න මේක නිසා තමයි ජපානය එහෙම කරල තියෙන්නේ "" )",fake,gTTS-si,synthetic_tts,clean
data/fake/sinhala\fake_sin_0187.wav,Sinhala,"( sin_2241_3396572759 "" මෙම චාරිකාව පුරාවට අප හා රැඳුණු ඔබට බොහොම ස්තුතියි "" )",fake,gTTS-si,synthetic_tts,clean
data/fake/sinhala\fake_sin_0188.wav,Sinhala,"( sin_2282_5667544811 "" මිහින් ලංකා ගුවන් සේවයද මෙයට අයත් ගුවන් සේවයකි "" )",fake,gTTS-si,synthetic_tts,clean
data/fake/sinhala\fake_sin_0189.wav,Sinhala,"( sin_6897_8000964510 "" සහෝදරවරුනි මේ දවස් වල මට වැඩ කටයුතු අධිකයි "" )",fake,gTTS-si,synthetic_tts,clean
data/fake/sinhala\fake_sin_0190.wav,Sinhala,"( sin_4499_9932549238 "" සහජීවනය සහ සහයෝගය කියලත් මේකට කියන්න පුළුවන් "" )",fake,gTTS-si,synthetic_tts,clean
data/fake/sinhala\fake_sin_0191.wav,Sinhala,"( sin_3531_9701025777 "" සිංගප්පූරුවේ මවුන්ට් එළිසබත් රෝහලේ සිට "" )",fake,gTTS-si,synthetic_tts,clean
data/fake/sinhala\fake_sin_0192.wav,Sinhala,"( sin_9228_0234475409 "" මීට වසරකට පමණ පෙරද මෙවැනි සිදුවීමක් පිළිබඳව වාර්තාවේ "" )",fake,gTTS-si,synthetic_tts,clean
data/fake/sinhala\fake_sin_0193.wav,Sinhala,"( sin_4191_6884104471 "" එහෙත් මේ වනවිට මෙම ගුවන්තොටුපොළ භාවිත කරන්නේ ෆ්ලයි ඩුබායි ගුවන් සේවයට අයත් එක් යානයක් පමණි "" )",fake,gTTS-si,synthetic_tts,clean
data/fake/sinhala\fake_sin_0194.wav,Sinhala,"( sin_6897_9308976229 "" සරෝජා තුළින් වුවත් නිවැරැදි දැක්මක් සමාජ ගත කලා "" )",fake,gTTS-si,synthetic_tts,clean
data/fake/sinhala\fake_sin_0195.wav,Sinhala,"( sin_3976_4590886696 "" බේරේ වැව ඔවුන්ගේ නිර්මාණයකි "" )",fake,gTTS-si,synthetic_tts,clean
data/fake/sinhala\fake_sin_0196.wav,Sinhala,"( sin_6897_4439659258 "" රංජිත් නවරත්න මැතිතුමාව මේ දේශපාලනය සම්බන්ධව කටයුතු කරා "" )",fake,gTTS-si,synthetic_tts,clean
data/fake/sinhala\fake_sin_0197.wav,Sinhala,"( sin_7183_9879367314 "" නමුත් එයාට සාර්ථක අස්වැන්නක් නෙලාගන්න බෑ "" )",fake,gTTS-si,synthetic_tts,clean
data/fake/sinhala\fake_sin_0198.wav,Sinhala,"( sin_4499_6612127123 "" මොකද මම මුලින්ම නිවේදකයෙක් විදියට වැඩ කළා "" )",fake,gTTS-si,synthetic_tts,clean
data/fake/sinhala\fake_sin_0199.wav,Sinhala,"( sin_5681_7665499745 "" අපිටත් මෙහෙම ජීවිතයක් ලැබුනොත් මොනව වෙයිද "" )",fake,gTTS-si,synthetic_tts,clean
data/fake/sinhala\fake_sin_0200.wav,Sinhala,"( sin_3976_3619134479 "" මෙතැනදී මේ දෙන්නා අතර අමනාපය වැඩි වෙලා තියනවා "" )",fake,gTTS-si,synthetic_tts,clean
data/fake/sinhala\fake_sin_0201.wav,Sinhala,"( sin_6314_8834553309 "" යනුවෙන් ජීවක උපාසකතුමා බුදුරජාණන් වහන්සේගෙන් විමසුවේය "" )",fake,gTTS-si,synthetic_tts,clean
data/fake/sinhala\fake_sin_0202.wav,Sinhala,"( sin_4499_6700379826 "" සෆ්රයි මමයි ආ ගිය තැන් පවා මම තුෂාරිට පෙන්නුවා "" )",fake,gTTS-si,synthetic_tts,clean
data/fake/sinhala\fake_sin_0203.wav,Sinhala,"( sin_3976_9136086771 "" මහත් උත්සාහයෙන් අප හරිහම්බ කරන්නේ මුදල් ය "" )",fake,gTTS-si,synthetic_tts,clean
data/fake/sinhala\fake_sin_0204.wav,Sinhala,"( sin_2241_6131765660 "" මෙම කුණාටුව මීටර් හතක් දක්වා උස්ව නැඟී තිබුණි "" )",fake,gTTS-si,synthetic_tts,clean
data/fake/sinhala\fake_sin_0205.wav,Sinhala,"( sin_6314_1692229636 "" යමෙක් ශිෂ්ඨ වෙන්නෙ ගොඩාක් දේවල් පාලනය කරගෙන "" )",fake,gTTS-si,synthetic_tts,clean
data/fake/sinhala\fake_sin_0206.wav,Sinhala,"( sin_2282_2554439777 "" මුලින් එහෙම ඒවා සිංහලට හැරෙව්වේ දෙතුන් දෙනෙක් "" )",fake,gTTS-si,synthetic_tts,clean
data/fake/sinhala\fake_sin_0207.wav,Sinhala,"( sin_2282_5121117411 "" මීට පෙර රයිගම් උළලේදීත් මේ චරිතයට තමයි හොඳම නිළිය වුණේ "" )",fake,gTTS-si,synthetic_tts,clean
data/fake/sinhala\fake_sin_0208.wav,Sinhala,"( sin_3531_4423884578 "" මේවා කරන්නා හඳුන්වන්නේ බාලයා හෙවත් මෝඩයා කියායි "" )",fake,gTTS-si,synthetic_tts,clean
data/fake/sinhala\fake_sin_0209.wav,Sinhala,"( sin_6897_1955120659 "" මීට අමතරව බැංකු ණයදීම සඳහා තැන්පතු වැඩිකර ගත යුතුය "" )",fake,gTTS-si,synthetic_tts,clean
data/fake/sinhala\fake_sin_0210.wav,Sinhala,"( sin_7183_5266766690 "" මුලින්ම කරන්නේ වැරදිකරුද නිවැරදිකරුද කියලා කට්ටියගේ ඡන්දය විමසන එක "" )",fake,gTTS-si,synthetic_tts,clean
data/fake/sinhala\fake_sin_0211.wav,Sinhala,"( sin_9228_8967768400 "" මෙම කියමන් තුළ ඇති යථාර්ථය විමසා බැලුව හොත් "" )",fake,gTTS-si,synthetic_tts,clean
data/fake/sinhala\fake_sin_0212.wav,Sinhala,"( sin_5681_1950750058 "" මුවන් පැලැස්ස අහනකොට කෙලින්ම මතක් වෙන්නේ කෝරලේ මහත්තයාව "" )",fake,gTTS-si,synthetic_tts,clean
data/fake/sinhala\fake_sin_0213.wav,Sinhala,"( sin_5681_5654345802 "" අන්සතු මුදල් හෝ රැකියාවේ හිඟ මුදලක් හෝ ලැබෙනු ඇත "" )",fake,gTTS-si,synthetic_tts,clean
data/fake/sinhala\fake_sin_0214.wav,Sinhala,"( sin_6897_5850695606 "" යම් යම් පරස්පරතා තිබුණත් මේ ලිපියේ සමස්ථය හා එකඟයි "" )",fake,gTTS-si,synthetic_tts,clean
data/fake/sinhala\fake_sin_0215.wav,Sinhala,"( sin_4191_6831900813 "" උන් එක පාරටම නිවන් නොදකින බවනම් මට විශ්වාසයි "" )",fake,gTTS-si,synthetic_tts,clean
data/fake/sinhala\fake_sin_0216.wav,Sinhala,"( sin_2282_1322388247 "" ටයිගර් වුඩ්ස්ටනම් විවිධත්වය ඒතරම් නුපුරුදු වෙන්න බෑ "" )",fake,gTTS-si,synthetic_tts,clean
data/fake/sinhala\fake_sin_0217.wav,Sinhala,"( sin_3688_8575476426 "" මීට වැඩ වටිනා උපදෙස් දුන්න මිනිස්සු ලංකාවේ ඉඳලම නැද්ද "" )",fake,gTTS-si,synthetic_tts,clean
data/fake/sinhala\fake_sin_0218.wav,Sinhala,"( sin_6314_2940301940 "" ජලය මුළුමනින්ම ඉවත්වනසේ අව්වේ තබා වේලාගනී "" )",fake,gTTS-si,synthetic_tts,clean
data/fake/sinhala\fake_sin_0219.wav,Sinhala,"( sin_2241_8705683857 "" මේක මිනින්දෝරු දෙපාර්තුමේන්තුවේ දත්ත අනුව වෙල්ලන්කරේ විල "" )",fake,gTTS-si,synthetic_tts,clean
data/fake/sinhala\fake_sin_0220.wav,Sinhala,"( sin_4499_8843016891 "" මොකද ඔහු පොතේ සඳහන් චරිතයට වඩා බොහොම වැඩිමහලු කෙනෙක් "" )",fake,gTTS-si,synthetic_tts,clean
data/fake/sinhala\fake_sin_0221.wav,Sinhala,"( sin_7183_2226071954 "" ඉන්දියාව ලොකයේ විශාලතම ගව ගහණය සිටින රට නෙමෙයි "" )",fake,gTTS-si,synthetic_tts,clean
data/fake/sinhala\fake_sin_0222.wav,Sinhala,"( sin_9228_8206177024 "" මේක මම බාන්නම් කියලා හිටියේ ඒත් අමතක වුනා "" )",fake,gTTS-si,synthetic_tts,clean
data/fake/sinhala\fake_sin_0223.wav,Sinhala,"( sin_6314_7435438483 "" පැරණි සෙන් පන්සල් දෙකක ළමා සිසුන් දෙදෙනෙක් විය "" )",fake,gTTS-si,synthetic_tts,clean
data/fake/sinhala\fake_sin_0224.wav,Sinhala,"( sin_6314_2009978081 "" සිංහල බ්ලොග් ඉතිහාසෙ දිහා බැලුවම පැහැදිළියි "" )",fake,gTTS-si,synthetic_tts,clean
data/fake/sinhala\fake_sin_0225.wav,Sinhala,"( sin_3531_7984810771 "" මෙතැන ඉඳල තමයි කතාව දිගහැරෙන්න පටන් ගන්නෙ "" )",fake,gTTS-si,synthetic_tts,clean
data/fake/sinhala\fake_sin_0226.wav,Sinhala,"( sin_3688_9010137617 "" මේ සියල්ලටම සංසාර ගමනට හේතුවන අකුසල ධර්මය "" )",fake,gTTS-si,synthetic_tts,clean
data/fake/sinhala\fake_sin_0227.wav,Sinhala,"( sin_6897_8969536046 "" රජ කාලේ ඇඳුම් වලට ගොඩක් වියදම් වෙන්න ඉඩ තියනවා "" )",fake,gTTS-si,synthetic_tts,clean
data/fake/sinhala\fake_sin_0228.wav,Sinhala,"( sin_5681_5021702668 "" මොනාවුනත් ඉතින් ස්තූතියි කිව්වා උපසිරැසියට "" )",fake,gTTS-si,synthetic_tts,clean
data/fake/sinhala\fake_sin_0229.wav,Sinhala,"( sin_4499_6954911714 "" සමස්ථ පද්ධතියට නොසිතූ හානියක් වෙන්න පුළුවන් "" )",fake,gTTS-si,synthetic_tts,clean
data/fake/sinhala\fake_sin_0230.wav,Sinhala,"( sin_4191_1985651127 "" මේක බොහෝ දෙනෙක් රූප පෙට්ටියෙනුත් නරඹල ඇති "" )",fake,gTTS-si,synthetic_tts,clean
data/fake/sinhala\fake_sin_0231.wav,Sinhala,"( sin_3688_4040006888 "" හිතවත් රවීන් වැඩි විස්තර දැක්විම පිලිබදව බොහෝම ස්තුතියි "" )",fake,gTTS-si,synthetic_tts,clean
data/fake/sinhala\fake_sin_0232.wav,Sinhala,"( sin_4191_6256610560 "" චරිත ගොඩක් එක්ක හෙන පිස්සු තිබුණ කාටුන් සීරීස් එකක් "" )",fake,gTTS-si,synthetic_tts,clean
data/fake/sinhala\fake_sin_0233.wav,Sinhala,"( sin_6897_1125789254 "" මොකද මේවා කිසිවක් අපි මැරෙන්න අරන් යන්නේ නැහැ "" )",fake,gTTS-si,synthetic_tts,clean
data/fake/sinhala\fake_sin_0234.wav,Sinhala,"( sin_6314_0130786402 "" රංජිත් ඒකනායක මහතාගේ නිවෙසින් අසන්නට ලැබේ "" )",fake,gTTS-si,synthetic_tts,clean
data/fake/sinhala\fake_sin_0235.wav,Sinhala,"( sin_6897_4360847230 "" හැමදේටම ඔවුන්ට ඇඟිල්ල දික් කරන එකත් ලෙඩක් "" )",fake,gTTS-si,synthetic_tts,clean
data/fake/sinhala\fake_sin_0236.wav,Sinhala,"( sin_6897_1554471231 "" මොකද කවුරුවත් ඕක කරන ගමන් අඩන උන් ඉන්නවද "" )",fake,gTTS-si,synthetic_tts,clean
data/fake/sinhala\fake_sin_0237.wav,Sinhala,"( sin_4191_9896411852 "" මේ අංගය ද සීල කොටසටම අයත්වන බව සැලකිය යුතු ය "" )",fake,gTTS-si,synthetic_tts,clean
data/fake/sinhala\fake_sin_0238.wav,Sinhala,"( sin_4191_3765051714 "" මුලින් මගේ කතන්දර කියවා දැන් නොකියවන අයත් ඉන්නවා ඇති "" )",fake,gTTS-si,synthetic_tts,clean
data/fake/sinhala\fake_sin_0239.wav,Sinhala,"( sin_4499_0662656844 "" හැබැයි කොහොම හරි සන්නිවේදනය තේරුම් ගන්න පුළුවන් උනා "" )",fake,gTTS-si,synthetic_tts,clean
data/fake/sinhala\fake_sin_0240.wav,Sinhala,"( sin_5681_7490556272 "" ගිය කෙනා ගියා කියල සැනසෙන්නට අපිට බැහැ තමයි "" )",fake,gTTS-si,synthetic_tts,clean
data/fake/sinhala\fake_sin_0241.wav,Sinhala,"( sin_2241_8457350842 "" මෙය හැඳින්වීමට යෙදෙන තවත් පර්යාය පදයක් වන්නේ "" )",fake,gTTS-si,synthetic_tts,clean
data/fake/sinhala\fake_sin_0242.wav,Sinhala,"( sin_2241_7472301414 "" මුළු රැස්වීම සඳහා එදා විශාල ජනකායක් පැමිණ සිටියහ "" )",fake,gTTS-si,synthetic_tts,clean
data/fake/sinhala\fake_sin_0243.wav,Sinhala,"( sin_4191_8189115761 "" බුදුරජාණන් වහන්සේ වැඩසිටියෙත් රජගහ නුවරමයි "" )",fake,gTTS-si,synthetic_tts,clean
data/fake/sinhala\fake_sin_0244.wav,Sinhala,"( sin_7183_5341736940 "" මේ දින පැරැණි කාලයේ පොහොය දොළහකට බෙදා තිබුණ "" )",fake,gTTS-si,synthetic_tts,clean
data/fake/sinhala\fake_sin_0245.wav,Sinhala,"( sin_6314_5960699837 "" හැමෝටම සමාන අයිතිවාසිකම් ලැබිය යුතුයි කියන අරමුනෙන් "" )",fake,gTTS-si,synthetic_tts,clean
data/fake/sinhala\fake_sin_0246.wav,Sinhala,"( sin_2241_0329430812 "" කෝකටත් මං වෙනදා තරම් කාලෙ ගන්නැතිව ඇඳ ගත්තා "" )",fake,gTTS-si,synthetic_tts,clean
data/fake/sinhala\fake_sin_0247.wav,Sinhala,"( sin_4499_6596589045 "" හවායි දූපතේ පූනාළු වෙරළ තීරය දිස්වන්නේ කළු පැහැයෙනි "" )",fake,gTTS-si,synthetic_tts,clean
data/fake/sinhala\fake_sin_0248.wav,Sinhala,"( sin_2241_7000581434 "" මීගමු කලපුව ලෝක උරුම පරිසර පද්ධතියන් තරමට වැදගත් වන සංවේදී පරිසර පද්ධතියකි "" )",fake,gTTS-si,synthetic_tts,clean
data/fake/sinhala\fake_sin_0249.wav,Sinhala,"( sin_2241_8056047909 "" මේ වැඩ සඳහා අපට වැඩිහිටියන්ගේ නොමද සහාය ලැබිණි "" )",fake,gTTS-si,synthetic_tts,clean
data/fake/sinhala\fake_sin_0250.wav,Sinhala,"( sin_3531_9463490913 "" මේ කුණුකය විසිතුරු සඳුන් භාජනයක් සේ සරසා ඇත "" )",fake,gTTS-si,synthetic_tts,clean
data/fake/sinhala\fake_sin_0251.wav,Sinhala,"( sin_7183_8060917691 "" මේක මුළු ජාතියක් ගොඩ නගන්න දමන අත්තිවාරමක් "" )",fake,gTTS-si,synthetic_tts,clean
data/fake/sinhala\fake_sin_0252.wav,Sinhala,"( sin_9228_9418038410 "" මගෙන් වැරදි වෙලා තියෙනවා නම් සමාව ගන්න ඕනේ "" )",fake,gTTS-si,synthetic_tts,clean
data/fake/sinhala\fake_sin_0253.wav,Sinhala,"( sin_3531_8500473878 "" එක අතකට බලද්දි අපි දැනටමත් ආසියාවෙ ආශ්චර්යක් වෙලා "" )",fake,gTTS-si,synthetic_tts,clean
data/fake/sinhala\fake_sin_0254.wav,Sinhala,"( sin_6314_8079997462 "" සරලව නිදහසේ ජීවත්වෙන්න තියනවනම් කොයිතරම් දෙයක් ද "" )",fake,gTTS-si,synthetic_tts,clean
data/fake/sinhala\fake_sin_0255.wav,Sinhala,"( sin_9228_9031956683 "" මෙම තීරණය පිළිබද පොදු ජනතාව තුළ පැහැදිළි සාකච්ඡාවක් තවමත් ගොඩ නැගී නැහැ "" )",fake,gTTS-si,synthetic_tts,clean
data/fake/sinhala\fake_sin_0256.wav,Sinhala,"( sin_6897_0062885355 "" මොහු දැන් පිස්සු රෝගය වැළදුන සුනක පෝතකයෙක් හා සමානය "" )",fake,gTTS-si,synthetic_tts,clean
data/fake/sinhala\fake_sin_0257.wav,Sinhala,"( sin_2282_0945568681 "" මීට කලින් හිටපු මිනිස්සු මෙච්චර චාටර් උනේ නෑ නෙව "" )",fake,gTTS-si,synthetic_tts,clean
data/fake/sinhala\fake_sin_0258.wav,Sinhala,"( sin_3531_2288028081 "" මේවා සුවකිරීමට කකාගේ කොඩියක් එල්ලිය යුතුය "" )",fake,gTTS-si,synthetic_tts,clean
data/fake/sinhala\fake_sin_0259.wav,Sinhala,"( sin_5681_1514844700 "" ඉන් පසු කහ කුරුල්ලා පියෑඹුයේ රංචුව මැදට වන්නටය "" )",fake,gTTS-si,synthetic_tts,clean
data/fake/sinhala\fake_sin_0260.wav,Sinhala,"( sin_5681_5373003223 "" ඇමතිතුමා තමයි වෙන කවුරුත් අපට උදවු කරන්නෙ නැහැ "" )",fake,gTTS-si,synthetic_tts,clean
data/fake/sinhala\fake_sin_0261.wav,Sinhala,"( sin_6314_7303523063 "" සිතට සැනසිලිදායක තත්ත්වයක් උදාවිය හැකි දවසකි "" )",fake,gTTS-si,synthetic_tts,clean
data/fake/sinhala\fake_sin_0262.wav,Sinhala,"( sin_3531_1508828251 "" මෙම ගාස්තු නිර්ණය කර තිබෙන්නේ මොන පදනමින්ද "" )",fake,gTTS-si,synthetic_tts,clean
data/fake/sinhala\fake_sin_0263.wav,Sinhala,"( sin_4191_1193820187 "" මුවින් නොබැන ඉවසා සිටින්නට වුයේ වෙනත් කිසිවක් සිදු කළ නොහැකි නිසාවෙනි "" )",fake,gTTS-si,synthetic_tts,clean
data/fake/sinhala\fake_sin_0264.wav,Sinhala,"( sin_3688_4290681395 "" මෙතන ඉදන් බලමු අද කථාවේ මොකද වෙන්නේ කියලා "" )",fake,gTTS-si,synthetic_tts,clean
data/fake/sinhala\fake_sin_0265.wav,Sinhala,"( sin_3531_9192617433 "" කඩුපිටියගේ සැබෑම නම බුද්ධදාස විතානආරච්චිය "" )",fake,gTTS-si,synthetic_tts,clean
data/fake/sinhala\fake_sin_0266.wav,Sinhala,"( sin_4191_9301440587 "" මුනිවරයාත් ගමේ හැසිරිය යුත්තේ ඒ විදිහටයි "" )",fake,gTTS-si,synthetic_tts,clean
data/fake/sinhala\fake_sin_0267.wav,Sinhala,"( sin_7183_6379066828 "" එක් දළදා වහන්සේ නමක් ගන්ධාර පුරයෙහි පිදුම් ලබත් "" )",fake,gTTS-si,synthetic_tts,clean
data/fake/sinhala\fake_sin_0268.wav,Sinhala,"( sin_4191_3849203268 "" උම්බලකඩ කෑල්ලක් තරම්වත් මාංශමය ආහාර එහි නැත "" )",fake,gTTS-si,synthetic_tts,clean
data/fake/sinhala\fake_sin_0269.wav,Sinhala,"( sin_2282_1306824157 "" මෙන්න ඌ බරට බර අඩි තිය තියා අහසේ හැම තැනම ඇවිදිනවා "" )",fake,gTTS-si,synthetic_tts,clean
data/fake/sinhala\fake_sin_0270.wav,Sinhala,"( sin_5681_2600791806 "" මුවන්පැලැස්ස ගත්තොත් ඒ පරිසරය හිතේ මැවෙනවා "" )",fake,gTTS-si,synthetic_tts,clean
data/fake/sinhala\fake_sin_0271.wav,Sinhala,"( sin_4499_5782295617 "" සාක්ෂියක් නොතබාම නිශාන්ත මරු වැළඳ ගත්තේය "" )",fake,gTTS-si,synthetic_tts,clean
data/fake/sinhala\fake_sin_0272.wav,Sinhala,"( sin_5681_0174883328 "" මෙම පුවත ඇසු මොහොතේම මෙම නිවස බැලිමට ඔවුහු ගියහ "" )",fake,gTTS-si,synthetic_tts,clean
data/fake/sinhala\fake_sin_0273.wav,Sinhala,"( sin_5681_8712986944 "" මොකද ලංකාවෙ විනෝද කර්මාන්තය පටන් ගන්න යුගයේ "" )",fake,gTTS-si,synthetic_tts,clean
data/fake/sinhala\fake_sin_0274.wav,Sinhala,"( sin_4191_2481057238 "" මුල්ලේගම වනාන්තරය පැත්තෙන් අලි ඇතුනගේ කුංච නාදය ඇසෙයි "" )",fake,gTTS-si,synthetic_tts,clean
data/fake/sinhala\fake_sin_0275.wav,Sinhala,"( sin_7183_8858018032 "" මෙදා පාර කිසිම විවාහ උත්සවයට පෙර සාද වගේ දේවල් නැහැ "" )",fake,gTTS-si,synthetic_tts,clean
data/fake/sinhala\fake_sin_0276.wav,Sinhala,"( sin_7183_9219653029 "" මේක දකින චාලි මොවුන්ගෙන් පලිගන්න පටන් ගන්නවා "" )",fake,gTTS-si,synthetic_tts,clean
data/fake/sinhala\fake_sin_0277.wav,Sinhala,"( sin_2282_8205374665 "" මේ පිළිබඳ අප බුද්ධිමත් ව කල්පනා කළ යුතු ය "" )",fake,gTTS-si,synthetic_tts,clean
data/fake/sinhala\fake_sin_0278.wav,Sinhala,"( sin_4499_8096973847 "" සයිමන් සංසාරය ඔහේ තිබුණාවේ කියලා ඉන්නේ නෑ "" )",fake,gTTS-si,synthetic_tts,clean
data/fake/sinhala\fake_sin_0279.wav,Sinhala,"( sin_4191_7036331207 "" බුරුමයේ රැංගුන් නුවරද කඳ කුමරු වන්දනීය මහා දේවාලයකි "" )",fake,gTTS-si,synthetic_tts,clean
data/fake/sinhala\fake_sin_0280.wav,Sinhala,"( sin_4499_9989112491 "" යාපනේ බේකරි කරපු අයගේ පරම්පරාව ආපහු එන්නේ නෑ "" )",fake,gTTS-si,synthetic_tts,clean
data/fake/sinhala\fake_sin_0281.wav,Sinhala,"( sin_2241_3853049089 "" ආසියානු නිෂ්පාදනවාදය පිළිබඳ මාක්ස්ගේ අදහසයි "" )",fake,gTTS-si,synthetic_tts,clean
data/fake/sinhala\fake_sin_0282.wav,Sinhala,"( sin_3531_6487104375 "" ජාතික අගනගරය වනුයේ ජකර්තා නුවරයි "" )",fake,gTTS-si,synthetic_tts,clean
data/fake/sinhala\fake_sin_0283.wav,Sinhala,"( sin_3688_7614744824 "" එබැවින් සම අයිතීන් ඉල්ලා සටන් වැදීම නිශ්ඵලය "" )",fake,gTTS-si,synthetic_tts,clean
data/fake/sinhala\fake_sin_0284.wav,Sinhala,"( sin_2282_3459567898 "" මෙහිදී රජුගේ කාර්යභාරය සලකා බැලීම වැදගත් ය "" )",fake,gTTS-si,synthetic_tts,clean
data/fake/sinhala\fake_sin_0285.wav,Sinhala,"( sin_3531_1443100646 "" අගේ කටහඬෙහි අවිනිශ්චිත භාවයක් ගෑවී තිබිණි "" )",fake,gTTS-si,synthetic_tts,clean
data/fake/sinhala\fake_sin_0286.wav,Sinhala,"( sin_4499_9616567575 "" සැමට සෑමවිටම විදුලිය දැන් යථාර්ථයක් වෙලා "" )",fake,gTTS-si,synthetic_tts,clean
data/fake/sinhala\fake_sin_0287.wav,Sinhala,"( sin_6314_4014810528 "" සරල හේතු දැක්වීමින් හිතාගන්න පුළුවන් වුනා "" )",fake,gTTS-si,synthetic_tts,clean
data/fake/sinhala\fake_sin_0288.wav,Sinhala,"( sin_6897_2739161025 "" යකෝ බ්ලොග් අවකාශෙ ඉන්නෙ මේ වගේ පට්ට මෝඩයෝද "" )",fake,gTTS-si,synthetic_tts,clean
data/fake/sinhala\fake_sin_0289.wav,Sinhala,"( sin_5681_6268665619 "" මුන් මොකට මෙහෙ ඇවිල්ල දුක් විදිනවද මන්දා "" )",fake,gTTS-si,synthetic_tts,clean
data/fake/sinhala\fake_sin_0290.wav,Sinhala,"( sin_2241_3320697504 "" මීදුම එක එක පැත්තට පෙරළි පෙරළි අපිව පිස්සු වට්වනවා "" )",fake,gTTS-si,synthetic_tts,clean
data/fake/sinhala\fake_sin_0291.wav,Sinhala,"( sin_4499_7010974800 "" හැබැයි මේ කළුකුම් දෙන්නා දෙපිළක දෙන්නෙක් "" )",fake,gTTS-si,synthetic_tts,clean
data/fake/sinhala\fake_sin_0292.wav,Sinhala,"( sin_5681_4610417945 "" අබුද්දස්ස කාලෙ ගෙදර ගෑනිත් ඒ ගානට වැටිලා වාගෙ "" )",fake,gTTS-si,synthetic_tts,clean
data/fake/sinhala\fake_sin_0293.wav,Sinhala,"( sin_4191_4911425062 "" මීට වසරකට දෙකකට කලින් මෙතන සිටියේ අලින් දෙතුන් දෙනකු පමණි "" )",fake,gTTS-si,synthetic_tts,clean
data/fake/sinhala\fake_sin_0294.wav,Sinhala,"( sin_5681_5610599712 "" මෙන්ම නැවත නැවත නිර්මාණයක් සිදු කිරීමට අපිට උදව් කරනවා "" )",fake,gTTS-si,synthetic_tts,clean
data/fake/sinhala\fake_sin_0295.wav,Sinhala,"( sin_7183_9101299905 "" මීට අවුරුදු තුන්සීයකට කලින් හිටියා නම් ඒත් මුකුත් නැහැ "" )",fake,gTTS-si,synthetic_tts,clean
data/fake/sinhala\fake_sin_0296.wav,Sinhala,"( sin_2241_8709881905 "" පන්නිපිටියෙ දෙපානම දේවාල පාරෙ ගිහින් ගල උඩ පන්සල කියලා ඇහුවනම් ඕක කෙනෙක් කියයි "" )",fake,gTTS-si,synthetic_tts,clean
data/fake/sinhala\fake_sin_0297.wav,Sinhala,"( sin_2282_2354545027 "" අනේ සිංහල කව්රුහරි දෙනවනම් කොච්චර හොඳයිද "" )",fake,gTTS-si,synthetic_tts,clean
data/fake/sinhala\fake_sin_0298.wav,Sinhala,"( sin_3531_3469309617 "" බාහිරින් දකින දේ බලලා කිසිවක් තීරණය කරන්න එපා "" )",fake,gTTS-si,synthetic_tts,clean
data/fake/sinhala\fake_sin_0299.wav,Sinhala,"( sin_5681_7949345466 "" ඉන්දු පකිස්ථාන යුද්ධයෙන් පසු බංගලාදේශය බිහි විය "" )",fake,gTTS-si,synthetic_tts,clean
data/fake/sinhala\fake_sin_0300.wav,Sinhala,"( sin_6314_0440026025 "" මොකද මින් පෙර කීප වතාවේ එහෙම කියා තිබෙනවා "" )",fake,gTTS-si,synthetic_tts,clean
data/fake/sinhala\fake_sin_0301.wav,Sinhala,"( sin_4191_0787987415 "" මෙම දුම්රිය එන්ජිම අංගනයේ නවතා තිබූ දුම්රිය පෙට්ටිය එහා මෙහා ගෙනයන්නකි "" )",fake,gTTS-si,synthetic_tts,clean
data/fake/sinhala\fake_sin_0302.wav,Sinhala,"( sin_6314_1065206697 "" හැබැයි ඔහුට සින්දු කියන්න පුළුවන්ද බැරිද දන්නේ නෑ "" )",fake,gTTS-si,synthetic_tts,clean
data/fake/sinhala\fake_sin_0303.wav,Sinhala,"( sin_3976_2388436848 "" මේක තමා ලංකාවේ බොහොමයක් සමාගම් තුල තත්වය "" )",fake,gTTS-si,synthetic_tts,clean
data/fake/sinhala\fake_sin_0304.wav,Sinhala,"( sin_7183_2993327952 "" දඟයාට ඉස්සර පොලීසියේ මහත්වරු පෙන්නන්නට බැරිය "" )",fake,gTTS-si,synthetic_tts,clean
data/fake/sinhala\fake_sin_0305.wav,Sinhala,"( sin_2241_4157088146 "" උනන්දුවෙන් උද්යෝගයෙන් මේවායේ නිරත විය හැක "" )",fake,gTTS-si,synthetic_tts,clean
data/fake/sinhala\fake_sin_0306.wav,Sinhala,"( sin_4191_9782933972 "" මෙම පොදු සංකල්පය රඳා පවතින්නේ කුමක් මත ද "" )",fake,gTTS-si,synthetic_tts,clean
data/fake/sinhala\fake_sin_0307.wav,Sinhala,"( sin_7183_1900786644 "" මුදල් කලමණාකරණය දුර්වල නිෂ්ඵල තත්ත්වයක් ඇති කෙරේ "" )",fake,gTTS-si,synthetic_tts,clean
data/fake/sinhala\fake_sin_0308.wav,Sinhala,"( sin_6897_0241127126 "" මීට අමතරව රුධිරයෙහි ද මෙම රසායනිකය අන්තර්ගත වී තිබේ "" )",fake,gTTS-si,synthetic_tts,clean
data/fake/sinhala\fake_sin_0309.wav,Sinhala,"( sin_3531_8523195584 "" ගාල්ලේ කොටුව ඇතුලේ තිබුනා වීඩියෝ සෙන්ටර් එකක් "" )",fake,gTTS-si,synthetic_tts,clean
data/fake/sinhala\fake_sin_0310.wav,Sinhala,"( sin_3976_4593145288 "" උමා ඔය රන්ටැඹේට වැටෙන්නේ රන්දෙනිගලට පහලින් "" )",fake,gTTS-si,synthetic_tts,clean
data/fake/sinhala\fake_sin_0311.wav,Sinhala,"( sin_4191_4452123853 "" අපේ බෝඩිමේ හිටපු යාළුවෙකුත් ඒ ගැජට් එක ඊබේ එකෙන් ඕඩර් කලා "" )",fake,gTTS-si,synthetic_tts,clean
data/fake/sinhala\fake_sin_0312.wav,Sinhala,"( sin_9228_5175819098 "" ආසිරි එකේ ලියවුනු මේ කතාවේ මගේ අනුවාදය හිතෙන් කියවමින් ඉන්නේ "" )",fake,gTTS-si,synthetic_tts,clean
data/fake/sinhala\fake_sin_0313.wav,Sinhala,"( sin_2282_0602730201 "" මෙතැන උතුර හා දකුණ වෙන්වන කඩඉම හැටියට සැලකේ "" )",fake,gTTS-si,synthetic_tts,clean
data/fake/sinhala\fake_sin_0314.wav,Sinhala,"( sin_4499_8034784743 "" රත්නපුර මහ සමන් දේවාලයේ සිදු කෙරෙන පුද පූජා "" )",fake,gTTS-si,synthetic_tts,clean
data/fake/sinhala\fake_sin_0315.wav,Sinhala,"( sin_7183_4895267032 "" මේක බුදු හාමුදුරුවන්ට කරපු දරුණු අපහාසයක් "" )",fake,gTTS-si,synthetic_tts,clean
data/fake/sinhala\fake_sin_0316.wav,Sinhala,"( sin_3976_3903763157 "" නතාෂා නැන්දා අපිට ලණුවකුත් කොක්කකුත් දුන්නා "" )",fake,gTTS-si,synthetic_tts,clean
data/fake/sinhala\fake_sin_0317.wav,Sinhala,"( sin_7183_6948189928 "" මෙයින් මතු කළ කරුණු පිළිබඳ ධර්මධරයෝ විමසත්වා "" )",fake,gTTS-si,synthetic_tts,clean
data/fake/sinhala\fake_sin_0318.wav,Sinhala,"( sin_6897_8684680327 "" මොකද ගමේ අය ඔය සම්බන්ධයෙන් විරෝධයක් පළ කරනවා "" )",fake,gTTS-si,synthetic_tts,clean
data/fake/sinhala\fake_sin_0319.wav,Sinhala,"( sin_2282_2528453855 "" පැංචාගේ අම්මාගේ කරදර අඩු වුණා "" )",fake,gTTS-si,synthetic_tts,clean
data/fake/sinhala\fake_sin_0320.wav,Sinhala,"( sin_5681_8730988029 "" මීගස්මුල්ල යන මහත්වරුන්ගේ සහභාගිත්වයෙන් පැවැත්වීමට නියමිතය "" )",fake,gTTS-si,synthetic_tts,clean
data/fake/sinhala\fake_sin_0321.wav,Sinhala,"( sin_3531_4128987616 "" මේක ඔබට ආනාපානසති භාවනාව දියුණු කිරීමට ලොකු රුකුලක් වෙනවා "" )",fake,gTTS-si,synthetic_tts,clean
data/fake/sinhala\fake_sin_0322.wav,Sinhala,"( sin_2241_4277756245 "" අනේපිඬු සිටුතුමාට දියණිවරු තුන් දෙනෙක් හිටියා "" )",fake,gTTS-si,synthetic_tts,clean
data/fake/sinhala\fake_sin_0323.wav,Sinhala,"( sin_7183_8881325934 "" මෙනිසා උන්වහන්සේ වැඩසිටියත් නැතත් කිසි කෙනෙකුට වෙනසක් තේරුනේ නැහැ "" )",fake,gTTS-si,synthetic_tts,clean
data/fake/sinhala\fake_sin_0324.wav,Sinhala,"( sin_7183_6716425545 "" ඇත් ගව මුව වඳුරු නාග ආදී සත්ත්ව කුලවල ඉපිද ඇත "" )",fake,gTTS-si,synthetic_tts,clean
data/fake/sinhala\fake_sin_0325.wav,Sinhala,"( sin_3688_0606439117 "" යථාර්ථවාදය යනු විවිධ රීතීන් අතරින් එකක් නොවේ "" )",fake,gTTS-si,synthetic_tts,clean
data/fake/sinhala\fake_sin_0326.wav,Sinhala,"( sin_7183_0874563622 "" මෙයට සත්තාහකරණයෙන් වැඩීම ලෙස හඳුන්වනු ලැබේ "" )",fake,gTTS-si,synthetic_tts,clean
data/fake/sinhala\fake_sin_0327.wav,Sinhala,"( sin_9228_5521699462 "" උඹ කාලෝ පොන්සේකාගේ කවුරුහරිද කියල මට සැකයි "" )",fake,gTTS-si,synthetic_tts,clean
data/fake/sinhala\fake_sin_0328.wav,Sinhala,"( sin_6897_5410117285 "" හාමුදුරුවෝ මේ බව වගකිවයුතු අංශ වලට දැන්වුවා "" )",fake,gTTS-si,synthetic_tts,clean
data/fake/sinhala\fake_sin_0329.wav,Sinhala,"( sin_3976_8838028505 "" ඒ සම්බන්ධයෙන් වෙනම කතිකාවතක් ගෙන ආ යුතුයි "" )",fake,gTTS-si,synthetic_tts,clean
data/fake/sinhala\fake_sin_0330.wav,Sinhala,"( sin_4191_9753595406 "" ආතර් සී ක්ලාර්ක් මහතා මීට කලකට පෙර මේ තත්වය ගැන අනාවැකි පලකලා "" )",fake,gTTS-si,synthetic_tts,clean
data/fake/sinhala\fake_sin_0331.wav,Sinhala,"( sin_3688_7663917173 "" කාලයක් පෙම්වතුන් වෙලා හිටිය රොෂාන් පිලපිටිය සහ චතුරිකා පීරිස් වෙන්වෙලා "" )",fake,gTTS-si,synthetic_tts,clean
data/fake/sinhala\fake_sin_0332.wav,Sinhala,"( sin_3531_0636471621 "" මුව ගහනය දරන්න බැරි ගානට එන්නෙ නැතුව පාලනය උනා "" )",fake,gTTS-si,synthetic_tts,clean
data/fake/sinhala\fake_sin_0333.wav,Sinhala,"( sin_2282_0807739690 "" යන ගමන් පොඩි අදහසකුත් ඔය පහළින් දාගෙන යන්න "" )",fake,gTTS-si,synthetic_tts,clean
data/fake/sinhala\fake_sin_0334.wav,Sinhala,"( sin_3531_5617324195 "" ඉහත පස්දෙනාගෙන් කිසිවෙක් මා පෞද්ගලිකව හඳුණන්නේ නැත "" )",fake,gTTS-si,synthetic_tts,clean
data/fake/sinhala\fake_sin_0335.wav,Sinhala,"( sin_3688_5792768206 "" මුලදී හිටගෙන ගමන් කළ හැකි මේ මග ටිකෙන් ටික කුඩා වන බවක් පෙනුණි "" )",fake,gTTS-si,synthetic_tts,clean
data/fake/sinhala\fake_sin_0336.wav,Sinhala,"( sin_9228_1939276200 "" මුව රංචුවක් පාර මැදට පැමිණ නවතියි "" )",fake,gTTS-si,synthetic_tts,clean
data/fake/sinhala\fake_sin_0337.wav,Sinhala,"( sin_5681_6294803348 "" එය දැන් පවතින ඇමෙරිකානු ඩොලරයකට ඉහළ අපේක්ෂාවකි "" )",fake,gTTS-si,synthetic_tts,clean
data/fake/sinhala\fake_sin_0338.wav,Sinhala,"( sin_7183_2372408028 "" ඊට පස්සෙ පොඩි සැමන් ටින් කිහිපයකුත් හොයාගත්ත "" )",fake,gTTS-si,synthetic_tts,clean
data/fake/sinhala\fake_sin_0339.wav,Sinhala,"( sin_2282_3690162757 "" එම යානා සේවයට යොදවා ඇත්තේ එම්රේට්ස් ක්වාන්ටාස් සිංග්පූර් සහ කැතේ පැසිෆික් යන ගුවන් සේවා විසිනි "" )",fake,gTTS-si,synthetic_tts,clean
data/fake/sinhala\fake_sin_0340.wav,Sinhala,"( sin_7183_7554984766 "" නුවනුයි මායි සුරංග ලක්මාලුයි චම්පක සර් එක්ක හිටිය "" )",fake,gTTS-si,synthetic_tts,clean
data/fake/sinhala\fake_sin_0341.wav,Sinhala,"( sin_3688_3107312173 "" එක්තරා මොහොතකදි ඒක ලොකු විප්ලවීය සංගීතයක් වෙනවා "" )",fake,gTTS-si,synthetic_tts,clean
data/fake/sinhala\fake_sin_0342.wav,Sinhala,"( sin_3688_5156950254 "" පෞරුෂත්ව වර්ධනය කිරීමේ පාඨමාලා පවා ආරම්භ වුණා "" )",fake,gTTS-si,synthetic_tts,clean
data/fake/sinhala\fake_sin_0343.wav,Sinhala,"( sin_6314_6694196092 "" හැබැයි කොල්ලෝ ඇමරිකන් කාරයව කඩේ යවන්නනම් බැරි වෙයි "" )",fake,gTTS-si,synthetic_tts,clean
data/fake/sinhala\fake_sin_0344.wav,Sinhala,"( sin_6897_7907738815 "" හැබැයි පුතෝ වෙළඳ පොල කියන එක හදන්න පුලුවන් "" )",fake,gTTS-si,synthetic_tts,clean
data/fake/sinhala\fake_sin_0345.wav,Sinhala,"( sin_3531_5811240684 "" මුහුදු රැළි අතරේ මංකොල්ලකරුවෝ සැඟවී සිටියහ "" )",fake,gTTS-si,synthetic_tts,clean
data/fake/sinhala\fake_sin_0346.wav,Sinhala,"( sin_2241_9939950696 "" මෙම ජපාන රාජධානියේ සාමය ආරක්ෂා කළේ සමුරායි වරු විසිනුයි "" )",fake,gTTS-si,synthetic_tts,clean
data/fake/sinhala\fake_sin_0347.wav,Sinhala,"( sin_3531_8657281490 "" මම පුවත්පත් පිට කවර ඡායාරූපයකට පෙනී හිටියා "" )",fake,gTTS-si,synthetic_tts,clean
data/fake/sinhala\fake_sin_0348.wav,Sinhala,"( sin_3688_4408727745 "" මෙම සිව් මහා ඕඝ මෙතෙර සිටින පුද්ගලයා දක්නට හැකි ය "" )",fake,gTTS-si,synthetic_tts,clean
data/fake/sinhala\fake_sin_0349.wav,Sinhala,"( sin_6897_1412774916 "" හැම කෙනාම තමන්ට අයිති කාරිය දැනන් හිටියා "" )",fake,gTTS-si,synthetic_tts,clean
data/fake/sinhala\fake_sin_0350.wav,Sinhala,"( sin_2241_3388309517 "" මේක මොහුගේ දක්ෂතා මත සිදුවුණු දුලබ සිදුවීමක් "" )",fake,gTTS-si,synthetic_tts,clean
data/fake/sinhala\fake_sin_0351.wav,Sinhala,"( sin_9228_6913372441 "" ඔය හින්දි සින්දුව මං ඉස්සෙල්ලම ඇහුවේ ඒක අන්ධ ළමයා කියන විටයි "" )",fake,gTTS-si,synthetic_tts,clean
data/fake/sinhala\fake_sin_0352.wav,Sinhala,"( sin_9228_9328316557 "" මෙම ජීවීන් පැමිණෙන යානා පිළිබඳ යම් පැහැදිලි කිරීමක් කළහොත් "" )",fake,gTTS-si,synthetic_tts,clean
data/fake/sinhala\fake_sin_0353.wav,Sinhala,"( sin_5681_6842259587 "" නිශාන්තගේ මරණයේ කිසිදු සළකුණක් ඔවුන්ට හමු නොවීය "" )",fake,gTTS-si,synthetic_tts,clean
data/fake/sinhala\fake_sin_0354.wav,Sinhala,"( sin_6897_9612005079 "" හැම යාළුවෙක්ගෙම අදහස් වලට ගොඩක් ස්තූතියි "" )",fake,gTTS-si,synthetic_tts,clean
data/fake/sinhala\fake_sin_0355.wav,Sinhala,"( sin_6897_4294179946 "" සුද්දගෙ දියුණු රටවල අයකරන බද්දට සමාන වෙනවා "" )",fake,gTTS-si,synthetic_tts,clean
data/fake/sinhala\fake_sin_0356.wav,Sinhala,"( sin_3688_6195211802 "" මෙතැන පන්ති තහනම් කරන්න අරවා මේවා කිසි දෙයක් ඕන නෑ "" )",fake,gTTS-si,synthetic_tts,clean
data/fake/sinhala\fake_sin_0357.wav,Sinhala,"( sin_2282_0436920105 "" අධිකරණ භූමියේදී පවා පුද්ගලයින් අතුරුදන් කරනවා "" )",fake,gTTS-si,synthetic_tts,clean
data/fake/sinhala\fake_sin_0358.wav,Sinhala,"( sin_2241_6531403825 "" උන් සිංහල භාෂාවට සිරිත්විරිත් වලට වෛර කරනවා "" )",fake,gTTS-si,synthetic_tts,clean
data/fake/sinhala\fake_sin_0359.wav,Sinhala,"( sin_7183_9391757337 "" මුදල් පසුම්බියේ වූ හැඳුනුම්පතින් ඔහු කවුදැයි හඳුනා ගැනුණි "" )",fake,gTTS-si,synthetic_tts,clean
data/fake/sinhala\fake_sin_0360.wav,Sinhala,"( sin_3531_2175710795 "" මෙම ශිල්පියා පිළිබඳව අපි මඳක් විමසා බලමු "" )",fake,gTTS-si,synthetic_tts,clean
data/fake/sinhala\fake_sin_0361.wav,Sinhala,"( sin_9228_2539701660 "" මෙතනිං එහාට වෙන ඒවා ඔයාටම බලලා රසවිඳින්න වෙනවා "" )",fake,gTTS-si,synthetic_tts,clean
data/fake/sinhala\fake_sin_0362.wav,Sinhala,"( sin_6314_5972427527 "" යම් කිසි මුදලක් ඉතිරි කර ගැනීමටද හැකි වන වසරක් වේ "" )",fake,gTTS-si,synthetic_tts,clean
data/fake/sinhala\fake_sin_0363.wav,Sinhala,"( sin_2282_0570725129 "" මේවා මූලික යුගය තුළ හොඳින් වැඩිලා තිබුණේ නෑ "" )",fake,gTTS-si,synthetic_tts,clean
data/fake/sinhala\fake_sin_0364.wav,Sinhala,"( sin_2241_6446549054 "" මුහුදු පතුලේ ලෝකය නුඹ සමඟ හැමදාම මිතුරුයි "" )",fake,gTTS-si,synthetic_tts,clean
data/fake/sinhala\fake_sin_0365.wav,Sinhala,"( sin_3531_6253386847 "" මෙතෙක් කාලෙකට මම නම් එවැනි දෙයක් කියල නෑ "" )",fake,gTTS-si,synthetic_tts,clean
data/fake/sinhala\fake_sin_0366.wav,Sinhala,"( sin_4499_4495232516 "" හැබැයි විස කියල නෙක්ටො එහෙම බීල පෙන්නයි "" )",fake,gTTS-si,synthetic_tts,clean
data/fake/sinhala\fake_sin_0367.wav,Sinhala,"( sin_4191_5270106644 "" ධාතූන් වහන්සේලා තැන්පත් කොට ඇති කරඬුව ගිල්ලේ ය "" )",fake,gTTS-si,synthetic_tts,clean
data/fake/sinhala\fake_sin_0368.wav,Sinhala,"( sin_7183_6559349400 "" එක්කෙනෙක් ඇන්ජලීනා වගේ ලස්සනම ලස්සන කෙල්ලෙක් "" )",fake,gTTS-si,synthetic_tts,clean
data/fake/sinhala\fake_sin_0369.wav,Sinhala,"( sin_2282_1190252972 "" එකමුතු වුණොත් මේ ලෝකෙ කරන්න බැරි දෙයක් නෑ "" )",fake,gTTS-si,synthetic_tts,clean
data/fake/sinhala\fake_sin_0370.wav,Sinhala,"( sin_7183_3578473944 "" නත්තල් දවසෙ එකට දෙකක් ම අරන් ඇවිල්ල තියෙන්නෙ "" )",fake,gTTS-si,synthetic_tts,clean
data/fake/sinhala\fake_sin_0371.wav,Sinhala,"( sin_3976_3877822097 "" මෙතන ඉදලා හැමෝටම බය හිතෙන දේවල් වලට තමයි මුහුණ දෙන්න වෙන්නෙ "" )",fake,gTTS-si,synthetic_tts,clean
data/fake/sinhala\fake_sin_0372.wav,Sinhala,"( sin_4499_5730239991 "" සිංහලයේ වැඩිම වරද කරන්නේ අකුරු ලිවීමේ දීය "" )",fake,gTTS-si,synthetic_tts,clean
data/fake/sinhala\fake_sin_0373.wav,Sinhala,"( sin_4499_7098951172 "" මීට අමතරව මිනිහා අනුන්ගේ රෙදි හෝදන වැඩෙත් කරනවා "" )",fake,gTTS-si,synthetic_tts,clean
data/fake/sinhala\fake_sin_0374.wav,Sinhala,"( sin_5681_3362532660 "" එකිනෙකාට විරුද්ධව ගමන් කිරීම තරහව වර්ධනය කරයි "" )",fake,gTTS-si,synthetic_tts,clean
data/fake/sinhala\fake_sin_0375.wav,Sinhala,"( sin_2282_5580411108 "" මෙන්න මේ හක්ගෙඩියේ පැහැයට හැරෙනවා ඇට සැකිල්ල "" )",fake,gTTS-si,synthetic_tts,clean
data/fake/sinhala\fake_sin_0376.wav,Sinhala,"( sin_6897_2955781660 "" රජතුමා එයද මහා සංඝරත්නයට පුජා කළ බව සඳහන් වේ "" )",fake,gTTS-si,synthetic_tts,clean
data/fake/sinhala\fake_sin_0377.wav,Sinhala,"( sin_3976_1445348599 "" ගායකයෙක් විදිහට නම් සෑහෙන හොඳයි කියන්න පුළුවන් "" )",fake,gTTS-si,synthetic_tts,clean
data/fake/sinhala\fake_sin_0378.wav,Sinhala,"( sin_2282_1983652553 "" මේවා සිංහල විකියටත් මෙහෙම්මම දාන්නත් පුළුවන් වගේ නේද "" )",fake,gTTS-si,synthetic_tts,clean
data/fake/sinhala\fake_sin_0379.wav,Sinhala,"( sin_2282_7976731096 "" මේ බුද්ධ චරිතය තුළ දක්නට ඇති සමානාත්මතාවයි "" )",fake,gTTS-si,synthetic_tts,clean
data/fake/sinhala\fake_sin_0380.wav,Sinhala,"( sin_7183_9711623706 "" මෙම ගාථාවෙහි පණ්ඩිතයා කියන්නේ රහතන් වහන්සේටයි "" )",fake,gTTS-si,synthetic_tts,clean
data/fake/sinhala\fake_sin_0381.wav,Sinhala,"( sin_2282_6220388906 "" බයිස්කෝප් වසර පහේ සංවත්සරය වෙනුවෙන් මම සුබ පතනවා "" )",fake,gTTS-si,synthetic_tts,clean
data/fake/sinhala\fake_sin_0382.wav,Sinhala,"( sin_4499_1635215896 "" රටේ පුරවැසියන් රැකියා කල යුත්තේ මෙරට මිසක් අරාබියේ නොවේ "" )",fake,gTTS-si,synthetic_tts,clean
data/fake/sinhala\fake_sin_0383.wav,Sinhala,"( sin_3688_7967787508 "" ඉතාම සැහැල්ලූවෙන් කාලය ගත කිරීමට හැකි වනු ඇත "" )",fake,gTTS-si,synthetic_tts,clean
data/fake/sinhala\fake_sin_0384.wav,Sinhala,"( sin_2282_8512832125 "" මේ විදිහට ඔහුගේ ජීවිතය පනස් පස් අවුරුද්දක් ගෙවුනා "" )",fake,gTTS-si,synthetic_tts,clean
data/fake/sinhala\fake_sin_0385.wav,Sinhala,"( sin_2241_3882175305 "" සිංගප්පූරුවේ හිටපු ජනාධිපති ලී ක්වාන් යූ වසර දෙකකට පමණ කැසිනෝවලට අවසරදී තිබුණත් පසුව දිගටම පවත්වාගෙන යයි "" )",fake,gTTS-si,synthetic_tts,clean
data/fake/sinhala\fake_sin_0386.wav,Sinhala,"( sin_4191_1906392263 "" මෙම පින්කමේ මූලික දායකත්වය බස්නායක නිලමේතුමාය "" )",fake,gTTS-si,synthetic_tts,clean
data/fake/sinhala\fake_sin_0387.wav,Sinhala,"( sin_2241_2169117644 "" මෙතන ඉදලා මේ පාර කොටස ගැනත් පොඩි හැදින්වීමක් දෙන්නම්කො "" )",fake,gTTS-si,synthetic_tts,clean
data/fake/sinhala\fake_sin_0388.wav,Sinhala,"( sin_9228_0553329879 "" මේවායේ තත්ත්වය අපට දැක ගත හැකි වන අවස්ථා විරල ය "" )",fake,gTTS-si,synthetic_tts,clean
data/fake/sinhala\fake_sin_0389.wav,Sinhala,"( sin_3531_3793511646 "" මෙම පොත පන්සල් පුස්තකාලයේදී මැය කියවා තිබෙනවා "" )",fake,gTTS-si,synthetic_tts,clean
data/fake/sinhala\fake_sin_0390.wav,Sinhala,"( sin_9228_9604135099 "" මේ සඳහා දීර්ඝකාලීන විසඳුමක් ලබාදිය යුතු ය "" )",fake,gTTS-si,synthetic_tts,clean
data/fake/sinhala\fake_sin_0391.wav,Sinhala,"( sin_4499_6583661752 "" යාළුවා අර ඉපැරණි පුදුම හත ගැනත් ලිපියක් ලියමු නේද "" )",fake,gTTS-si,synthetic_tts,clean
data/fake/sinhala\fake_sin_0392.wav,Sinhala,"( sin_9228_3457048317 "" මෙයින් හින්දු ආගමික සිතින් ඇගයුමට ලක්වෙයි "" )",fake,gTTS-si,synthetic_tts,clean
data/fake/sinhala\fake_sin_0393.wav,Sinhala,"( sin_3688_7131080884 "" මෙම ගුප්ත ලෝකය හරහා යන විට අපගේ අවධානය අතිශයින්ම තීක්ෂණ වේ "" )",fake,gTTS-si,synthetic_tts,clean
data/fake/sinhala\fake_sin_0394.wav,Sinhala,"( sin_6897_8978142607 "" ස්කන්ධ කියන්නේ කාලය හා අවකාශය තුළ පවතින දේ "" )",fake,gTTS-si,synthetic_tts,clean
data/fake/sinhala\fake_sin_0395.wav,Sinhala,"( sin_5681_2935325637 "" ඉතාම අසීරුවෙන් බස් සේවාව පවත්වාගෙන යන බවයි "" )",fake,gTTS-si,synthetic_tts,clean
data/fake/sinhala\fake_sin_0396.wav,Sinhala,"( sin_5681_7385150866 "" මෙසේ සිහිපත්කරමින් නාද කරන ඝන්ඨාරයක් ලොව තිබේ ද "" )",fake,gTTS-si,synthetic_tts,clean
data/fake/sinhala\fake_sin_0397.wav,Sinhala,"( sin_4191_6272319092 "" ධනාත්මක චින්තනය පුබුදුවාලමින් හරවත් රසවත් ලිපි "" )",fake,gTTS-si,synthetic_tts,clean
data/fake/sinhala\fake_sin_0398.wav,Sinhala,"( sin_2241_8405129617 "" මේ සිතේ ඉතාම මායාකාරී විදිහට මෙම ද්වේෂය නිර්මාණය වෙනවා "" )",fake,gTTS-si,synthetic_tts,clean
data/fake/sinhala\fake_sin_0399.wav,Sinhala,"( sin_2241_2690846268 "" මේක මූලික වශයෙන් සමාජවාදී මනසක් තියෙන රටක් "" )",fake,gTTS-si,synthetic_tts,clean
data/fake/sinhala\fake_sin_0400.wav,Sinhala,"( sin_2241_5478392200 "" පස තුළ අහිතකර බැක්ටීරියා දිලීර වර්ධනය වීම "" )",fake,gTTS-si,synthetic_tts,clean
data/fake/sinhala\fake_sin_0401.wav,Sinhala,"( sin_5681_5549595987 "" මෙවැනි පාහරයකුගෙන් ඊට වඩා මොනවා බලාපොරොත්තු වෙන්නද "" )",fake,gTTS-si,synthetic_tts,clean
data/fake/sinhala\fake_sin_0402.wav,Sinhala,"( sin_6314_2346694094 "" හැම දෙයින්ම අංග සම්පූර්ණ සුපිරි නිර්මාණයක් "" )",fake,gTTS-si,synthetic_tts,clean
data/fake/sinhala\fake_sin_0403.wav,Sinhala,"( sin_6897_4843312551 "" හාදයා චූලගෙ දේශපාලන තරහකාරයෙක් වගෙ මට පේන්නෙ "" )",fake,gTTS-si,synthetic_tts,clean
data/fake/sinhala\fake_sin_0404.wav,Sinhala,"( sin_7183_0428658122 "" මෙතැන තියෙන්නේ අතිශයෝක්තියට නැංවූ උපමාවක් "" )",fake,gTTS-si,synthetic_tts,clean
data/fake/sinhala\fake_sin_0405.wav,Sinhala,"( sin_4191_1152540090 "" ඇන්ජලින් ගුණතිලක මහත්මියට මම වැඩිහිටියෙකුට ලෙස ගරු කරනවා "" )",fake,gTTS-si,synthetic_tts,clean
data/fake/sinhala\fake_sin_0406.wav,Sinhala,"( sin_4191_2813652272 "" මේ හේතු දක්වමින් අපගේ අඩුපාඩු සාධාරණ කරනවා "" )",fake,gTTS-si,synthetic_tts,clean
data/fake/sinhala\fake_sin_0407.wav,Sinhala,"( sin_4191_0047452857 "" අඩු ගනනේ ඔහු කොපි කල චාමර වීරසිංහට තරම් වත් හොඳ ගායන හැකියාවක් ඔහුට නැහැ "" )",fake,gTTS-si,synthetic_tts,clean
data/fake/sinhala\fake_sin_0408.wav,Sinhala,"( sin_5681_9030548066 "" ඔයගොල්ලොවත් මේක කියවල මේ ඓතිහාසික තැන බලන්න යන්න "" )",fake,gTTS-si,synthetic_tts,clean
data/fake/sinhala\fake_sin_0409.wav,Sinhala,"( sin_4191_0167362579 "" ආයෙත් මේ වගේ ගමනක් ඉක්මනින් යන්න ලැබේවා කියල පතනවා "" )",fake,gTTS-si,synthetic_tts,clean
data/fake/sinhala\fake_sin_0410.wav,Sinhala,"( sin_9228_7175568893 "" අලුත්ම චරිතය තමයි මාදුළුවාවේ සෝභිත හාමුදුරුවෝ "" )",fake,gTTS-si,synthetic_tts,clean
data/fake/sinhala\fake_sin_0411.wav,Sinhala,"( sin_7183_0511906574 "" මුල් කාලයේ මම එදෙස නො බලා සිටීමට වෑයම් කළෙමි "" )",fake,gTTS-si,synthetic_tts,clean
data/fake/sinhala\fake_sin_0412.wav,Sinhala,"( sin_7183_8067534522 "" බලන කොට ටවුන් හෝල් එක අද්දර තිබුණ තාප්පයක් උඩ වාඩිවෙලා දෙන්නෙක් ඉන්නවා "" )",fake,gTTS-si,synthetic_tts,clean
data/fake/sinhala\fake_sin_0413.wav,Sinhala,"( sin_6897_3117231257 "" රජතුමා සමග ගිය පිරිස ද අවුත් එතුමා පිරිවරා ගත් හ "" )",fake,gTTS-si,synthetic_tts,clean
data/fake/sinhala\fake_sin_0414.wav,Sinhala,"( sin_4499_0404038733 "" මීට අමතරව හඳගමගේ සිනමාත්මක භාෂාවට හසුවන ගැහැණියක් සිටී "" )",fake,gTTS-si,synthetic_tts,clean
data/fake/sinhala\fake_sin_0415.wav,Sinhala,"( sin_5681_3873090853 "" මේක පුරුදු කරල බොහෝ දෙනෙක් සංසාරෙන් අත්මිදුන "" )",fake,gTTS-si,synthetic_tts,clean
data/fake/sinhala\fake_sin_0416.wav,Sinhala,"( sin_7183_0522968428 "" ඇතුළට ගිය ඔහු පැය බාගයකට පමණ පසු එළියට ආවේ සතුටෙනි "" )",fake,gTTS-si,synthetic_tts,clean
data/fake/sinhala\fake_sin_0417.wav,Sinhala,"( sin_7183_4789881794 "" මුං කවදාවත් විවේචන පිළිගත්ත ජාතියක් නෙවි "" )",fake,gTTS-si,synthetic_tts,clean
data/fake/sinhala\fake_sin_0418.wav,Sinhala,"( sin_3531_5427833618 "" කෝච්චියේදී මේ තුන් දෙනාට යාළුවෙක් හම්බෙනවා "" )",fake,gTTS-si,synthetic_tts,clean
data/fake/sinhala\fake_sin_0419.wav,Sinhala,"( sin_3531_6118792471 "" අං කෙළිය සඳහා සුභ නැකතින් හෙනකඳ සිටුවයි "" )",fake,gTTS-si,synthetic_tts,clean
data/fake/sinhala\fake_sin_0420.wav,Sinhala,"( sin_3976_2555005995 "" මෙච්චර කාලයක් ආපු අය ඔය පොරොන්දුව දුන්නා "" )",fake,gTTS-si,synthetic_tts,clean
data/fake/sinhala\fake_sin_0421.wav,Sinhala,"( sin_3976_9391011329 "" මුළු ජීවිත කාලෙටම හදපු එකම නැකත තමයි ඔය පෝරුවේ කතන්දරේ "" )",fake,gTTS-si,synthetic_tts,clean
data/fake/sinhala\fake_sin_0422.wav,Sinhala,"( sin_9228_8986516519 "" මේවා හැර මේ සිරුරින් කවදාවත් සුවඳක් හමන්නේ නැහැ "" )",fake,gTTS-si,synthetic_tts,clean
data/fake/sinhala\fake_sin_0423.wav,Sinhala,"( sin_4191_5663442206 "" අපේ පුංචි සිත් මෙසේ එහාට මෙහොට ගමන් නොකරයි "" )",fake,gTTS-si,synthetic_tts,clean
data/fake/sinhala\fake_sin_0424.wav,Sinhala,"( sin_4499_6000339608 "" රජරට එළාර රජුට විරුද්ධව මාගම සිට පිටත් වූ යුද සේනාව "" )",fake,gTTS-si,synthetic_tts,clean
data/fake/sinhala\fake_sin_0425.wav,Sinhala,"( sin_2241_7269780178 "" මේවාට විරුද්ධ ජනතාව සංවිධානය වී පා ගමන් ගියා "" )",fake,gTTS-si,synthetic_tts,clean
data/fake/sinhala\fake_sin_0426.wav,Sinhala,"( sin_6314_8732113728 "" කොකා කෝලා නොතිබුන කාලෙක තිබුන හොඳ රසක් කොකා කෝලා පමනක් බොන අයට දැනේද "" )",fake,gTTS-si,synthetic_tts,clean
data/fake/sinhala\fake_sin_0427.wav,Sinhala,"( sin_4191_3801091255 "" එගොල්ලො ඒවෙලාවෙ ගෙදර ටීවී බල බලා ඉදල තියෙන්නෙ "" )",fake,gTTS-si,synthetic_tts,clean
data/fake/sinhala\fake_sin_0428.wav,Sinhala,"( sin_2241_0598895166 "" ඇන්ජලීනා ජොලී කියන්නේ පසුගිය දිනවල බොහෝ සෙයින් කතා බහට ලක්වූ චරිතයක් "" )",fake,gTTS-si,synthetic_tts,clean
data/fake/sinhala\fake_sin_0429.wav,Sinhala,"( sin_5681_9602145904 "" මුත්තුසාමි මාස්ටර්ගේ ගීත මොහාන් රාජ් කියන්නේ "" )",fake,gTTS-si,synthetic_tts,clean
data/fake/sinhala\fake_sin_0430.wav,Sinhala,"( sin_3976_6925269802 "" පොත් පත්තර අතර ගතවුන ජීවිතය නම් හරිම සුන්දරයි "" )",fake,gTTS-si,synthetic_tts,clean
data/fake/sinhala\fake_sin_0431.wav,Sinhala,"( sin_5681_8878360681 "" මෙකී විෂය පද්ධතිය පිළිබඳ උනන්දුව ඇති වුණේ අද ඊයෙක නෙවෙයි "" )",fake,gTTS-si,synthetic_tts,clean
data/fake/sinhala\fake_sin_0432.wav,Sinhala,"( sin_6314_0144984924 "" ආත්ම වංචාවෙන් යුතුව තමා විසින් තමාව රවටා ගන්නා පුද්ගලයෙක්මයි "" )",fake,gTTS-si,synthetic_tts,clean
data/fake/sinhala\fake_sin_0433.wav,Sinhala,"( sin_2241_6534612621 "" මේ පිළීබඳව ජනයාගේ විරෝධය විවේචනය පැන නැඟූහ "" )",fake,gTTS-si,synthetic_tts,clean
data/fake/sinhala\fake_sin_0434.wav,Sinhala,"( sin_4191_2045175083 "" මෙතැන් සිට පෙළ ගැසෙන්නේ ඔවුන් සමග කළ කතා බහකි "" )",fake,gTTS-si,synthetic_tts,clean
data/fake/sinhala\fake_sin_0435.wav,Sinhala,"( sin_5681_1230425212 "" මේ පොඩි දේවල් වලට රණ්ඩු වෙලා තේරුමක් නැහැ "" )",fake,gTTS-si,synthetic_tts,clean
data/fake/sinhala\fake_sin_0436.wav,Sinhala,"( sin_2241_4370008255 "" පුහුදුන් තැනැත්තා නිරතුරුව දකින්නේ ඵලය පමණි "" )",fake,gTTS-si,synthetic_tts,clean
data/fake/sinhala\fake_sin_0437.wav,Sinhala,"( sin_4499_1908274099 "" සර්වබලධාරී දෙවියන් යටපත් කිරීමට උත්සාහයක් ගත යුතු නැත "" )",fake,gTTS-si,synthetic_tts,clean
data/fake/sinhala\fake_sin_0438.wav,Sinhala,"( sin_3688_1337725493 "" කොලොන්නාව අයත් වනුයේ වැල්ලම්පිටිය පොලිස් වසමටයි "" )",fake,gTTS-si,synthetic_tts,clean
data/fake/sinhala\fake_sin_0439.wav,Sinhala,"( sin_3688_2310391955 "" මෙම භාර්යාවන් තිදෙනාම බුදුරජාණන් වහන්සේගේ ඉගැන්වීම් අනුව යහපත් අය නොවේ "" )",fake,gTTS-si,synthetic_tts,clean
data/fake/sinhala\fake_sin_0440.wav,Sinhala,"( sin_2241_9353193483 "" ඊටපස්සෙ හෙමි හෙමින් අහසට පියාඹන්න පටන් ගත්තා "" )",fake,gTTS-si,synthetic_tts,clean
data/fake/sinhala\fake_sin_0441.wav,Sinhala,"( sin_4191_5979446614 "" මෙතන ඉඳන් ගමන යන්න පුළුවන් උස වාහනයක විතරයි "" )",fake,gTTS-si,synthetic_tts,clean
data/fake/sinhala\fake_sin_0442.wav,Sinhala,"( sin_3688_8961468609 "" මේ තත්ත්වයට වග කිවයුතු වන්නේ ද මවුපියන්මය "" )",fake,gTTS-si,synthetic_tts,clean
data/fake/sinhala\fake_sin_0443.wav,Sinhala,"( sin_2241_4285331626 "" රංගන ශිල්පිණියක් කියා වෙනස් ජීවිතයක් මට නැහැ "" )",fake,gTTS-si,synthetic_tts,clean
data/fake/sinhala\fake_sin_0444.wav,Sinhala,"( sin_7183_3847244983 "" මෙතනට කෙලින්ම සෙට් වෙන්නේ නෑ කියලයි මට නං හිතෙන්නේ "" )",fake,gTTS-si,synthetic_tts,clean
data/fake/sinhala\fake_sin_0445.wav,Sinhala,"( sin_2241_7437300865 "" යන ගමන් මඟ ගැනත් පොඩ්ඩක් කියන්න පුළුවන්ද "" )",fake,gTTS-si,synthetic_tts,clean
data/fake/sinhala\fake_sin_0446.wav,Sinhala,"( sin_9228_6305647977 "" මුතුහර සඟරාවෙන් තමා ජූල්ස් වර්නව මම හඳුනාගත්තේ "" )",fake,gTTS-si,synthetic_tts,clean
data/fake/sinhala\fake_sin_0447.wav,Sinhala,"( sin_9228_9383219515 "" මේ කියන්නේ ඒක පාර්ශවික ආදරයක් ගැන වෙන්ඩෝන "" )",fake,gTTS-si,synthetic_tts,clean
data/fake/sinhala\fake_sin_0448.wav,Sinhala,"( sin_5681_5106820524 "" උන්නාන්සේලාට උඩින් මැස්සෙකුටවත් යන්න ඉඩ නැත "" )",fake,gTTS-si,synthetic_tts,clean
data/fake/sinhala\fake_sin_0449.wav,Sinhala,"( sin_7183_2112879655 "" ආචර් බ්ලඩ් උපන්නේ චිකාගෝ හිදීය "" )",fake,gTTS-si,synthetic_tts,clean
data/fake/sinhala\fake_sin_0450.wav,Sinhala,"( sin_3688_8894467231 "" මෙන්න ආපහු මතකය අලුත් කර ගන්න හින්දම බානවා "" )",fake,gTTS-si,synthetic_tts,clean
data/fake/sinhala\fake_sin_0451.wav,Sinhala,"( sin_6897_6710117333 "" මොවුන්ගේ පහර හේතුවෙන් දරුණු තුවාල සිදුවේ "" )",fake,gTTS-si,synthetic_tts,clean
data/fake/sinhala\fake_sin_0452.wav,Sinhala,"( sin_2241_7163162985 "" මේ නිසා කුසල කර්ම දහයක් සපුරා ගන්නට පුළුවන් "" )",fake,gTTS-si,synthetic_tts,clean
data/fake/sinhala\fake_sin_0453.wav,Sinhala,"( sin_9228_3751602574 "" යක්ෂ කුම්භාණ්ඩ ආදීන් අප දෙවියන් කියා හෝ නොසලකමු "" )",fake,gTTS-si,synthetic_tts,clean
data/fake/sinhala\fake_sin_0454.wav,Sinhala,"( sin_4499_7252566084 "" යාඤා කිරීමත් ඔවුන් දෙදෙනාගේ ඉගැන්වීම් වලට අනුව කෙරෙන්නකි "" )",fake,gTTS-si,synthetic_tts,clean
data/fake/sinhala\fake_sin_0455.wav,Sinhala,"( sin_3688_0968916306 "" කැනියොන් විදුලි බලාගාරය පසුගිය දා වසා දමා ඇත "" )",fake,gTTS-si,synthetic_tts,clean
data/fake/sinhala\fake_sin_0456.wav,Sinhala,"( sin_7183_6694631860 "" මෙම පිළිගැනීම බුදුදහමෙහි සුවිශේෂී තැනක් ලැබේවි "" )",fake,gTTS-si,synthetic_tts,clean
data/fake/sinhala\fake_sin_0457.wav,Sinhala,"( sin_2241_7335788423 "" මුහුදට එහා තියෙන නගර දෙකක වෙච්ච සිදුවීමක් මතක් කර ගම්මු "" )",fake,gTTS-si,synthetic_tts,clean
data/fake/sinhala\fake_sin_0458.wav,Sinhala,"( sin_9228_1205629869 "" මූණත් එක්ක තරහ වෙලා නහය කපාගෙන තියෙනවා මේකා "" )",fake,gTTS-si,synthetic_tts,clean
data/fake/sinhala\fake_sin_0459.wav,Sinhala,"( sin_9228_9037714618 "" මෙහි අගනුවර වන්නේ කරකස්ය "" )",fake,gTTS-si,synthetic_tts,clean
data/fake/sinhala\fake_sin_0460.wav,Sinhala,"( sin_3976_1608479442 "" මන්චි ආයතනයත් සම්පත් බැංකුවත් මැලිබන් ආයතනයත් මට කලාව වෙනුවෙන් බොහෝ උපකාර කරනවා "" )",fake,gTTS-si,synthetic_tts,clean
data/fake/sinhala\fake_sin_0461.wav,Sinhala,"( sin_4499_2261530981 "" සැප්තැම්බර් මුල ඉඳන් දිගටම දෙන්න පුලුවන් "" )",fake,gTTS-si,synthetic_tts,clean
data/fake/sinhala\fake_sin_0462.wav,Sinhala,"( sin_4191_9532114718 "" මෝඩිගේ මාපියෝ බටහිර ගුජරාටයේ අඩු කුලයකට අයත් වූවෝය "" )",fake,gTTS-si,synthetic_tts,clean
data/fake/sinhala\fake_sin_0463.wav,Sinhala,"( sin_3688_4845332494 "" මේ සිරිත් මේ කාලයේ අපේ රටේ පිරිහෙමින් පවතී "" )",fake,gTTS-si,synthetic_tts,clean
data/fake/sinhala\fake_sin_0464.wav,Sinhala,"( sin_3531_0243441176 "" ගල්පර අතර ඇවිද යාමේ දී පෑගුණහොත් මරණය සිදුවේ "" )",fake,gTTS-si,synthetic_tts,clean
data/fake/sinhala\fake_sin_0465.wav,Sinhala,"( sin_9228_5319996060 "" ලජ්ජාව යනුවෙන් මෙහි අදහස් කොට ඇත්තේ පවට ලජ්ජාවීමයි "" )",fake,gTTS-si,synthetic_tts,clean
data/fake/sinhala\fake_sin_0466.wav,Sinhala,"( sin_6897_3009038924 "" මොකෝ ඕවා ඔප්පු කරලා පෙන්නන්න පුළුවන් කියලය "" )",fake,gTTS-si,synthetic_tts,clean
data/fake/sinhala\fake_sin_0467.wav,Sinhala,"( sin_7183_8385884802 "" මෙසේ නොකලොත් අනාගතයේදී මේ යෝග හමුදාව නඩත්තු කල හැකිද "" )",fake,gTTS-si,synthetic_tts,clean
data/fake/sinhala\fake_sin_0468.wav,Sinhala,"( sin_7183_6842032326 "" මේකා කියන්නේ හරක් මස් නැතිව බලුමස් කන්න කියලද "" )",fake,gTTS-si,synthetic_tts,clean
data/fake/sinhala\fake_sin_0469.wav,Sinhala,"( sin_9228_7160390192 "" මුර කාරයා කරන්නේ කුමක්දැයි නොදැන කට ඇරගෙනය "" )",fake,gTTS-si,synthetic_tts,clean
data/fake/sinhala\fake_sin_0470.wav,Sinhala,"( sin_6897_8013503575 "" පැවිද්ද වනාහි එබඳු නපුරු තත්ත්වයක් නොව කෙලෙස් තුනී කරන පව් අඩුකරන සසර කෙටි කරන තත්ත්වයකි "" )",fake,gTTS-si,synthetic_tts,clean
data/fake/sinhala\fake_sin_0471.wav,Sinhala,"( sin_5681_0691125093 "" බැදීම් මොනතරම් සියුම් දැයි තේරුම් ගත හැකිය "" )",fake,gTTS-si,synthetic_tts,clean
data/fake/sinhala\fake_sin_0472.wav,Sinhala,"( sin_9228_0570641757 "" මෙන්න ඔවුන් එය පැහැදිලි කොට එවා තිබුන ලිපිය "" )",fake,gTTS-si,synthetic_tts,clean
data/fake/sinhala\fake_sin_0473.wav,Sinhala,"( sin_6314_2478166538 "" මොකෝ අපි පොලීසියට ගිහින් පැමිණිල්ලක් දාන්න කියලයි "" )",fake,gTTS-si,synthetic_tts,clean
data/fake/sinhala\fake_sin_0474.wav,Sinhala,"( sin_3976_2581661769 "" ලංනකාවේ බිහි වූ පලමු ආරාමය අනුරාධපුර මහමෙව්නා උයනෙහි පිහිටා ඇත "" )",fake,gTTS-si,synthetic_tts,clean
data/fake/sinhala\fake_sin_0475.wav,Sinhala,"( sin_2241_1477007898 "" මුතු ඇට විකුණලා මුදල් ලැබුණ "" )",fake,gTTS-si,synthetic_tts,clean
data/fake/sinhala\fake_sin_0476.wav,Sinhala,"( sin_4499_1807969031 "" මොම්ටාස් නිතරම හිතන්නේ මෙයා ගැන වැරදියට "" )",fake,gTTS-si,synthetic_tts,clean
data/fake/sinhala\fake_sin_0477.wav,Sinhala,"( sin_4191_3041932374 "" වයස අවුරුදු දහඅටේ දී පමණ ඔහු ඇතැන්ස් හි පැවති ප්ලෝටෝගේ ඇකඩමියේ ඉගෙනුම පටන් ගනියි "" )",fake,gTTS-si,synthetic_tts,clean
data/fake/sinhala\fake_sin_0478.wav,Sinhala,"( sin_6314_0000039087 "" රජතුමාට වෙනදා මෙන් කරුණාවෙන් සෙත් පැතුවා "" )",fake,gTTS-si,synthetic_tts,clean
data/fake/sinhala\fake_sin_0479.wav,Sinhala,"( sin_4499_8627105999 "" ලෝකය වරදවා දක්වන පෙන්වන පාට කණ්ණාඩියක් වැනි ය "" )",fake,gTTS-si,synthetic_tts,clean
data/fake/sinhala\fake_sin_0480.wav,Sinhala,"( sin_2241_3203593051 "" බලමු නේද අපේ වීරයාගේ වැඩ කිඩ කොහොමද කියලා "" )",fake,gTTS-si,synthetic_tts,clean
data/fake/sinhala\fake_sin_0481.wav,Sinhala,"( sin_3976_2530529078 "" මුකුත්ම කරගන්න බැරි කෙනෙක් විතරයි දඩේට අහු වෙන්නේ "" )",fake,gTTS-si,synthetic_tts,clean
data/fake/sinhala\fake_sin_0482.wav,Sinhala,"( sin_3688_1929461291 "" උවමනා කෙනෙකුට නාරාහේන්පිට කිරිමණ්ඩල මාවතේ පාරම් පාරික සහල් අලෙවි සලෙන් මිලදී ගැනීමට හැක "" )",fake,gTTS-si,synthetic_tts,clean
data/fake/sinhala\fake_sin_0483.wav,Sinhala,"( sin_4191_8169950827 "" මේකා දඩයම් හොයාගෙන එන අතරේ ළිඳට වැටෙන්න ඇති "" )",fake,gTTS-si,synthetic_tts,clean
data/fake/sinhala\fake_sin_0484.wav,Sinhala,"( sin_6314_6152163786 "" මොකද කිවුවොත් මෙකෙ වෙන්නෙම හිනා වෙන්න පුළුවන් දේවල් "" )",fake,gTTS-si,synthetic_tts,clean
data/fake/sinhala\fake_sin_0485.wav,Sinhala,"( sin_6314_7055077656 "" මේ භවයට ඇලුම් කරන්නේත් ආශා කරන්නේත් නැහැ "" )",fake,gTTS-si,synthetic_tts,clean
data/fake/sinhala\fake_sin_0486.wav,Sinhala,"( sin_2241_5737322470 "" ඕගොල්ලන්ට කඳවුරු ගහන්නත් මෙතන හැකියාව තියෙනවා "" )",fake,gTTS-si,synthetic_tts,clean
data/fake/sinhala\fake_sin_0487.wav,Sinhala,"( sin_4499_2693792562 "" මොන හේතුවකටවත් එක සතෙක්ට විශේෂක දක්වන්ඩ බැහැ "" )",fake,gTTS-si,synthetic_tts,clean
data/fake/sinhala\fake_sin_0488.wav,Sinhala,"( sin_3531_4621341354 "" ඇපල් විතරක් නෙවේ අපි ඩෙල් එකට කතා කලත් අහන්නෙ ප්ලෑන් තියෙනවද කියල "" )",fake,gTTS-si,synthetic_tts,clean
data/fake/sinhala\fake_sin_0489.wav,Sinhala,"( sin_9228_5383873830 "" ඇගෙන් පසු ඇගේ බාල සොයුරියට උරුම වූ ඇඳුමකින් ඉතිරි වූ රෙදි කඩක් ඇය දුටුවා ය "" )",fake,gTTS-si,synthetic_tts,clean
data/fake/sinhala\fake_sin_0490.wav,Sinhala,"( sin_9228_8126276173 "" මේ පිළිබඳව පැරැණිම සටහන ථූපවංශයේ සඳහන් වේ "" )",fake,gTTS-si,synthetic_tts,clean
data/fake/sinhala\fake_sin_0491.wav,Sinhala,"( sin_3976_6194067080 "" මෙම වට දා ගෙය මැද ස්තූපයක නටබුන් දිස් වෙයි "" )",fake,gTTS-si,synthetic_tts,clean
data/fake/sinhala\fake_sin_0492.wav,Sinhala,"( sin_3531_3685262379 "" අතරමැදියා තමයි අද ඒවායෙත් මිල තීරණය කරන්නේ "" )",fake,gTTS-si,synthetic_tts,clean
data/fake/sinhala\fake_sin_0493.wav,Sinhala,"( sin_3531_2191173783 "" මූනු පොත තිබුනත් නැතත් ඔය දේවල් වෙනස් වෙන්නේ නැහැ "" )",fake,gTTS-si,synthetic_tts,clean
data/fake/sinhala\fake_sin_0494.wav,Sinhala,"( sin_4499_4934980840 "" යන ගමන් මග ගැනත් පොඩ්ඩක් කියන්න පුළුවන්ද "" )",fake,gTTS-si,synthetic_tts,clean
data/fake/sinhala\fake_sin_0495.wav,Sinhala,"( sin_4191_5448058974 "" ඒක තමයි ඔය මැසින් උණු කැවුම් වගේ විකිනෙන්නේ "" )",fake,gTTS-si,synthetic_tts,clean
data/fake/sinhala\fake_sin_0496.wav,Sinhala,"( sin_3688_2798225647 "" අච්චුවේලී පොලීසිය වැඩිදුර පරීක්ෂණ කටයුතු මෙහෙයවයි "" )",fake,gTTS-si,synthetic_tts,clean
data/fake/sinhala\fake_sin_0497.wav,Sinhala,"( sin_6897_8001913076 "" හරි ඔහොම තව කිලෝමීටර් හතක් විතර ඉස්සරහට යමුකෝ "" )",fake,gTTS-si,synthetic_tts,clean
data/fake/sinhala\fake_sin_0498.wav,Sinhala,"( sin_2241_5171949005 "" මෙම අවස්ථාවට විශාල බැතිමතුන් පිරිසක් සහභාගී වී සිටියහ "" )",fake,gTTS-si,synthetic_tts,clean
data/fake/sinhala\fake_sin_0499.wav,Sinhala,"( sin_4191_9251059993 "" ගුණ සැමරුම වෙනුවෙන් පින්කම් මාලාවක් පැවැත්විණි "" )",fake,gTTS-si,synthetic_tts,clean
data/fake/sinhala\fake_sin_0500.wav,Sinhala,"( sin_3531_1154143520 "" මේක මෙවර ඔස්කා සම්මානයට නිර්දේශ වෙච්චි එකක් "" )",fake,gTTS-si,synthetic_tts,clean
data/fake/sinhala\fake_sin_0501.wav,Sinhala,"( sin_6897_0667638746 "" මොකද ඔහු දේව දූතකවරයක් ලෙස කුරානයේ සදහන් වෙලා තියනවා "" )",fake,gTTS-si,synthetic_tts,clean
data/fake/sinhala\fake_sin_0502.wav,Sinhala,"( sin_6897_7473714488 "" හිතාගන්න පුළුවන්නේ ෆිල්ම් එක කොහොමට ඇතිද කියලා "" )",fake,gTTS-si,synthetic_tts,clean
data/fake/sinhala\fake_sin_0503.wav,Sinhala,"( sin_4499_4370914307 "" මෝටර් රථයේ සිටි පිරිස දෙහිවල සිට යාපනය දක්වා ගමන් කරමින් සිට ඇත "" )",fake,gTTS-si,synthetic_tts,clean
data/fake/sinhala\fake_sin_0504.wav,Sinhala,"( sin_6314_3486928054 "" අලුතින් ගොවිපල වැඩිදියුණු කරගත හැකි කාලයකි "" )",fake,gTTS-si,synthetic_tts,clean
data/fake/sinhala\fake_sin_0505.wav,Sinhala,"( sin_6897_2754529027 "" මොකද ඔවුන්ගේ පන්දු යැවීම එතරම් තර්ජනයක් තිබුණේ නෑ "" )",fake,gTTS-si,synthetic_tts,clean
data/fake/sinhala\fake_sin_0506.wav,Sinhala,"( sin_2282_7854574177 "" මෙම පුහුණුව හෙදියන්ට දුන්නොත් එය වෙනස් වෙයි "" )",fake,gTTS-si,synthetic_tts,clean
data/fake/sinhala\fake_sin_0507.wav,Sinhala,"( sin_2241_4911457039 "" උපාධිධාරීන්ට පරිගණක පුහුණුව "" )",fake,gTTS-si,synthetic_tts,clean
data/fake/sinhala\fake_sin_0508.wav,Sinhala,"( sin_4499_9456062405 "" හැබැයි ඔයාව ඒ අඳුරෙන් ගලවාගන්න විදියත් මම දන්නවා "" )",fake,gTTS-si,synthetic_tts,clean
data/fake/sinhala\fake_sin_0509.wav,Sinhala,"( sin_9228_2891654038 "" මුලින්ම බෝධීන් වහන්සේ තිරයකින් ආවරණය කරනු ලැබීය "" )",fake,gTTS-si,synthetic_tts,clean
data/fake/sinhala\fake_sin_0510.wav,Sinhala,"( sin_3688_1612806051 "" මේවා සම්පූර්ණයෙන්ම වෙන් කර කර වෙන් කර කර බලනවා "" )",fake,gTTS-si,synthetic_tts,clean
data/fake/sinhala\fake_sin_0511.wav,Sinhala,"( sin_7183_5197179544 "" මේක පෝස්ට් කලාට ගෝලයා සහෝදරයාට තෑන්ක්ස් වේවා "" )",fake,gTTS-si,synthetic_tts,clean
data/fake/sinhala\fake_sin_0512.wav,Sinhala,"( sin_3531_6438246610 "" බාහිරින් ඉගෙනගත් දැනුම පිළිගත් නිසා නොවේ ද "" )",fake,gTTS-si,synthetic_tts,clean
data/fake/sinhala\fake_sin_0513.wav,Sinhala,"( sin_9228_0544106533 "" මුන් මේ අද කාලේ කුඩාපොල හාමුදුරුවරු වෙන්න යනවා "" )",fake,gTTS-si,synthetic_tts,clean
data/fake/sinhala\fake_sin_0514.wav,Sinhala,"( sin_6897_6433798479 "" රහල් කුමරු බුදුරදුන් පසු පස විහාරයටම ගියේ ය "" )",fake,gTTS-si,synthetic_tts,clean
data/fake/sinhala\fake_sin_0515.wav,Sinhala,"( sin_2241_6541430912 "" මුලදී මෙම ගුවන්විදුලියට ආදිවාසී නායකයා අකමැතිවිය "" )",fake,gTTS-si,synthetic_tts,clean
data/fake/sinhala\fake_sin_0516.wav,Sinhala,"( sin_3688_7294344227 "" මෙහි තිබෙන වඩාත්ම පෞරාණික වැදගත්කම වනුයේ දහයියා පිළිමයි "" )",fake,gTTS-si,synthetic_tts,clean
data/fake/sinhala\fake_sin_0517.wav,Sinhala,"( sin_5681_5494113822 "" එංගලන්තෙ රජ වෙන්න පුළුවන් ඇංග්ලිකන් අයට විතරයි "" )",fake,gTTS-si,synthetic_tts,clean
data/fake/sinhala\fake_sin_0518.wav,Sinhala,"( sin_2241_8833594116 "" ඉඩක් ලැබුණොත් මේ බෙහෙතත් පිටරටට විකුණා ගනීවි "" )",fake,gTTS-si,synthetic_tts,clean
data/fake/sinhala\fake_sin_0519.wav,Sinhala,"( sin_3531_9497535654 "" මෙසේ දක්නා විදසුන් නුවණම යහපත් දැකීම වෙයි "" )",fake,gTTS-si,synthetic_tts,clean
data/fake/sinhala\fake_sin_0520.wav,Sinhala,"( sin_2282_4358310193 "" මීටර් හයසිය තිස්හතරක් උසින් යුතුව ලෝකයේ උසම කුළුණ ජපානයේ ඉදිවෙමින් පවතී "" )",fake,gTTS-si,synthetic_tts,clean
data/fake/sinhala\fake_sin_0521.wav,Sinhala,"( sin_6897_9198119230 "" ගූගල් කියන්නෙ දැන් ඇල්ෆබට් කියන කොම්පැණියෙ කොටසක් "" )",fake,gTTS-si,synthetic_tts,clean
data/fake/sinhala\fake_sin_0522.wav,Sinhala,"( sin_9228_3173804369 "" මේකත් අර මං පොඩිත්ති නිදි කරවන්න කිව්ව එකක් "" )",fake,gTTS-si,synthetic_tts,clean
data/fake/sinhala\fake_sin_0523.wav,Sinhala,"( sin_5681_6848760411 "" ආදිවාසී නායකයා ගුවනින් ගිය විදේශ සංචාර ගණන දෙකකි "" )",fake,gTTS-si,synthetic_tts,clean
data/fake/sinhala\fake_sin_0524.wav,Sinhala,"( sin_2282_8643512444 "" සම්පත් බැංකුවේ ආරම්භක මුදල අවම නමුත් පවත්වාගැනීමේ වාර්ෂික මුදල ඉහළ නිසා මුල් ලාභය ඉන් නැතිවී යනවා "" )",fake,gTTS-si,synthetic_tts,clean
data/fake/sinhala\fake_sin_0525.wav,Sinhala,"( sin_6314_2871787566 "" මොහුගෙන් බුද්ධ චීවරයෙහි වටිනාකම රැක දෙනු මැනවි "" )",fake,gTTS-si,synthetic_tts,clean
data/fake/sinhala\fake_sin_0526.wav,Sinhala,"( sin_3531_5904174509 "" මුහුණ පපුව බඩ මෙන්ම පාද පිලිස්සී නොමැති බව වාර්තා වේ "" )",fake,gTTS-si,synthetic_tts,clean
data/fake/sinhala\fake_sin_0527.wav,Sinhala,"( sin_6314_6859628153 "" මීට අමතරව ආයුර්වේද ලිත් පන්දහසක්ද රටපුරා බෙදාහැරීමට නියමිතයි "" )",fake,gTTS-si,synthetic_tts,clean
data/fake/sinhala\fake_sin_0528.wav,Sinhala,"( sin_9228_1975618108 "" මේ විහාරය සිංගප්පූරුවේ දැනට ඇති විශාල ථෙරවාදී විහාරයයි "" )",fake,gTTS-si,synthetic_tts,clean
data/fake/sinhala\fake_sin_0529.wav,Sinhala,"( sin_2282_0404487808 "" මුහුදු රළ වේගයෙන් ගල් පරවල ගැටී සංසිඳී යයි "" )",fake,gTTS-si,synthetic_tts,clean
data/fake/sinhala\fake_sin_0530.wav,Sinhala,"( sin_6314_5814661875 "" හැබැයි මම වැදගත් පරණ ලිපි ඔක්කොමත් කියවනවා "" )",fake,gTTS-si,synthetic_tts,clean
data/fake/sinhala\fake_sin_0531.wav,Sinhala,"( sin_7183_0662909042 "" ඔබටම ඉදිරි ලිපියකින් හොඳන් පැහැදිලි කල හැකි බව මට තේරෙනව "" )",fake,gTTS-si,synthetic_tts,clean
data/fake/sinhala\fake_sin_0532.wav,Sinhala,"( sin_2282_6220755573 "" මෙසේ ඔවුහු ථේරවාදි සංඝ ගණයට පිළිගනු ලැබූහ "" )",fake,gTTS-si,synthetic_tts,clean
data/fake/sinhala\fake_sin_0533.wav,Sinhala,"( sin_3976_2939180659 "" මුන්ගෙ ඈස් පාට කොඩි වලින් වෑහිල තියෙන්නෙ "" )",fake,gTTS-si,synthetic_tts,clean
data/fake/sinhala\fake_sin_0534.wav,Sinhala,"( sin_3688_8190507112 "" එම කිඹුලන් දෙදෙනා වෙනත් පරිසරයකට මුදාහරිනු ලැබිණි "" )",fake,gTTS-si,synthetic_tts,clean
data/fake/sinhala\fake_sin_0535.wav,Sinhala,"( sin_9228_6415277187 "" මේක පියා අහිමි දරුවන්ට විරුද්ධ හිංසනාත්මක කියවීමක් "" )",fake,gTTS-si,synthetic_tts,clean
data/fake/sinhala\fake_sin_0536.wav,Sinhala,"( sin_4191_7979120429 "" මේ දන්තධාතු මන්දිරය මුළුමනින්ම නිමවා ඇත්තේ සත් රුවනිනි "" )",fake,gTTS-si,synthetic_tts,clean
data/fake/sinhala\fake_sin_0537.wav,Sinhala,"( sin_4191_3511933207 "" මෙම විහාරස්ථානය දුටුගැමුණු යුගය තෙක් ඉතිහාසය කරා දිවෙයි "" )",fake,gTTS-si,synthetic_tts,clean
data/fake/sinhala\fake_sin_0538.wav,Sinhala,"( sin_5681_2763038231 "" මෙම කඳු මුදුනින් ගංඟා කීපයක් ආරම්භ වී දකුණ හා බස්නාහිර පැති වලට ගලා බසී "" )",fake,gTTS-si,synthetic_tts,clean
data/fake/sinhala\fake_sin_0539.wav,Sinhala,"( sin_7183_6958092532 "" නත්තල් කාලෙදී අමුතු අතුරුදහන්වීම් කිහිපයක් සිද්ධ වෙනවා "" )",fake,gTTS-si,synthetic_tts,clean
data/fake/sinhala\fake_sin_0540.wav,Sinhala,"( sin_6314_5238976798 "" ඉස්සරවෙලා හාමුදුරුවන්ට ගරු කරන්න පුරුදු වෙයන් "" )",fake,gTTS-si,synthetic_tts,clean
data/fake/sinhala\fake_sin_0541.wav,Sinhala,"( sin_2241_6708103880 "" දකුණේ ඇතැම් කොටසකුත් දුක් විඳිමින් ඉන්නවා "" )",fake,gTTS-si,synthetic_tts,clean
data/fake/sinhala\fake_sin_0542.wav,Sinhala,"( sin_5681_7114614825 "" අවසානයේ ඒකට ස්කොට් මහත්තයත් සම්බන්ධ වෙනවා "" )",fake,gTTS-si,synthetic_tts,clean
data/fake/sinhala\fake_sin_0543.wav,Sinhala,"( sin_9228_3494673511 "" මෙම අලුත් අර්ථකථනයෙහි දේශපාලන මුවහත ඉතා තීරණාත්මක ය "" )",fake,gTTS-si,synthetic_tts,clean
data/fake/sinhala\fake_sin_0544.wav,Sinhala,"( sin_2282_8232889772 "" ඔක්කොම හින්දි තෙලිඟු ෆිල්ම්ස්නේ "" )",fake,gTTS-si,synthetic_tts,clean
data/fake/sinhala\fake_sin_0545.wav,Sinhala,"( sin_5681_5959986953 "" ඇගේ අලුත් තොරතුරු දැන ගන්න මෙවර අපි ඇය සොයා ගියා "" )",fake,gTTS-si,synthetic_tts,clean
data/fake/sinhala\fake_sin_0546.wav,Sinhala,"( sin_4499_5782661921 "" ලෝකයේ වාසනාවන්තම පුද්ගලයා රජතුමා බව ඇය සිතුවා ය "" )",fake,gTTS-si,synthetic_tts,clean
data/fake/sinhala\fake_sin_0547.wav,Sinhala,"( sin_7183_0829191936 "" මෙන්න මේ ගමන නම් ඇඟේ මයිල් කෙළින් වෙන ගමනක් බව කිව යුතුයි "" )",fake,gTTS-si,synthetic_tts,clean
data/fake/sinhala\fake_sin_0548.wav,Sinhala,"( sin_3531_2477991331 "" මෙම ධුරයට පත්වන හිමිනමට සිය ජීවිත කාලය පුරාවට තනතුරේ වැඩ වාසය කල හැක "" )",fake,gTTS-si,synthetic_tts,clean
data/fake/sinhala\fake_sin_0549.wav,Sinhala,"( sin_3531_2144077783 "" මේ එවන් ගැමියෙකුගේ මුවින් පිට වූ වදන් වැලකි "" )",fake,gTTS-si,synthetic_tts,clean
data/fake/sinhala\fake_sin_0550.wav,Sinhala,"( sin_3531_3150557727 "" මෙතැන දී මං හිතන්නෙ මූලික ව ම ජනතාව දැනුවත් කළ යුතුයි "" )",fake,gTTS-si,synthetic_tts,clean
data/fake/sinhala\fake_sin_0551.wav,Sinhala,"( sin_6314_5194487724 "" මොකද අපි කවුරුත් පරිපූර්ණ මිනිසුන් නෙමෙයි "" )",fake,gTTS-si,synthetic_tts,clean
data/fake/sinhala\fake_sin_0552.wav,Sinhala,"( sin_2241_0715400935 "" ඉන් අදහස් වන්නේ විචාරාත්මක විනිවිද දැකීමෙන් තොර බැල්මයි "" )",fake,gTTS-si,synthetic_tts,clean
data/fake/sinhala\fake_sin_0553.wav,Sinhala,"( sin_9228_1544142459 "" මෙම පළමු ගිලන්පස පූජාවට පැණි වර්ගත් පලතුරු යුෂ වර්ගත් ගැනේ "" )",fake,gTTS-si,synthetic_tts,clean
data/fake/sinhala\fake_sin_0554.wav,Sinhala,"( sin_6314_0319052980 "" මෙතැන් සිට කන්ද උඩරට අවුල් ජාලාවක් බවට පත්විය "" )",fake,gTTS-si,synthetic_tts,clean
data/fake/sinhala\fake_sin_0555.wav,Sinhala,"( sin_2241_1110951919 "" උසාවියකදී වුවත් කියන කාරණාවක් ඔප්පු කළ යුතුය "" )",fake,gTTS-si,synthetic_tts,clean
data/fake/sinhala\fake_sin_0556.wav,Sinhala,"( sin_3976_7833005294 "" මගේ සිතේ ඒ සඳහා කිසිදු දොම්නසක් හට ගත්තේ නැහැ "" )",fake,gTTS-si,synthetic_tts,clean
data/fake/sinhala\fake_sin_0557.wav,Sinhala,"( sin_3688_6247651376 "" මේ කාරණය අහපු සැවැත්නුවර වාසීන් පුදුමයට පත්වුනා "" )",fake,gTTS-si,synthetic_tts,clean
data/fake/sinhala\fake_sin_0558.wav,Sinhala,"( sin_9228_9676879401 "" ඇත්ත කිව්වොත් මේක ඔය කැසට් පටයකින් කළ නොහැකියි "" )",fake,gTTS-si,synthetic_tts,clean
data/fake/sinhala\fake_sin_0559.wav,Sinhala,"( sin_7183_7050606462 "" ඉරානයේ අගනුවර ටෙහෙරාන් වේ "" )",fake,gTTS-si,synthetic_tts,clean
data/fake/sinhala\fake_sin_0560.wav,Sinhala,"( sin_3531_9240173159 "" මෙම නව බස නිර්මාණය කිරීමේදී ඔහුට ඇති අභියෝගය සංකීර්ණ එකකි "" )",fake,gTTS-si,synthetic_tts,clean
data/fake/sinhala\fake_sin_0561.wav,Sinhala,"( sin_3688_6605848398 "" මේවා එක පැත්තකින් සාකච්ඡා විය යුතු දේවල් "" )",fake,gTTS-si,synthetic_tts,clean
data/fake/sinhala\fake_sin_0562.wav,Sinhala,"( sin_6314_7380604289 "" ස්වාමීනි සෙට දවසෙහි දී ධාතු නිධන් කරන්නෙමි "" )",fake,gTTS-si,synthetic_tts,clean
data/fake/sinhala\fake_sin_0563.wav,Sinhala,"( sin_4191_0169818551 "" ඉන් අනතුරුව ඔවුන් ඉදිරිපත් කරන්නේ අද්භූත තොරතුරුය "" )",fake,gTTS-si,synthetic_tts,clean
data/fake/sinhala\fake_sin_0564.wav,Sinhala,"( sin_2282_8104820467 "" මේ විහාර ඉතිහාසය අනුරාධපුර යුගයේ ආරම්භය තෙක් දිවයයි "" )",fake,gTTS-si,synthetic_tts,clean
data/fake/sinhala\fake_sin_0565.wav,Sinhala,"( sin_2282_9964014654 "" මේවාට බොහෝ විට බලය සපයන්නේ සුර්ය කෝෂ මඟින් "" )",fake,gTTS-si,synthetic_tts,clean
data/fake/sinhala\fake_sin_0566.wav,Sinhala,"( sin_9228_9856295112 "" ඒක තමයි තම්බපන්නි කියල නම වැටිලා තියෙන්නේ "" )",fake,gTTS-si,synthetic_tts,clean
data/fake/sinhala\fake_sin_0567.wav,Sinhala,"( sin_7183_8713876133 "" මෙලෙස රෝහලවල අපමණ දුක් විඳින සත්වයෝම බොහෝ වෙති "" )",fake,gTTS-si,synthetic_tts,clean
data/fake/sinhala\fake_sin_0568.wav,Sinhala,"( sin_4191_0205065623 "" දෙපාර්ශවයෙන්ම වෙන්න ඕනේ යුතුකම් ටිකක් තියෙනවා "" )",fake,gTTS-si,synthetic_tts,clean
data/fake/sinhala\fake_sin_0569.wav,Sinhala,"( sin_5681_7393692311 "" මුදල් දී බලපෑම කිරීම හා තර්ජන කිරීම් එනු ඇත "" )",fake,gTTS-si,synthetic_tts,clean
data/fake/sinhala\fake_sin_0570.wav,Sinhala,"( sin_7183_3705642506 "" බදුල්ල බණ්ඩාරවෙල සහ හපුතලේ ආදී සංචාරක පුරවරයන්ද ඌව පළාත සතු වේ "" )",fake,gTTS-si,synthetic_tts,clean
data/fake/sinhala\fake_sin_0571.wav,Sinhala,"( sin_4499_0169754617 "" හැබැයි කුකුල් කොටුව බාර දීලා තියෙන්නේ නටින්ට "" )",fake,gTTS-si,synthetic_tts,clean
data/fake/sinhala\fake_sin_0572.wav,Sinhala,"( sin_2282_5796582272 "" ශාන්ත ලුසියා නැගෙනහිර කැරබියන් මුහුදේ පිහිටි දූපත් රටකි "" )",fake,gTTS-si,synthetic_tts,clean
data/fake/sinhala\fake_sin_0573.wav,Sinhala,"( sin_3531_9610307082 "" අකමැත්තෙන් උණත් ඒ වචනෙ පාවිච්චි කරන්න වෙනවා "" )",fake,gTTS-si,synthetic_tts,clean
data/fake/sinhala\fake_sin_0574.wav,Sinhala,"( sin_4499_5649909465 "" හාල්මෙස්සෙක් වත් කන්න පුලුවන්ද මාර ගණන් නේ "" )",fake,gTTS-si,synthetic_tts,clean
data/fake/sinhala\fake_sin_0575.wav,Sinhala,"( sin_9228_0390930205 "" ඇය ගායනයට සුවිශේෂී හැකියාවක් ඇති ශිල්පිණියක වන බව ඔවුන් ඉඳුරාම පවසන දෙයකි "" )",fake,gTTS-si,synthetic_tts,clean
data/fake/sinhala\fake_sin_0576.wav,Sinhala,"( sin_3688_9041495812 "" අමරදේවලා මහගමසේකරලා ඉන්දියානු දේවල් භාවිතා කරන්න ඇති "" )",fake,gTTS-si,synthetic_tts,clean
data/fake/sinhala\fake_sin_0577.wav,Sinhala,"( sin_2241_9656525366 "" ආරක්ෂක අංශයට සම්බන්ධ ගොඩක් අය මේ හොරුන්ට අහුවෙනවා "" )",fake,gTTS-si,synthetic_tts,clean
data/fake/sinhala\fake_sin_0578.wav,Sinhala,"( sin_7183_0579095098 "" ඉන් එක් එන්ජිමක් පැහැදිලිව හඳුනාගත හැකිය "" )",fake,gTTS-si,synthetic_tts,clean
data/fake/sinhala\fake_sin_0579.wav,Sinhala,"( sin_4191_0126770633 "" මේවායෙන් ඉගනගත්ත නං දැං හිටං ප්ලෑන ගහත හැකි "" )",fake,gTTS-si,synthetic_tts,clean
data/fake/sinhala\fake_sin_0580.wav,Sinhala,"( sin_5681_8334733309 "" මෙය දුටු ජම්බුක ආජිවකයාගේ මාන්නය දුරුවුණා "" )",fake,gTTS-si,synthetic_tts,clean
data/fake/sinhala\fake_sin_0581.wav,Sinhala,"( sin_3688_1308003688 "" එහි දක්නට ලැබෙන විසිතුරු වූ සිතුවම් නිසාය "" )",fake,gTTS-si,synthetic_tts,clean
data/fake/sinhala\fake_sin_0582.wav,Sinhala,"( sin_6314_1748132699 "" සිංහයා මිනිසුන්ට පහරදෙන්නේ කලාතුරකිනි "" )",fake,gTTS-si,synthetic_tts,clean
data/fake/sinhala\fake_sin_0583.wav,Sinhala,"( sin_4191_2746776983 "" නමුත් අවසානයේ මාහට එය අවසානයක් කිරීමට නොහැකි විය "" )",fake,gTTS-si,synthetic_tts,clean
data/fake/sinhala\fake_sin_0584.wav,Sinhala,"( sin_2282_8427486285 "" පොළොන්නරුවේ ගල් විහාරයේ හිඳි පිළිමය මෙවැන්නකි "" )",fake,gTTS-si,synthetic_tts,clean
data/fake/sinhala\fake_sin_0585.wav,Sinhala,"( sin_5681_5235420010 "" එනම් එහි යම් සමාජ දේශපාලන තර්කනයක් ගැබ්ව පවති "" )",fake,gTTS-si,synthetic_tts,clean
data/fake/sinhala\fake_sin_0586.wav,Sinhala,"( sin_2282_0729525242 "" ජාතික ලොතරැයි මණ්ඩලයේ නීරෝගා ලොතරැයි අලෙවියෙන් ලද අදායමෙන් ජාතික වකුගඩු අරමුදලට රුපියල් කෝටියක මුදලක් "" )",fake,gTTS-si,synthetic_tts,clean
data/fake/sinhala\fake_sin_0587.wav,Sinhala,"( sin_5681_9149595247 "" මේකෙ කතාව පොතේ කතාවට වඩා හාත්පසින්ම වෙනස් "" )",fake,gTTS-si,synthetic_tts,clean
data/fake/sinhala\fake_sin_0588.wav,Sinhala,"( sin_4191_8191737363 "" ඉන්වැඩි පිරිසක් ජීවත්වන්නේ ආසියානු කලාපයේ "" )",fake,gTTS-si,synthetic_tts,clean
data/fake/sinhala\fake_sin_0589.wav,Sinhala,"( sin_4499_4512522063 "" සිකුරාදාද තවත් කතන්දරයක් බලාපොරොත්තු වන්න "" )",fake,gTTS-si,synthetic_tts,clean
data/fake/sinhala\fake_sin_0590.wav,Sinhala,"( sin_6897_9333472808 "" හැබැයි ඇත්තටම ඔහු එතනින් යන්නම යන්නෙ නැහැ "" )",fake,gTTS-si,synthetic_tts,clean
data/fake/sinhala\fake_sin_0591.wav,Sinhala,"( sin_5681_1829059880 "" ආනයනය කරන ඉන්ධනවල වියදමෙන් තුනෙන් එකක් වෙන්කරන්නේ විදුලිය නිපදවීමටයි "" )",fake,gTTS-si,synthetic_tts,clean
data/fake/sinhala\fake_sin_0592.wav,Sinhala,"( sin_2282_4825703159 "" එමෙන්ම ජපානයෙන් ද මෙම වර්ගයේ නිර්මාණ බිහිවිය "" )",fake,gTTS-si,synthetic_tts,clean
data/fake/sinhala\fake_sin_0593.wav,Sinhala,"( sin_6897_4672980455 "" දුම්බර අඩවියේ පමණක් ජීවත් වන ලංකාවට ආවේණික මිරිදිය කකුළු විශේෂ හතරක් ද වේ "" )",fake,gTTS-si,synthetic_tts,clean
data/fake/sinhala\fake_sin_0594.wav,Sinhala,"( sin_4499_7725344030 "" මොකද එයාව මගේ අම්ම තාත්තා තරමට විශ්වාස කළා ඒකයි "" )",fake,gTTS-si,synthetic_tts,clean
data/fake/sinhala\fake_sin_0595.wav,Sinhala,"( sin_2241_8861238822 "" ආසියානු නිෂ්පාදනවාදය පිළිබඳ මාක්ස්ගේ අදහසයි "" )",fake,gTTS-si,synthetic_tts,clean
data/fake/sinhala\fake_sin_0596.wav,Sinhala,"( sin_5681_2249162087 "" නිශ්ශංක විජයරත්න විවාහ වූයේ රඹුක්කන වලව්වේ නීටා දූල්ලෑව මෙනවිය සමඟ ය "" )",fake,gTTS-si,synthetic_tts,clean
data/fake/sinhala\fake_sin_0597.wav,Sinhala,"( sin_2241_4397240723 "" මිනිසා ලබාගෙන ඇති උතුම්ම දායාදයක් වන්නේ පරිසරයයි "" )",fake,gTTS-si,synthetic_tts,clean
data/fake/sinhala\fake_sin_0598.wav,Sinhala,"( sin_9228_7591364892 "" ආණ්ඩුවට උවමනාවක් තිබුනනම් හොඳට කරන්න තිබුනා "" )",fake,gTTS-si,synthetic_tts,clean
data/fake/sinhala\fake_sin_0599.wav,Sinhala,"( sin_3688_1623679904 "" ටියුනිස් අගනුවර පවා විරෝධතා උත්සන්න වන විට බෙන් අලි රටින් පලා ගියේ ය "" )",fake,gTTS-si,synthetic_tts,clean
data/fake/sinhala\fake_sin_0600.wav,Sinhala,"( sin_6897_7208387668 "" රජතුමා ඒකේ නිර්මාණ වටිනාකම දැක්ක එකත් නියමයි "" )",fake,gTTS-si,synthetic_tts,clean
data/fake/sinhala\fake_sin_0601.wav,Sinhala,"( sin_7183_6364063835 "" මේවා එකිනෙකට වෙන් කර හඳුනා ගැනීම දුෂ්කරය "" )",fake,gTTS-si,synthetic_tts,clean
data/fake/sinhala\fake_sin_0602.wav,Sinhala,"( sin_2282_9177027165 "" ඇත් රජා ආදර භක්තියෙන් යුතුව තවත් සිවුරට ළං වුනා "" )",fake,gTTS-si,synthetic_tts,clean
data/fake/sinhala\fake_sin_0603.wav,Sinhala,"( sin_9228_1628421309 "" මේකා ලංකා කිතුනුවන් සහ සිංහලයන් කොටවන කටු ලෙවකන්නෙක් "" )",fake,gTTS-si,synthetic_tts,clean
data/fake/sinhala\fake_sin_0604.wav,Sinhala,"( sin_6897_9544689759 "" රජතුමා එය වේළුවනාරාමය නමින් බුදුරජාණන් වහන්සේට පූජා කළා "" )",fake,gTTS-si,synthetic_tts,clean
data/fake/sinhala\fake_sin_0605.wav,Sinhala,"( sin_6314_7922251719 "" ලෝක සත්ත්වයා හට තමාගේ යයි කියා කිසිවක් නැහැ "" )",fake,gTTS-si,synthetic_tts,clean
data/fake/sinhala\fake_sin_0606.wav,Sinhala,"( sin_9228_3947084014 "" මෙය තමා විසින්ම නුවණින් විමසා බැලිය යුත්තකි "" )",fake,gTTS-si,synthetic_tts,clean
data/fake/sinhala\fake_sin_0607.wav,Sinhala,"( sin_7183_1886625053 "" අනෙක් එවැනි ම රටක් වනුයේ බොලීවියාවයි "" )",fake,gTTS-si,synthetic_tts,clean
data/fake/sinhala\fake_sin_0608.wav,Sinhala,"( sin_2241_7249602248 "" සැටලයිට් රිසීවර් එකකුත් හොයාගත්ත ඩිෂ් එකක් නෑ "" )",fake,gTTS-si,synthetic_tts,clean
data/fake/sinhala\fake_sin_0609.wav,Sinhala,"( sin_6897_6816981497 "" හැබැයි කොපමණ දුරකට සාර්ථක වෙයිද දන්නේ නෑ "" )",fake,gTTS-si,synthetic_tts,clean
data/fake/sinhala\fake_sin_0610.wav,Sinhala,"( sin_5681_9282809421 "" මේ විහාරස්ථානය සුවිශේෂ විහාරාංගයන්ගෙන් සමන්විත වේ "" )",fake,gTTS-si,synthetic_tts,clean
data/fake/sinhala\fake_sin_0611.wav,Sinhala,"( sin_2282_8147362808 "" ඇත්ත කතාව සිංහලයෝ කොහෙන්වත් මෙහි පැමිණ නැත "" )",fake,gTTS-si,synthetic_tts,clean
data/fake/sinhala\fake_sin_0612.wav,Sinhala,"( sin_3531_7352893636 "" මේකට සබ් කරපු එකට රොයිලිට සහ ගුරාට බොහොම ස්තුතියි "" )",fake,gTTS-si,synthetic_tts,clean
data/fake/sinhala\fake_sin_0613.wav,Sinhala,"( sin_3531_1304429987 "" ඔහු රැකියා සොයා ගියේ කුසගින්න දරා ගැනීමට බැරිවන විටදී පමණි "" )",fake,gTTS-si,synthetic_tts,clean
data/fake/sinhala\fake_sin_0614.wav,Sinhala,"( sin_2241_2274399168 "" ඊයේ අපි කිලිනොච්චියේ සිට පෙලෙයිවලට දුම්රිය රැගෙන ගියා "" )",fake,gTTS-si,synthetic_tts,clean
data/fake/sinhala\fake_sin_0615.wav,Sinhala,"( sin_7183_4297768223 "" එතැන කී දෙනෙක් හිටියාද කියලා කියන්න මට බැහැ "" )",fake,gTTS-si,synthetic_tts,clean
data/fake/sinhala\fake_sin_0616.wav,Sinhala,"( sin_4499_1605766632 "" ස්වභාවික ගලක් යොදාගෙන මහින්දාගමනයද නිමවා තිබේ "" )",fake,gTTS-si,synthetic_tts,clean
data/fake/sinhala\fake_sin_0617.wav,Sinhala,"( sin_7183_6753335981 "" මුඛය වටා වූ රැළි වලින් ගොළු බව නිරූපනය වේ "" )",fake,gTTS-si,synthetic_tts,clean
data/fake/sinhala\fake_sin_0618.wav,Sinhala,"( sin_3976_0535813044 "" මෙය පැවැත්වෙන්නේ විෂ්ණු දේවාල භූමියෙහි ය "" )",fake,gTTS-si,synthetic_tts,clean
data/fake/sinhala\fake_sin_0619.wav,Sinhala,"( sin_6314_9278982647 "" ලාංකික සමාජයේද මවුපියන්ට හිමි වන්නේ අද්විතීය ස්ථානයකි "" )",fake,gTTS-si,synthetic_tts,clean
data/fake/sinhala\fake_sin_0620.wav,Sinhala,"( sin_6897_4635590252 "" හැබැයි ආණ්ඩුවේ දාම් ඇදිල්ල තමයි මේකට මුල "" )",fake,gTTS-si,synthetic_tts,clean
data/fake/sinhala\fake_sin_0621.wav,Sinhala,"( sin_3531_7102684451 "" මෙය අසෝක රජුගේ ශිලාලිපි වලින් ද තහවුරු වේ "" )",fake,gTTS-si,synthetic_tts,clean
data/fake/sinhala\fake_sin_0622.wav,Sinhala,"( sin_3976_5945767569 "" මුලින් නැගල ගියත් ටික කාලෙකින් වැඩේ නැවතිලා ගියා "" )",fake,gTTS-si,synthetic_tts,clean
data/fake/sinhala\fake_sin_0623.wav,Sinhala,"( sin_6897_2467060992 "" මොකද මේ මනුස්සයත් එහෙම කෙනෙක් වෙන්න පුළුවන් හින්දා "" )",fake,gTTS-si,synthetic_tts,clean
data/fake/sinhala\fake_sin_0624.wav,Sinhala,"( sin_6897_4574670509 "" රහත් උතුමන් මේ කිසිම තැනක කම්පා වීමක් නෑ "" )",fake,gTTS-si,synthetic_tts,clean
data/fake/sinhala\fake_sin_0625.wav,Sinhala,"( sin_6314_8332514026 "" මොණරවිල නාමය කැප්පෙටිපොළ දිසාවගේ මව් පරපුරේ නාමයයි "" )",fake,gTTS-si,synthetic_tts,clean
data/fake/sinhala\fake_sin_0626.wav,Sinhala,"( sin_3531_4688851321 "" ඔන්චිල්ලා තොටිලි කොයින්දෝ දුකා හරිම අපූරුයි "" )",fake,gTTS-si,synthetic_tts,clean
data/fake/sinhala\fake_sin_0627.wav,Sinhala,"( sin_2241_0957633175 "" දෙහිඅත්තකන්ඩියේ දුෂ්කර පාසලක ශාලාවක් සෑදීම "" )",fake,gTTS-si,synthetic_tts,clean
data/fake/sinhala\fake_sin_0628.wav,Sinhala,"( sin_4191_1459066810 "" මේකවත් පරිස්සමින් පාවිච්චි කරනවනම් තමයි හොඳ "" )",fake,gTTS-si,synthetic_tts,clean
data/fake/sinhala\fake_sin_0629.wav,Sinhala,"( sin_6314_5051699655 "" මොකද ගල් අඟුරුවලින් විදුලි ඒකකයක් නිපදවන්න යන්නේ "" )",fake,gTTS-si,synthetic_tts,clean
data/fake/sinhala\fake_sin_0630.wav,Sinhala,"( sin_7183_4171763965 "" අනියම් මාර්ගවලින් මුදල් ලබාගත හැකි දවසකි "" )",fake,gTTS-si,synthetic_tts,clean
data/fake/sinhala\fake_sin_0631.wav,Sinhala,"( sin_4191_0775718660 "" මහජන හිතකාමියෙකු සේ සැළකෙන ඔහුගේ අදහසක් අනූව නවලෝක රෝහල ඉදි කරන ලදී "" )",fake,gTTS-si,synthetic_tts,clean
data/fake/sinhala\fake_sin_0632.wav,Sinhala,"( sin_6897_6782062522 "" වාසල සොහොයුරා මාව ගොඩක් උනන්දු කරා මේ වැඩේට "" )",fake,gTTS-si,synthetic_tts,clean
data/fake/sinhala\fake_sin_0633.wav,Sinhala,"( sin_9228_8742351466 "" මේක සම්මාන බොහොමයකට නිර්දේශ වෙලා තියෙනවා "" )",fake,gTTS-si,synthetic_tts,clean
data/fake/sinhala\fake_sin_0634.wav,Sinhala,"( sin_3688_7455360274 "" අපි පළවෙනි කොටස් දහය ගැන ඉතාම සැකවින් මතක් කරගම්මු "" )",fake,gTTS-si,synthetic_tts,clean
data/fake/sinhala\fake_sin_0635.wav,Sinhala,"( sin_2241_0701577369 "" ආර්ථික චින්තනය හා සාමාජීය දියුණුව ඇති කළ හැකිවනුයේ පුද්ගල ආර්ථික දියුණුව සලසා දීමෙන්ය "" )",fake,gTTS-si,synthetic_tts,clean
data/fake/sinhala\fake_sin_0636.wav,Sinhala,"( sin_6897_7024558615 "" මොකද මේ ලිපියෙන් ඒ පිළිබඳව දළ අදහසක් එනවා "" )",fake,gTTS-si,synthetic_tts,clean
data/fake/sinhala\fake_sin_0637.wav,Sinhala,"( sin_3688_8684102059 "" අකිලගේ අප්පච්චි හැරුණු කොට අනෙක් හැමෝම හිටියා "" )",fake,gTTS-si,synthetic_tts,clean
data/fake/sinhala\fake_sin_0638.wav,Sinhala,"( sin_3531_8030145669 "" යථාර්ථය විසින් කලාකරුවා මෙහෙයවා ගනු ලැබීම යි සිද්ධ වෙන්නෙ "" )",fake,gTTS-si,synthetic_tts,clean
data/fake/sinhala\fake_sin_0639.wav,Sinhala,"( sin_7183_5494912525 "" මෙතැනදී වෙනත් අතුරු තර්කයකුත් පැනනගිනවා නේද "" )",fake,gTTS-si,synthetic_tts,clean
data/fake/sinhala\fake_sin_0640.wav,Sinhala,"( sin_3688_6298695142 "" මේ කරුණුවලින් ඔබට මනාව වැටහෙන්නේ කුමක් ද "" )",fake,gTTS-si,synthetic_tts,clean
data/fake/sinhala\fake_sin_0641.wav,Sinhala,"( sin_7183_1063719177 "" මේ නිසා සමාජය දූෂණ භීෂණ ඝාතනවලින් පිරී පවතී "" )",fake,gTTS-si,synthetic_tts,clean
data/fake/sinhala\fake_sin_0642.wav,Sinhala,"( sin_5681_0579348221 "" ඛනිජ තෙල් සම්පත් සංවර්ධන ඇමැති දුමින්ද දිසානායක "" )",fake,gTTS-si,synthetic_tts,clean
data/fake/sinhala\fake_sin_0643.wav,Sinhala,"( sin_9228_7451519610 "" මුල් කාලෙ ලිව්ව පෝස්ට් නිසා ගොඩාක් අය පළවෙනි එක බලල නැතුව ඇති "" )",fake,gTTS-si,synthetic_tts,clean
data/fake/sinhala\fake_sin_0644.wav,Sinhala,"( sin_7183_8124689423 "" ගයාන්ට මීට කලිනුත් ඔයවගේ සම්බන්ධකම් තිබුණා "" )",fake,gTTS-si,synthetic_tts,clean
data/fake/sinhala\fake_sin_0645.wav,Sinhala,"( sin_4499_0114430080 "" සියලූ මාර්ග ජීප් වෑන් බස් රථ ධාවනයට සුදුසු තත්ත්වයෙන් පවතී "" )",fake,gTTS-si,synthetic_tts,clean
data/fake/sinhala\fake_sin_0646.wav,Sinhala,"( sin_7183_2309879494 "" මෙම පසු බිමෙහි ඉන්දියානු ආණ්ඩුව නිවාසක් ඉදි කිරීමට ඉදිරිපත් වීම ගැන අපි සතුට හා සැනසීමට පත් විමු "" )",fake,gTTS-si,synthetic_tts,clean
data/fake/sinhala\fake_sin_0647.wav,Sinhala,"( sin_4191_0309078700 "" ඇතුල්වන විටම ඇති සැප පුටුවක තරුණයන් දෙදෙනෙක් දුම් වැටියක් උරමින් සිටියේ ය "" )",fake,gTTS-si,synthetic_tts,clean
data/fake/sinhala\fake_sin_0648.wav,Sinhala,"( sin_7183_0541352655 "" මෙම ගම්බද පලාත ඔහුගේ පුහුණුව අනුව ගත්තහම වැඩක් කරන්නම නැති තැනක් "" )",fake,gTTS-si,synthetic_tts,clean
data/fake/sinhala\fake_sin_0649.wav,Sinhala,"( sin_3688_5629142851 "" රණවිරුවන් විසින් පාරක් තනා දී තිබීම සැබෑවකි "" )",fake,gTTS-si,synthetic_tts,clean
data/fake/sinhala\fake_sin_0650.wav,Sinhala,"( sin_6897_6687866056 "" යම් වෙලාවක අපේ බෝධිසත්වයන් වහන්සේ ලුම්බිණි උයනෙහි උපන්නද "" )",fake,gTTS-si,synthetic_tts,clean
data/fake/sinhala\fake_sin_0651.wav,Sinhala,"( sin_3976_9253577248 "" මෙතැන දී විශේෂයෙන් මතක් කලයුතු කාරණයක් ද ඇත "" )",fake,gTTS-si,synthetic_tts,clean
data/fake/sinhala\fake_sin_0652.wav,Sinhala,"( sin_3688_7750500436 "" මේවා සමාජයේ තියෙන කුහකකම් වලින් ඇතිකරන දුර්වලකම් "" )",fake,gTTS-si,synthetic_tts,clean
data/fake/sinhala\fake_sin_0653.wav,Sinhala,"( sin_3688_6926065923 "" මුලින්ම කැමරාව ඉස්සරහට යන වෙලාවේ නම් පොඩි තිගැස්මක් තිබුණා "" )",fake,gTTS-si,synthetic_tts,clean
data/fake/sinhala\fake_sin_0654.wav,Sinhala,"( sin_7183_5095819175 "" ඔයගොල්ලොත් ඩවුන්ලෝඩ් කරලම බලන්න කතාවේ මොකක්ද වෙන්නේ කියලා "" )",fake,gTTS-si,synthetic_tts,clean
data/fake/sinhala\fake_sin_0655.wav,Sinhala,"( sin_6314_4637059138 "" මොකද කාරිමික ශිල්පීන්ට අදාල දැණුම නැති නිසා "" )",fake,gTTS-si,synthetic_tts,clean
data/fake/sinhala\fake_sin_0656.wav,Sinhala,"( sin_3688_4486093953 "" මෙකී සිද්ධිය සිදු වන දිනය පරණ අවුරුද්ද ලෙස හැඳින්විණි "" )",fake,gTTS-si,synthetic_tts,clean
data/fake/sinhala\fake_sin_0657.wav,Sinhala,"( sin_2282_0259733284 "" මත්පැන් දුම්වැටි ගෙන්වා ගන්නා පියවරු සිටිති "" )",fake,gTTS-si,synthetic_tts,clean
data/fake/sinhala\fake_sin_0658.wav,Sinhala,"( sin_2241_4246299478 "" ආදායම සතුටුදායක මට්ටමක පවතින අතර ආගමික කටයුතු කෙරෙහි උනන්දුවක් දක්වන දවසකි "" )",fake,gTTS-si,synthetic_tts,clean
data/fake/sinhala\fake_sin_0659.wav,Sinhala,"( sin_2282_0941919114 "" රුසියානු ජනාධිපතිවරයා රැස්ව සිටි ජනකාය ඇමතීය "" )",fake,gTTS-si,synthetic_tts,clean
data/fake/sinhala\fake_sin_0660.wav,Sinhala,"( sin_5681_7620176346 "" මහා පොළොවට එහෙම උහුලන්න පුළුවන්කමක් නැහැ "" )",fake,gTTS-si,synthetic_tts,clean
data/fake/sinhala\fake_sin_0661.wav,Sinhala,"( sin_9228_4845872753 "" කෞතුකාගාර ආරක්ෂාකිරීම රජයේ වගකීමක් කිව්වා "" )",fake,gTTS-si,synthetic_tts,clean
data/fake/sinhala\fake_sin_0662.wav,Sinhala,"( sin_6897_4781111592 "" හැබැයි සියලූ දුප්පතුන් බොහිමියානුවෝ නොවෙති "" )",fake,gTTS-si,synthetic_tts,clean
data/fake/sinhala\fake_sin_0663.wav,Sinhala,"( sin_2241_9704365016 "" අදහස් දක්වන යාළුවො හැමෝටමත් බොහොම ස්තූතියි "" )",fake,gTTS-si,synthetic_tts,clean
data/fake/sinhala\fake_sin_0664.wav,Sinhala,"( sin_6314_9700806703 "" මොකද මැන්ඩෙලා මැරෙන්නෙ නැතුව ජීවත්ව ඉන්නවානේ "" )",fake,gTTS-si,synthetic_tts,clean
data/fake/sinhala\fake_sin_0665.wav,Sinhala,"( sin_9228_9470191283 "" මුළු තැනිතලාවම සිනා හඬින් සංගීතයෙන් පිරුණා "" )",fake,gTTS-si,synthetic_tts,clean
data/fake/sinhala\fake_sin_0666.wav,Sinhala,"( sin_3531_6434024151 "" එවකට එම පාසලේ ගුරු මඩුල්ල හය දෙනකුට සීමා විය "" )",fake,gTTS-si,synthetic_tts,clean
data/fake/sinhala\fake_sin_0667.wav,Sinhala,"( sin_7183_6589322578 "" ඇන්ජලෝ මැතිව්ස් තව දුරටත් ටෙස්ට් සහ එක්දින කණ්ඩායම්වල නායකයා ලෙස කටයුතු කරයි "" )",fake,gTTS-si,synthetic_tts,clean
data/fake/sinhala\fake_sin_0668.wav,Sinhala,"( sin_4191_7801880519 "" මේ මේ ධර්මයෝ ස්වර්ග මෝක්ෂ දෙකට හේතු වෙයි "" )",fake,gTTS-si,synthetic_tts,clean
data/fake/sinhala\fake_sin_0669.wav,Sinhala,"( sin_4499_7671384662 "" එක් දහස් නවසිය අසූ හතේ පෙබරවාරි හතර කවද්ද "" )",fake,gTTS-si,synthetic_tts,clean
data/fake/sinhala\fake_sin_0670.wav,Sinhala,"( sin_3531_1151251583 "" බෙර වාදනය ඉතා සියුම්ව හැදෑරිය යුතු කලාවකි "" )",fake,gTTS-si,synthetic_tts,clean
data/fake/sinhala\fake_sin_0671.wav,Sinhala,"( sin_4191_4735509282 "" ගනුදෙනුව ඉක්මනින් පහසුවෙන් හා ආරක්ෂාකාරීව සිදුකෙරුණා "" )",fake,gTTS-si,synthetic_tts,clean
data/fake/sinhala\fake_sin_0672.wav,Sinhala,"( sin_9228_5317132625 "" මීට වඩා සිත සියුම් කළ යුතුයි කියා සිතනවා "" )",fake,gTTS-si,synthetic_tts,clean
data/fake/sinhala\fake_sin_0673.wav,Sinhala,"( sin_3688_0127964130 "" මේ දුක යැයි හෙතෙම යථාභූත වශයෙන් අවබෝධ කරගනියි "" )",fake,gTTS-si,synthetic_tts,clean
data/fake/sinhala\fake_sin_0674.wav,Sinhala,"( sin_6897_5035538213 "" ලෝකය කෙරෙහි ඇලීමත් ගැටීමත් දෙකම තරහව ඇතිවීමෙහිලා බලපායි "" )",fake,gTTS-si,synthetic_tts,clean
data/fake/sinhala\fake_sin_0675.wav,Sinhala,"( sin_5681_8610813797 "" මෙය නූතන හඳපානාවිල්ලුවේ ඇති නටබුන් වූ වැවයි "" )",fake,gTTS-si,synthetic_tts,clean
data/fake/sinhala\fake_sin_0676.wav,Sinhala,"( sin_6314_1687488546 "" පාපයෙහි සහ කුසලයෙහි සිදුවන අමුතු පළඳිමක් ද නැත "" )",fake,gTTS-si,synthetic_tts,clean
data/fake/sinhala\fake_sin_0677.wav,Sinhala,"( sin_5681_5934084258 "" මෙකී සිද්ධීන් යුගලය හරහා අපූරු යමක් කියවා ගත හැකිය "" )",fake,gTTS-si,synthetic_tts,clean
data/fake/sinhala\fake_sin_0678.wav,Sinhala,"( sin_4191_2617746262 "" ඉන් අනතුරුව ඇත්තේ බෞද්ධයාගේ අත්පොත බඳු වූ ධම්මපදය යි "" )",fake,gTTS-si,synthetic_tts,clean
data/fake/sinhala\fake_sin_0679.wav,Sinhala,"( sin_2282_4427380654 "" බසය යම්කිසි වේගයකින් ගමන් කරන බව අපි දනිමු "" )",fake,gTTS-si,synthetic_tts,clean
data/fake/sinhala\fake_sin_0680.wav,Sinhala,"( sin_4191_1132318915 "" මුලදි මට එයා ගැන අමුතු ආකර්ෂණයක් තිබුණෙ නැහැ "" )",fake,gTTS-si,synthetic_tts,clean
data/fake/sinhala\fake_sin_0681.wav,Sinhala,"( sin_4499_6964954489 "" මොකද ඔහුට කැමති කිසිම නිලධාරියෙක් නැති නිසා "" )",fake,gTTS-si,synthetic_tts,clean
data/fake/sinhala\fake_sin_0682.wav,Sinhala,"( sin_4191_3032895838 "" ලබාගත හැකි ඉහළම මානසික තත්ත්වය වන්නේ ද මෙයයි "" )",fake,gTTS-si,synthetic_tts,clean
data/fake/sinhala\fake_sin_0683.wav,Sinhala,"( sin_5681_2636289797 "" යතුරුපැදිය මහත්තයාගේ යාළුවකුගෙන් ඉල්ලගෙන ආවේ "" )",fake,gTTS-si,synthetic_tts,clean
data/fake/sinhala\fake_sin_0684.wav,Sinhala,"( sin_6314_4790518142 "" හිතේ ඇඳුණු කරන්න කැමැති චරිතයක් තියෙනවද "" )",fake,gTTS-si,synthetic_tts,clean
data/fake/sinhala\fake_sin_0685.wav,Sinhala,"( sin_5681_0822826887 "" අග්නි ජාතියේ තේජෝ බලය අඩපණ වන එකම දවස ඒකයි "" )",fake,gTTS-si,synthetic_tts,clean
data/fake/sinhala\fake_sin_0686.wav,Sinhala,"( sin_9228_7176380356 "" මේ අකුසලය තුන් දොරින් කුමන ද්වාරයකට අයත්ද "" )",fake,gTTS-si,synthetic_tts,clean
data/fake/sinhala\fake_sin_0687.wav,Sinhala,"( sin_2241_1628739974 "" සරල සිංහලයෙන් ගත්තම පබාවතී යනු රන් තල් කඳකි "" )",fake,gTTS-si,synthetic_tts,clean
data/fake/sinhala\fake_sin_0688.wav,Sinhala,"( sin_6897_8662292740 "" මීට අමතරව තොරතුරු ඉහත දුරකථනයට කතා කිරීමෙන් ලබාගත හැකිය "" )",fake,gTTS-si,synthetic_tts,clean
data/fake/sinhala\fake_sin_0689.wav,Sinhala,"( sin_6897_7833675043 "" මහනුවර ඇසළ පෙරහැර සාර්ථක කැර ගැනීම උදෙසා රජයෙන් ලැබෙන්නේ මොනවගේ දායකත්වයක් ද "" )",fake,gTTS-si,synthetic_tts,clean
data/fake/sinhala\fake_sin_0690.wav,Sinhala,"( sin_4191_8868125608 "" මුල් කාලෙ නම් නින්ද ගිහිල්ලත් හිතිල තිබුන "" )",fake,gTTS-si,synthetic_tts,clean
data/fake/sinhala\fake_sin_0691.wav,Sinhala,"( sin_2241_7669456196 "" දඟලන්නේ නැතුව ඉඳපන් "" )",fake,gTTS-si,synthetic_tts,clean
data/fake/sinhala\fake_sin_0692.wav,Sinhala,"( sin_4191_4500918363 "" මොබයිල් කනෙක්ෂන් ගැන කියද්දි මෙහෙම දෙයක් මට වුනා "" )",fake,gTTS-si,synthetic_tts,clean
data/fake/sinhala\fake_sin_0693.wav,Sinhala,"( sin_7183_1487936395 "" මෙම පොහෝ දිනයෙහි සිදු වූ ආගමික සිදුවීම් රැසකි "" )",fake,gTTS-si,synthetic_tts,clean
data/fake/sinhala\fake_sin_0694.wav,Sinhala,"( sin_7183_8567461997 "" මිනිසුන්ට ජීවිත සැනසීමේ උදාර අත්දැකීම් ලැබිණ "" )",fake,gTTS-si,synthetic_tts,clean
data/fake/sinhala\fake_sin_0695.wav,Sinhala,"( sin_5681_8026184333 "" මෙච්චර කල් ලෝකේ හපන්කම් කළේ යුරෝපයයි ඇමෙරිකාවයි "" )",fake,gTTS-si,synthetic_tts,clean
data/fake/sinhala\fake_sin_0696.wav,Sinhala,"( sin_4499_0489636757 "" රූඩි මොහුට ඩොරියන් කියන සහයකයාව හඳුන්වලා දෙනවා "" )",fake,gTTS-si,synthetic_tts,clean
data/fake/sinhala\fake_sin_0697.wav,Sinhala,"( sin_3688_0452424024 "" ඉදිරියේදී විශ්ලේෂණ කටයුතු ආරම්භ කෙරෙනු ඇත "" )",fake,gTTS-si,synthetic_tts,clean
data/fake/sinhala\fake_sin_0698.wav,Sinhala,"( sin_4499_7187342925 "" යාපනයේ අයටත් එදා පුස්තකාල ගිනි තියපුවා අමතකයි "" )",fake,gTTS-si,synthetic_tts,clean
data/fake/sinhala\fake_sin_0699.wav,Sinhala,"( sin_7183_1915425126 "" ඔය සිද්ධිය වුණු අවස්ථාවේ මමත් එතැන හිටියා "" )",fake,gTTS-si,synthetic_tts,clean
data/fake/sinhala\fake_sin_0700.wav,Sinhala,"( sin_7183_3969914223 "" මුලින්ම ඒ ළමයා ගේ පරිඝණක දැනුම සොයා බැලිය යුතුයි "" )",fake,gTTS-si,synthetic_tts,clean
data/fake/sinhala\fake_sin_0701.wav,Sinhala,"( sin_5681_9778863723 "" ඇත්තෙන්ම හදවතට දැනෙන විදියට ගයන ගායකයෙක් තමා එයා "" )",fake,gTTS-si,synthetic_tts,clean
data/fake/sinhala\fake_sin_0702.wav,Sinhala,"( sin_2282_9999357802 "" මෙම නිදහස් අරගලයෙහි නායකයන් වූයේ විල්බාවේ සහ කැප්පෙටිපොල දිසාවේය "" )",fake,gTTS-si,synthetic_tts,clean
data/fake/sinhala\fake_sin_0703.wav,Sinhala,"( sin_2282_0021599733 "" මෙම නිවසට අප යන විටදී වසා දමා තිබූණු අතර නිවසේ කිසිවකු නොසිටියේය "" )",fake,gTTS-si,synthetic_tts,clean
data/fake/sinhala\fake_sin_0704.wav,Sinhala,"( sin_7183_7215489298 "" මෙතෙක් දිනක් රැකියා පිළිබඳව පැවති කරදර ඉවත් වෙයි "" )",fake,gTTS-si,synthetic_tts,clean
data/fake/sinhala\fake_sin_0705.wav,Sinhala,"( sin_4499_2091699786 "" මොකද ඔවුන්ට ඔවුන්වම එපාවන දිනයක් ලඟදීම එනු ඇත "" )",fake,gTTS-si,synthetic_tts,clean
data/fake/sinhala\fake_sin_0706.wav,Sinhala,"( sin_4499_7224132879 "" සහල්වල සුවඳ රැදී ඇත්තේ එම සහල් විශේෂයට ආවේණික පරිදිය "" )",fake,gTTS-si,synthetic_tts,clean
data/fake/sinhala\fake_sin_0707.wav,Sinhala,"( sin_5681_6439973303 "" එතනින් තමයි ඔවුන් මායාකාරියන්ව දඩයම් කරන්න පටන් ගන්නේ "" )",fake,gTTS-si,synthetic_tts,clean
data/fake/sinhala\fake_sin_0708.wav,Sinhala,"( sin_6314_0052553467 "" මේකෙත් අර වගේම ආදර අන්දරයකුත් යනවා යටින් "" )",fake,gTTS-si,synthetic_tts,clean
data/fake/sinhala\fake_sin_0709.wav,Sinhala,"( sin_6314_5167493334 "" මොනවා හරි වවනවා නම් වනජීවී එකෙන් සත්තු ගම් වදින එක නවතිනවා "" )",fake,gTTS-si,synthetic_tts,clean
data/fake/sinhala\fake_sin_0710.wav,Sinhala,"( sin_7183_3719044363 "" එක් වසරක අධික වැඩ කිරීමෙන්ද අසනීප තත්ත්වයෙන්ද අතිශයින් වෙහෙසට පත් වූ චෙකෝව් චාරිකාවක් සඳහා යුක්රේනය බලා පිටත් වුණේය "" )",fake,gTTS-si,synthetic_tts,clean
data/fake/sinhala\fake_sin_0711.wav,Sinhala,"( sin_3688_6057604289 "" මෙනිසා අකමැත්තෙන් වුව මෙම තිත්ත බෙහෙත ගත යුතුමය "" )",fake,gTTS-si,synthetic_tts,clean
data/fake/sinhala\fake_sin_0712.wav,Sinhala,"( sin_3976_9826191398 "" මෙම නීති විරෝධී හෝටලය ඉදිකර ඇත්තේ එම කලාපය තුළයි "" )",fake,gTTS-si,synthetic_tts,clean
data/fake/sinhala\fake_sin_0713.wav,Sinhala,"( sin_4191_6121428367 "" බෙල්ජියම හා නෙදර්ලන්ත දේශසීමාවේ අවන් හලකි "" )",fake,gTTS-si,synthetic_tts,clean
data/fake/sinhala\fake_sin_0714.wav,Sinhala,"( sin_2241_5939934305 "" එතනින් පස්සෙ ජෝන්ගෙ ජීවිතේ වෙනස්ම පැත්තකට පෙරලෙනවා "" )",fake,gTTS-si,synthetic_tts,clean
data/fake/sinhala\fake_sin_0715.wav,Sinhala,"( sin_5681_6890541075 "" සෆ්රයි මමයි ආ ගිය තැන් පවා මම තුෂාරිට පෙන්නුවා "" )",fake,gTTS-si,synthetic_tts,clean
data/fake/sinhala\fake_sin_0716.wav,Sinhala,"( sin_7183_9196750415 "" මේක මීට ඉස්සෙල්ලාත් මම සදහන් කරලා තියෙන දෙයක් "" )",fake,gTTS-si,synthetic_tts,clean
data/fake/sinhala\fake_sin_0717.wav,Sinhala,"( sin_4499_2570397926 "" මොකද ඔහුගේ සංගීතයේ නැහැ කිසිම ඉන්දියානු සංගීතයක් "" )",fake,gTTS-si,synthetic_tts,clean
data/fake/sinhala\fake_sin_0718.wav,Sinhala,"( sin_2282_0783035037 "" කින්නියා පන්කුලම පසුකර මෙම උණුදිය උල්පත් වෙත පිවිසිය හැකි වේ "" )",fake,gTTS-si,synthetic_tts,clean
data/fake/sinhala\fake_sin_0719.wav,Sinhala,"( sin_7183_7428272771 "" මේ ලෝකයෙහි සමහර කෙනෙක් මුසාවාදයෙන් වැළකී සිටියි "" )",fake,gTTS-si,synthetic_tts,clean
data/fake/sinhala\fake_sin_0720.wav,Sinhala,"( sin_7183_8033419364 "" මෙච්චර කාලයක් හිටියේ සත් ගුණවත් උපාසකයෙක් වගේ "" )",fake,gTTS-si,synthetic_tts,clean
data/fake/sinhala\fake_sin_0721.wav,Sinhala,"( sin_4499_3200468726 "" රැකීරක්ෂා සම්බන්ධයෙන් ශුභවාදී තත්ත්වයක් පෙන්නුම් කරයි "" )",fake,gTTS-si,synthetic_tts,clean
data/fake/sinhala\fake_sin_0722.wav,Sinhala,"( sin_6897_4499807127 "" යම් කෙනෙක් ජීවිතය පිළිබඳව කලකිරිලා දිවිනසා ගන්නවා "" )",fake,gTTS-si,synthetic_tts,clean
data/fake/sinhala\fake_sin_0723.wav,Sinhala,"( sin_3531_9496088416 "" මුලදී රිය එක තැනම තිබුණේ හෙළවෙන්නේ වත් නැතුවයි "" )",fake,gTTS-si,synthetic_tts,clean
data/fake/sinhala\fake_sin_0724.wav,Sinhala,"( sin_3531_1784797598 "" ඇගේ එකම ආශාව වූයේ ලින්කන් ධවල මන්දිරයට තේරී පත්වීමයි "" )",fake,gTTS-si,synthetic_tts,clean
data/fake/sinhala\fake_sin_0725.wav,Sinhala,"( sin_4191_4937857846 "" අයියා කෙනෙකුයි නංගි කෙනෙකුයි හිමේ ගිහිං තියනවා "" )",fake,gTTS-si,synthetic_tts,clean
data/fake/sinhala\fake_sin_0726.wav,Sinhala,"( sin_9228_2531958795 "" ඉතිං ඕවා ඔක්කම කියවලා ඉවරවෙනකොට එදා දවස ඉවරයි "" )",fake,gTTS-si,synthetic_tts,clean
data/fake/sinhala\fake_sin_0727.wav,Sinhala,"( sin_9228_0814190113 "" මෙතුමා හොල්මන් විශ්වාස කරන්නේ නැහැ කියලා කියාපු හන්දා තවත් දෙයක් කියලා යන්න ඕනෑ "" )",fake,gTTS-si,synthetic_tts,clean
data/fake/sinhala\fake_sin_0728.wav,Sinhala,"( sin_9228_5288236689 "" නමුත් එය අපහාසාත්මක බව ඉක්මනින්ම මට තේරුණා "" )",fake,gTTS-si,synthetic_tts,clean
data/fake/sinhala\fake_sin_0729.wav,Sinhala,"( sin_2241_3002527648 "" මේ ශාසන සද්ධර්මය අවුරුදු දහසක් පවතින්නේ ය "" )",fake,gTTS-si,synthetic_tts,clean
data/fake/sinhala\fake_sin_0730.wav,Sinhala,"( sin_5681_2609449475 "" මානසික අසහනය නිසා දුක්විඳින්නන් සමාජයේ බහුලය "" )",fake,gTTS-si,synthetic_tts,clean
data/fake/sinhala\fake_sin_0731.wav,Sinhala,"( sin_2282_3237323749 "" අපාචී යනු ඇමෙරිකාවේ නිපදවන හෙලිකොප්ටර් වර්ගයෙකි "" )",fake,gTTS-si,synthetic_tts,clean
data/fake/sinhala\fake_sin_0732.wav,Sinhala,"( sin_6314_1184517183 "" රජ පවුලට එක් වූ මේ අලුත් සිඟිත්තාට කවුරුත් ආදරය කළා "" )",fake,gTTS-si,synthetic_tts,clean
data/fake/sinhala\fake_sin_0733.wav,Sinhala,"( sin_6314_3571270656 "" යම් පිරිසක් වෙත එළැඹේ නම් විශාරදව එළඹෙති "" )",fake,gTTS-si,synthetic_tts,clean
data/fake/sinhala\fake_sin_0734.wav,Sinhala,"( sin_7183_2504124849 "" මේක දන්නේ මයියොක්කා ගහක් ගලවපු කෙනෙක් තමයි "" )",fake,gTTS-si,synthetic_tts,clean
data/fake/sinhala\fake_sin_0735.wav,Sinhala,"( sin_4191_0747146586 "" මුහුදුරළ ඝෝෂාවක් වගේ ඒ ශෝකී ස්වරය දෝංකාර දුන්නා "" )",fake,gTTS-si,synthetic_tts,clean
data/fake/sinhala\fake_sin_0736.wav,Sinhala,"( sin_6897_5773984354 "" රටේ මිනිසුන්ට ආණ්ඩුවත් සමග ගැටලුවක් තියෙනවා තමයි "" )",fake,gTTS-si,synthetic_tts,clean
data/fake/sinhala\fake_sin_0737.wav,Sinhala,"( sin_6314_3867484031 "" යක්ෂ කුම්භාණ්ඩ ආදීන් අප දෙවියන් කියා හෝ නොසලකමු "" )",fake,gTTS-si,synthetic_tts,clean
data/fake/sinhala\fake_sin_0738.wav,Sinhala,"( sin_6897_0357780168 "" මොකද අපේ දේවල් අපි නොදන්න එකකට දෙන්න වෙන එක "" )",fake,gTTS-si,synthetic_tts,clean
data/fake/sinhala\fake_sin_0739.wav,Sinhala,"( sin_2241_6288088681 "" ඇත් ගොව්වන්ටද සරමක් කමිසයක් ඇතුළු තමන්ට වුවමනා කළමනා තෑගි ලෙස ලැබෙයි "" )",fake,gTTS-si,synthetic_tts,clean
data/fake/sinhala\fake_sin_0740.wav,Sinhala,"( sin_2241_9685884087 "" බොහෝ දෙනෙක් සුදු ඇඳුම මෙබඳු අවස්ථාවල දී භාවිතයට ගනිති "" )",fake,gTTS-si,synthetic_tts,clean
data/fake/sinhala\fake_sin_0741.wav,Sinhala,"( sin_4191_9083362090 "" මේ ලෝකයේ දෙවිවරු මිනිස්සු හැමෝම සැපයට කැමතියි "" )",fake,gTTS-si,synthetic_tts,clean
data/fake/sinhala\fake_sin_0742.wav,Sinhala,"( sin_2241_5961160525 "" මේවා කෙසේ නම් ඓතිහාසික භෞතිකවාදයත් සමඟ පැන නැඟෙන්නේ ද "" )",fake,gTTS-si,synthetic_tts,clean
data/fake/sinhala\fake_sin_0743.wav,Sinhala,"( sin_6314_9104264395 "" බොරු මහජන පැමිණිලිවලින් නිදහස් වීමට හැකි වීම "" )",fake,gTTS-si,synthetic_tts,clean
data/fake/sinhala\fake_sin_0744.wav,Sinhala,"( sin_2241_1158002967 "" මම අදහස් කරන්නේ මේ කණ්ඩායම් නැවත මතුවෙනවා කියන එකම නෙමෙයි "" )",fake,gTTS-si,synthetic_tts,clean
data/fake/sinhala\fake_sin_0745.wav,Sinhala,"( sin_2282_5119011309 "" මෙහි රන් රිදියෙන් කරන ගනුදෙනුවක් නැත්තේ ය "" )",fake,gTTS-si,synthetic_tts,clean
data/fake/sinhala\fake_sin_0746.wav,Sinhala,"( sin_3531_8123711214 "" මෙය අරහන්ත පරමාර්ථය ලෙස හැඳින්විය හැකි ය "" )",fake,gTTS-si,synthetic_tts,clean
data/fake/sinhala\fake_sin_0747.wav,Sinhala,"( sin_7183_4905897274 "" අගෝස්තු වල පුච්චපු හේන වපුරන්නේ මොන කාලයේද "" )",fake,gTTS-si,synthetic_tts,clean
data/fake/sinhala\fake_sin_0748.wav,Sinhala,"( sin_3688_2397230679 "" ආසියාවේ මෙවැනි ගිටාරයක් හිමි එකම වාදන ශිල්පියා මමයි "" )",fake,gTTS-si,synthetic_tts,clean
data/fake/sinhala\fake_sin_0749.wav,Sinhala,"( sin_4499_9261229715 "" සල්ලි නැති කෙනෙකුට උනත් ඉගෙනගන්න පුලුවන්නෙ "" )",fake,gTTS-si,synthetic_tts,clean
data/fake/sinhala\fake_sin_0750.wav,Sinhala,"( sin_6314_2224084573 "" මොකාද කකා ඒ ගමන ආපු කඩාකප්පල්කාරී හෙනහුරා "" )",fake,gTTS-si,synthetic_tts,clean
data/fake/sinhala\fake_sin_0751.wav,Sinhala,"( sin_9228_8494777836 "" එනමුදු විනෝදාස්වාදයට වැඩිපුර වියදම් කිරීමෙන් වළකින්න "" )",fake,gTTS-si,synthetic_tts,clean
data/fake/sinhala\fake_sin_0752.wav,Sinhala,"( sin_5681_8052377644 "" ධනයද බලයද ඒ සඳහා ඕනෑවටත් වඩා අවකාශ තනවා ඇත "" )",fake,gTTS-si,synthetic_tts,clean
data/fake/sinhala\fake_sin_0753.wav,Sinhala,"( sin_6897_6685755342 "" මම ෆිල්ම් එක බැලුවේ කොල්ලුපිටියේ ලිබර්ටි සිනමා ශාලාවෙදි තමයි "" )",fake,gTTS-si,synthetic_tts,clean
data/fake/sinhala\fake_sin_0754.wav,Sinhala,"( sin_4499_0793705773 "" මීට අමතරව රුහුණු සංචාරක කාර්යංශය මගින් සංවිධානය කළ රුහුණුපුර "" )",fake,gTTS-si,synthetic_tts,clean
data/fake/sinhala\fake_sin_0755.wav,Sinhala,"( sin_7183_0819117180 "" බුද්ධිමතෙක් කියල හඳුන්වන මැට්ටෝ තවමත් ඉන්නවා "" )",fake,gTTS-si,synthetic_tts,clean
data/fake/sinhala\fake_sin_0756.wav,Sinhala,"( sin_5681_6384042473 "" මේ පවුලෙ සාමාඡිකයින් එකිනෙකා අභිරහස් විදියට මරා දමනව "" )",fake,gTTS-si,synthetic_tts,clean
data/fake/sinhala\fake_sin_0757.wav,Sinhala,"( sin_3531_6614296513 "" මෙනිසා දෙමාපියන් දරුවාට මෙලොව පෙන්වාදෙන අය වශයෙන් සැලකෙයි "" )",fake,gTTS-si,synthetic_tts,clean
data/fake/sinhala\fake_sin_0758.wav,Sinhala,"( sin_2282_9767603851 "" බල්ලන් හත් අට දෙනෙකුගේ රංචුවක්ද දැකගත හැකිවිය "" )",fake,gTTS-si,synthetic_tts,clean
data/fake/sinhala\fake_sin_0759.wav,Sinhala,"( sin_6314_2147084161 "" රහසින්වත් පව් නොකළ හෙයින්ද අරහං නම් වන සේක "" )",fake,gTTS-si,synthetic_tts,clean
data/fake/sinhala\fake_sin_0760.wav,Sinhala,"( sin_5681_4434524948 "" ගමට අරක්කු ඇතුළු දුරාචාර හඳුන්වා දෙන්නේ ඔහුයි "" )",fake,gTTS-si,synthetic_tts,clean
data/fake/sinhala\fake_sin_0761.wav,Sinhala,"( sin_4191_6385716966 "" මෙතැන මරණ දැන්වීම් දාන එක ගැන නෙවෙයි කතාව "" )",fake,gTTS-si,synthetic_tts,clean
data/fake/sinhala\fake_sin_0762.wav,Sinhala,"( sin_5681_0286367855 "" මෙම ස්ථානය ගිරිහඬු නැමැති ස්ථානයක් බව පූජාවලියේ පැවසේ "" )",fake,gTTS-si,synthetic_tts,clean
data/fake/sinhala\fake_sin_0763.wav,Sinhala,"( sin_9228_2014790642 "" ඔය ෆිල්ම් එකත් කොහොමහරි හොරාට රිලීස් වෙයි "" )",fake,gTTS-si,synthetic_tts,clean
data/fake/sinhala\fake_sin_0764.wav,Sinhala,"( sin_6314_4767165086 "" පෙරහැර සංවිධානය කිරීමේ දී දියවඩන නිලමේ වෙත පැවරෙන්නේ කිනම් කාර්යභාරයක්ද "" )",fake,gTTS-si,synthetic_tts,clean
data/fake/sinhala\fake_sin_0765.wav,Sinhala,"( sin_9228_9921254975 "" මෙදා සැරේ සාකච්ඡාවක් විදියට නෙවෙයි නේද පල කරල තියෙන්නෙ "" )",fake,gTTS-si,synthetic_tts,clean
data/fake/sinhala\fake_sin_0766.wav,Sinhala,"( sin_2241_2929631181 "" ඉන් පසුව උතුරේ මැතිවරණය පැවැත්වීම ගැටළුවක් නෙවෙයි "" )",fake,gTTS-si,synthetic_tts,clean
data/fake/sinhala\fake_sin_0767.wav,Sinhala,"( sin_2241_6173212296 "" තවද කොටා පාර සහ බෞද්ධාලෝක මාවත යන මාර්ගයන්හි වාහන තදබදයක් නොමැති බව පොලිසිය කියා සිටියි "" )",fake,gTTS-si,synthetic_tts,clean
data/fake/sinhala\fake_sin_0768.wav,Sinhala,"( sin_7183_1604796429 "" මේකේ තියෙන තහනම් කලාපයට කාටවත් යන්න බැහැ "" )",fake,gTTS-si,synthetic_tts,clean
data/fake/sinhala\fake_sin_0769.wav,Sinhala,"( sin_3531_3846552453 "" ඉන්පසුව හික්කඩුවට ගොස් ඇත්තේ මීට දින ගණනකට පෙරය "" )",fake,gTTS-si,synthetic_tts,clean
data/fake/sinhala\fake_sin_0770.wav,Sinhala,"( sin_4191_8951650920 "" ගස උඩ රතු පැහැති බෝලය නිවි නිවී පත්තු වෙයි "" )",fake,gTTS-si,synthetic_tts,clean
data/fake/sinhala\fake_sin_0771.wav,Sinhala,"( sin_6314_1300444170 "" යටි රැවුල සම්පුර්ණයෙන්ම ගැලවිලා විසිවුණා නේද "" )",fake,gTTS-si,synthetic_tts,clean
data/fake/sinhala\fake_sin_0772.wav,Sinhala,"( sin_3688_8656455359 "" මුදල් ගනුදෙනුවලදී කල්පනාකාරි විය යුතු වසර "" )",fake,gTTS-si,synthetic_tts,clean
data/fake/sinhala\fake_sin_0773.wav,Sinhala,"( sin_9228_1393061918 "" නාගරික සංවර්ධන අධිකාරිය ගාලුමුවදොරපිටිය පෞද්ගලික සමාගමකට බදුදීමට කටයුතු සූදානම් කරන ලදී "" )",fake,gTTS-si,synthetic_tts,clean
data/fake/sinhala\fake_sin_0774.wav,Sinhala,"( sin_5681_4189345734 "" මට අමතක වුණා මේ තියෙන්නේ එයා ගැන මං ඉස්සර ලියපු ලිපියක "" )",fake,gTTS-si,synthetic_tts,clean
data/fake/sinhala\fake_sin_0775.wav,Sinhala,"( sin_6897_7056451547 "" ලොරියා අරරාජ් ආලාර කාලාම තවුසාගේ ආරාමයයි "" )",fake,gTTS-si,synthetic_tts,clean
data/fake/sinhala\fake_sin_0776.wav,Sinhala,"( sin_9228_6889136728 "" ඉතාලියානු අර්ධද්වීපය තුළ ඉන් වට වී පිහිටා තිබේ "" )",fake,gTTS-si,synthetic_tts,clean
data/fake/sinhala\fake_sin_0777.wav,Sinhala,"( sin_4499_0738942917 "" ස්තුති මේ දේවල් අපිට මේ ආකාරයට ලබා දෙනවට "" )",fake,gTTS-si,synthetic_tts,clean
data/fake/sinhala\fake_sin_0778.wav,Sinhala,"( sin_3531_1334120610 "" ආතර් කොනන් ඩොයිල් උපත ලැබුවේ ස්කොට්ලන්තයේ එඩින්බර්ග් හිදීය "" )",fake,gTTS-si,synthetic_tts,clean
data/fake/sinhala\fake_sin_0779.wav,Sinhala,"( sin_4499_4574402939 "" මොහු පිළිබඳව නෙත් මගින් හෙළිදරව් කල හැටි පහතින් දැක්වේ "" )",fake,gTTS-si,synthetic_tts,clean
data/fake/sinhala\fake_sin_0780.wav,Sinhala,"( sin_4191_0427110526 "" මෙය අප අදහන ආගම දහම පිලිබද ගැටලුවක් නොවේ "" )",fake,gTTS-si,synthetic_tts,clean
data/fake/sinhala\fake_sin_0781.wav,Sinhala,"( sin_3531_0795544600 "" මේක ලස්සන වගේම ගොඩක් දුක හිතෙන කතාවක් අයියා "" )",fake,gTTS-si,synthetic_tts,clean
data/fake/sinhala\fake_sin_0782.wav,Sinhala,"( sin_9228_3901595513 "" ඇගේ එකම අරමුණ වෙන්නෙත් තමන් කරන කටයුත්ත තුළ පරිපූර්ණත්වයට පත් වෙන්නයි "" )",fake,gTTS-si,synthetic_tts,clean
data/fake/sinhala\fake_sin_0783.wav,Sinhala,"( sin_3688_0550023064 "" මෙතැනදී හැමෝටම කිව්වා උපන් ගමේ ඔරු පැදපු අතීතය "" )",fake,gTTS-si,synthetic_tts,clean
data/fake/sinhala\fake_sin_0784.wav,Sinhala,"( sin_6897_7708203456 "" යන්නත් කුසලට මැලි නොවිය යුතු බවත් එහි දැක්වෙනවා "" )",fake,gTTS-si,synthetic_tts,clean
data/fake/sinhala\fake_sin_0785.wav,Sinhala,"( sin_3688_1065190155 "" මෙයින් රජතුමා අහසින් වැඩි බව දැන ගත්තේ ය "" )",fake,gTTS-si,synthetic_tts,clean
data/fake/sinhala\fake_sin_0786.wav,Sinhala,"( sin_5681_6844018980 "" මෙම සමීක්ෂණය ඇමරිකානු සමාජය පදනම් කරගනිමින් කෙරුනු සමීක්ෂණයකි "" )",fake,gTTS-si,synthetic_tts,clean
data/fake/sinhala\fake_sin_0787.wav,Sinhala,"( sin_9228_4214967642 "" පන්සල් පාරෙනුත් පාරට යාබද දොල පාරකින් දෙකට බෙදී තිබේ "" )",fake,gTTS-si,synthetic_tts,clean
data/fake/sinhala\fake_sin_0788.wav,Sinhala,"( sin_3688_9584890759 "" මේකෙන් දරුවන්ට රැකවරණය අඩුවෙලා තිබෙන්නෙ "" )",fake,gTTS-si,synthetic_tts,clean
data/fake/sinhala\fake_sin_0789.wav,Sinhala,"( sin_4499_4851077487 "" යසෝදරා දේවියන්ගේ වැඩිමහල් සහෝදරයා වුනේ දේවදත්ත "" )",fake,gTTS-si,synthetic_tts,clean
data/fake/sinhala\fake_sin_0790.wav,Sinhala,"( sin_4191_5673910593 "" මොන රේටිං ද විල් ස්මිත් ඉන්නවනම් එච්චරයි "" )",fake,gTTS-si,synthetic_tts,clean
data/fake/sinhala\fake_sin_0791.wav,Sinhala,"( sin_6314_7698665623 "" ඉස්සර කිඹුල කියලා උදළු වගයක් තිබ්බා නම් මතකයි "" )",fake,gTTS-si,synthetic_tts,clean
data/fake/sinhala\fake_sin_0792.wav,Sinhala,"( sin_2241_9030374175 "" මීමුරේ තව දුරටත් ආරක්ෂිත තැනක් නොවෙයි "" )",fake,gTTS-si,synthetic_tts,clean
data/fake/sinhala\fake_sin_0793.wav,Sinhala,"( sin_4499_2591708145 "" රබර් කිරි එක මහ විසාල බැලුමක් වගේ පිම්බෙන්ට පටන් ගත්තා "" )",fake,gTTS-si,synthetic_tts,clean
data/fake/sinhala\fake_sin_0794.wav,Sinhala,"( sin_2241_5577248646 "" තායිලන්තයේ විශාලතම නගරය වන්නේ බැංකොක්ය "" )",fake,gTTS-si,synthetic_tts,clean
data/fake/sinhala\fake_sin_0795.wav,Sinhala,"( sin_2282_2381226010 "" මුහමාලේ බංකර් වලට මූලිකවම දැම්මෙ යාපනේ අය "" )",fake,gTTS-si,synthetic_tts,clean
data/fake/sinhala\fake_sin_0796.wav,Sinhala,"( sin_5681_9073636069 "" මෙම කුණාටුව මීටර් හතක් දක්වා උස්ව නැඟී තිබුණි "" )",fake,gTTS-si,synthetic_tts,clean
data/fake/sinhala\fake_sin_0797.wav,Sinhala,"( sin_4191_3139393731 "" මුල් අවස්ථාවේදී වැඩි කලබලයක් නොමැතිව නීති සම්මත කර ගන්නවා "" )",fake,gTTS-si,synthetic_tts,clean
data/fake/sinhala\fake_sin_0798.wav,Sinhala,"( sin_9228_4963895869 "" එතැන් පටන් එය මට පරිහරණය කරන්නට සිතෙන්නේ නැහැ "" )",fake,gTTS-si,synthetic_tts,clean
data/fake/sinhala\fake_sin_0799.wav,Sinhala,"( sin_2241_0817100025 "" අප යුද්ධයේ පළමු පියවරේදීම පරාද වී අවසානය "" )",fake,gTTS-si,synthetic_tts,clean
data/fake/sinhala\fake_sin_0800.wav,Sinhala,"( sin_6897_6958731775 "" රැකියා කටයුතු පිළිබඳ ඉදිරි ගමනක් පෙන්නුම් කරයි "" )",fake,gTTS-si,synthetic_tts,clean
data/fake/sinhala\fake_sin_0801.wav,Sinhala,"( sin_3688_8382914210 "" මෙම සත්ත්වයා යුරෝපීය රටවල සුරතලයට ඇතිකරන සතෙකි "" )",fake,gTTS-si,synthetic_tts,clean
data/fake/sinhala\fake_sin_0802.wav,Sinhala,"( sin_3688_5112564604 "" ඉන්නෙත් මෙල්බන් ටවුමේ ඉඳන් ගොඩක් ඈත ගමකලුනේ "" )",fake,gTTS-si,synthetic_tts,clean
data/fake/sinhala\fake_sin_0803.wav,Sinhala,"( sin_4191_0174096250 "" මෙම දියකඩනය ඉදිකිරීමට පළමුවරට වැලි භාවිතා කළේය "" )",fake,gTTS-si,synthetic_tts,clean
data/fake/sinhala\fake_sin_0804.wav,Sinhala,"( sin_4499_8955203282 "" හැබැයි සමන් මහත්තයාව නම් දැකල තියෙනවා හොඳට "" )",fake,gTTS-si,synthetic_tts,clean
data/fake/sinhala\fake_sin_0805.wav,Sinhala,"( sin_3688_0347415167 "" මෙම අකුසල් සියලු පව් යනුවෙන් සඳහන් කළ හැකිය "" )",fake,gTTS-si,synthetic_tts,clean
data/fake/sinhala\fake_sin_0806.wav,Sinhala,"( sin_5681_3864108836 "" මෙම පනත ගැනවත් කිසිම දෙයක් කරන එකක් නැහැ "" )",fake,gTTS-si,synthetic_tts,clean
data/fake/sinhala\fake_sin_0807.wav,Sinhala,"( sin_6314_1703704458 "" රටේ තත්ත්වය කලාවට යහපත් කියලා ඔබට හිතෙනවද "" )",fake,gTTS-si,synthetic_tts,clean
data/fake/sinhala\fake_sin_0808.wav,Sinhala,"( sin_7183_3615086775 "" ධනවත්ම පවුලක දරැවකුට ඇර එය කරන්නට හැකියාවක් නැහැ "" )",fake,gTTS-si,synthetic_tts,clean
data/fake/sinhala\fake_sin_0809.wav,Sinhala,"( sin_5681_2575118167 "" ලෝකයේ ඕනෑම ස්ථානයකට ගොස් සටන් කළ හැකි ශක්තියක් තිබෙනවා "" )",fake,gTTS-si,synthetic_tts,clean
data/fake/sinhala\fake_sin_0810.wav,Sinhala,"( sin_6897_2252592779 "" මොනතරම් ගැඹුරු අවබෝධයක් මේ සිත ගැන තිබිල තියෙනවද "" )",fake,gTTS-si,synthetic_tts,clean
data/fake/sinhala\fake_sin_0811.wav,Sinhala,"( sin_4499_2763284720 "" ඔහු ජීවත් වුණේ පාලම්පූර් හි තිබූ දැවැන්ත මන්දිරයකයි "" )",fake,gTTS-si,synthetic_tts,clean
data/fake/sinhala\fake_sin_0812.wav,Sinhala,"( sin_3531_7179153359 "" මම කවදාවත් සැම්සන් මහත්තයා හම්බ වෙන්ඩ ගියේ නැහැ "" )",fake,gTTS-si,synthetic_tts,clean
data/fake/sinhala\fake_sin_0813.wav,Sinhala,"( sin_3688_6359812202 "" පිට්ටනියේ ගේට්ටුවෙන් ඇතුලට අඩියක් වත් යන්න ලැබෙන්නේ නැහැ "" )",fake,gTTS-si,synthetic_tts,clean
data/fake/sinhala\fake_sin_0814.wav,Sinhala,"( sin_2241_2455158637 "" මුලින්ම පුතෙක් ලැබුණු එක හොඳයි කියලා දැන් හිතෙනවා "" )",fake,gTTS-si,synthetic_tts,clean
data/fake/sinhala\fake_sin_0815.wav,Sinhala,"( sin_3688_4608128553 "" මෙම පාලම ඉදිකරනවා කියන විට විපක්ෂයේ සමහර නායකයෝ විහිළුවක් ලෙසට සැලකුවා "" )",fake,gTTS-si,synthetic_tts,clean
data/fake/sinhala\fake_sin_0816.wav,Sinhala,"( sin_2282_3224825662 "" මෙන්න කතන්දරකාරයා ගේ සමාජ සේවයෙන් බිඳක් මෙන්න "" )",fake,gTTS-si,synthetic_tts,clean
data/fake/sinhala\fake_sin_0817.wav,Sinhala,"( sin_7183_9837514932 "" මෙහි දී බැල්ලට ද බල්ලාට මෙන් ම නිදහස හිමි ය "" )",fake,gTTS-si,synthetic_tts,clean
data/fake/sinhala\fake_sin_0818.wav,Sinhala,"( sin_3688_2536453099 "" එම අඩුවත් ඔබට සපුරාලීමට අවස්ථාව ලැබෙවායි පතනවා "" )",fake,gTTS-si,synthetic_tts,clean
data/fake/sinhala\fake_sin_0819.wav,Sinhala,"( sin_3531_8564267184 "" දේශපාලන හා සමාජ වටපිටාවද සලකා බැලිය යුතුය "" )",fake,gTTS-si,synthetic_tts,clean
data/fake/sinhala\fake_sin_0820.wav,Sinhala,"( sin_2241_7029336488 "" මෙම ස්තූපය ගජබා රජු විසින් දෙවන වරට විශාල කොට බඳවා ඇත "" )",fake,gTTS-si,synthetic_tts,clean
data/fake/sinhala\fake_sin_0821.wav,Sinhala,"( sin_4499_2841235684 "" රැකියා කටයුතු යහපත් ලෙස කරගෙන යාමට හැකිවේ "" )",fake,gTTS-si,synthetic_tts,clean
data/fake/sinhala\fake_sin_0822.wav,Sinhala,"( sin_5681_3483862106 "" මගේ තුන්වන උපසිරැසියෙන් හමුවෙන තෙක් සමුගන්නම් "" )",fake,gTTS-si,synthetic_tts,clean
data/fake/sinhala\fake_sin_0823.wav,Sinhala,"( sin_6897_1297242168 "" වැඩි දුරටත් සංගීතය විධිමත්ව හදාරන්න උපදෙස් දුන්නා "" )",fake,gTTS-si,synthetic_tts,clean
data/fake/sinhala\fake_sin_0824.wav,Sinhala,"( sin_4191_4449174786 "" මුහුණුපොතෙන් ද මෙය බෙදා හදා ගන්නා බව දැක්කා "" )",fake,gTTS-si,synthetic_tts,clean
data/fake/sinhala\fake_sin_0825.wav,Sinhala,"( sin_6314_6974906822 "" ෂේන් වෝන් විසින් දරා තිබූ එම වාර්තාව මුරලිදරන් විසින් අභිබවන ලදි "" )",fake,gTTS-si,synthetic_tts,clean
data/fake/sinhala\fake_sin_0826.wav,Sinhala,"( sin_3688_9721183432 "" මේ හැමඑකක්ම පිටකොටුවෙන් අඩු මිලකට ගන්න පුලුවන් "" )",fake,gTTS-si,synthetic_tts,clean
data/fake/sinhala\fake_sin_0827.wav,Sinhala,"( sin_9228_9771838233 "" මා විමසූයේ එවන් නීතියක් ඇත්තේ කොහේද යන්නයි "" )",fake,gTTS-si,synthetic_tts,clean
data/fake/sinhala\fake_sin_0828.wav,Sinhala,"( sin_3688_7911743379 "" මෙහි සැරයටියේ වුවමනාව කුමක් ද යන්න පැහැදිලිය "" )",fake,gTTS-si,synthetic_tts,clean
data/fake/sinhala\fake_sin_0829.wav,Sinhala,"( sin_7183_2253379439 "" මෙම ස්වාමි භාර්යා යුතුකම් ඉටුවන පවුල් පරිසර සාර්ථකය "" )",fake,gTTS-si,synthetic_tts,clean
data/fake/sinhala\fake_sin_0830.wav,Sinhala,"( sin_5681_8236608140 "" හොලිවුඩ් සුරූපිනී සෙලීනා ගෝමස් මේ දිනවල අලුත් වගකීමක් දරනවා "" )",fake,gTTS-si,synthetic_tts,clean
data/fake/sinhala\fake_sin_0831.wav,Sinhala,"( sin_2282_9519354859 "" දෙවැනි අදියර නොවැම්බරයේ ආරම්භ කිරීමට නියමිතය "" )",fake,gTTS-si,synthetic_tts,clean
data/fake/sinhala\fake_sin_0832.wav,Sinhala,"( sin_3531_9569998346 "" දුම්බර ගැමියා කියන පරිදි ලකේගල රාවණා රජුගේ බලකොටුවයි "" )",fake,gTTS-si,synthetic_tts,clean
data/fake/sinhala\fake_sin_0833.wav,Sinhala,"( sin_2282_4633549482 "" ඉන්දියාව සමහරවිට සදාකාලික හතුරෙක් වෙන්නත් තිබුණා "" )",fake,gTTS-si,synthetic_tts,clean
data/fake/sinhala\fake_sin_0834.wav,Sinhala,"( sin_4499_3418113093 "" සල්මන් ඛාන්ගෙ ෆිල්ම් එකක් නම් අතඅරින්නෙ නෑ "" )",fake,gTTS-si,synthetic_tts,clean
data/fake/sinhala\fake_sin_0835.wav,Sinhala,"( sin_3688_0056473094 "" කොටුවෙන් පිට නගරය පිටකොටුවයි "" )",fake,gTTS-si,synthetic_tts,clean
data/fake/sinhala\fake_sin_0836.wav,Sinhala,"( sin_4499_5491065672 "" මොකද තවමත් ඔවුන් යුද්ධයෙන් පීඩා විඳ විඳ ඉඳලා ගැලවුණා විතරනෙ "" )",fake,gTTS-si,synthetic_tts,clean
data/fake/sinhala\fake_sin_0837.wav,Sinhala,"( sin_9228_7993990514 "" සමහර ජර්මානුවන් උතුරු ඇමෙරිකාවට පැමිණියහ "" )",fake,gTTS-si,synthetic_tts,clean
data/fake/sinhala\fake_sin_0838.wav,Sinhala,"( sin_3531_3421166864 "" මුදු හා මාල කිහිපයක් ද මේ වලෙන් සොයා ගැනිණි "" )",fake,gTTS-si,synthetic_tts,clean
data/fake/sinhala\fake_sin_0839.wav,Sinhala,"( sin_2241_1160192708 "" අධි මානසික බලයක් තිබේ යැයි කියන සියල්ලන්ටමය "" )",fake,gTTS-si,synthetic_tts,clean
data/fake/sinhala\fake_sin_0840.wav,Sinhala,"( sin_3688_7927489278 "" කෙනෙක් බඩගෝස්තරය නැති වෙයි කියලා බයවෙලා "" )",fake,gTTS-si,synthetic_tts,clean
data/fake/sinhala\fake_sin_0841.wav,Sinhala,"( sin_2282_6767204904 "" මෙතනදී ලොකු හැඩයක් හිටින්න ලොකු බැස්මකට බට දැම්මේ "" )",fake,gTTS-si,synthetic_tts,clean
data/fake/sinhala\fake_sin_0842.wav,Sinhala,"( sin_4499_7572839883 "" රැජිණ වටා ඒකරාශිවීම මීමැස්සන්ගේ ස්වභාවයක් නිසා "" )",fake,gTTS-si,synthetic_tts,clean
data/fake/sinhala\fake_sin_0843.wav,Sinhala,"( sin_4499_2587568002 "" යන්න කලින් ඔයාලගේ අදහස් පහලින් ලියා යන්න "" )",fake,gTTS-si,synthetic_tts,clean
data/fake/sinhala\fake_sin_0844.wav,Sinhala,"( sin_9228_9764401127 "" ආජන්ටිනාවේ බුවනෝස් අයර්ස් හීදි මෙතුමානන් ලොවට බිහිවිය "" )",fake,gTTS-si,synthetic_tts,clean
data/fake/sinhala\fake_sin_0845.wav,Sinhala,"( sin_6314_3360366490 "" හැබැයි කරුණාකරලා ඡන්දය ඉල්ලන්නම් ලෑස්ති වෙන්න එපා "" )",fake,gTTS-si,synthetic_tts,clean
data/fake/sinhala\fake_sin_0846.wav,Sinhala,"( sin_6314_8509701074 "" සාදරයෙන් පිළිගන්නවා බයිස්කෝප් සිංහලෙන් කණ්ඩායමටත් "" )",fake,gTTS-si,synthetic_tts,clean
data/fake/sinhala\fake_sin_0847.wav,Sinhala,"( sin_3531_2408005668 "" උඹට ඇමෙරිකාවේ පුරවැසිබාවය අරන් ඇමරිකානුවෙක් වෙන්න පුළුවන් "" )",fake,gTTS-si,synthetic_tts,clean
data/fake/sinhala\fake_sin_0848.wav,Sinhala,"( sin_4499_4310038373 "" රඟපෑමෙන් යම් කිසි හොඳ දෙයක් කිරීම මුදලට වඩා අගයනවා "" )",fake,gTTS-si,synthetic_tts,clean
data/fake/sinhala\fake_sin_0849.wav,Sinhala,"( sin_3688_6558026682 "" මුවමස් කියලා මී හරක් පැටවුන්ගේ මස් නම් දෙනවා "" )",fake,gTTS-si,synthetic_tts,clean
data/fake/sinhala\fake_sin_0850.wav,Sinhala,"( sin_6314_4090790944 "" ඉස්සරනම් දකින දකින විච්චූරණ කෑම ජාති කනවා "" )",fake,gTTS-si,synthetic_tts,clean
data/fake/sinhala\fake_sin_0851.wav,Sinhala,"( sin_4191_7529260011 "" අළුත් පාර ගියත් පරණ පාර දෙකම යන්නෙ එකම තැනට "" )",fake,gTTS-si,synthetic_tts,clean
data/fake/sinhala\fake_sin_0852.wav,Sinhala,"( sin_2241_2326423655 "" උඹේ දරුවාට විශේෂ අවධානයක් දෙන්නට නොහැකිය "" )",fake,gTTS-si,synthetic_tts,clean
data/fake/sinhala\fake_sin_0853.wav,Sinhala,"( sin_4191_6631088849 "" අන්තර්ජාතික බිහිරි තරඟ මුලින් ම ආරම්භ වුයේ පැරීසියේදීය "" )",fake,gTTS-si,synthetic_tts,clean
data/fake/sinhala\fake_sin_0854.wav,Sinhala,"( sin_2241_6861382253 "" මේකට නායකත්වය දෙන්න සුදුසුම තමයි අපේ රජතුමා "" )",fake,gTTS-si,synthetic_tts,clean
data/fake/sinhala\fake_sin_0855.wav,Sinhala,"( sin_2282_3926337952 "" මෙම පාලම සඳහා වැඩ ආරම්භ කරමින් ස්ථාපිත කළ සමරු ඵලකය ද අතුරුදහන්ව තිබේ "" )",fake,gTTS-si,synthetic_tts,clean
data/fake/sinhala\fake_sin_0856.wav,Sinhala,"( sin_3531_4176172013 "" මෙතන වෙන්නේත් ඒ වගේ වැඩක් කියන එකයි මම කිව්වේ "" )",fake,gTTS-si,synthetic_tts,clean
data/fake/sinhala\fake_sin_0857.wav,Sinhala,"( sin_2241_7573097860 "" රුවන්මැලි සෑයෙන් ලැබුණු කරඬුවක මෙවැනි හැඩයක් ඇත "" )",fake,gTTS-si,synthetic_tts,clean
data/fake/sinhala\fake_sin_0858.wav,Sinhala,"( sin_6897_5186824219 "" හැබැයි සම්බෝල මැල්ලුම් වලට නම් පොල් ඕනෑමයි "" )",fake,gTTS-si,synthetic_tts,clean
data/fake/sinhala\fake_sin_0859.wav,Sinhala,"( sin_9228_1541742979 "" මේ නිසා හෙතෙම ශාරීරික වේදනා පමණක් විඳියි "" )",fake,gTTS-si,synthetic_tts,clean
data/fake/sinhala\fake_sin_0860.wav,Sinhala,"( sin_5681_8201600311 "" මෙම අභියෝගය ජය ගැනීමෙන් තොරව රටක් ලෙස ජාතියක් ලෙස අපට ඉදිරි ගමනක් නැත "" )",fake,gTTS-si,synthetic_tts,clean
data/fake/sinhala\fake_sin_0861.wav,Sinhala,"( sin_3531_0691721431 "" මෙම සිද්ධාන්තය අනුව දුකෙහි උපත පඤ්ච උපාදානක්කන්ධයේ උපතයි "" )",fake,gTTS-si,synthetic_tts,clean
data/fake/sinhala\fake_sin_0862.wav,Sinhala,"( sin_6897_2109872394 "" රජතුමා තමන්ව මාලිගයට කැඳවන බව දැනුම් දුන්නා "" )",fake,gTTS-si,synthetic_tts,clean
data/fake/sinhala\fake_sin_0863.wav,Sinhala,"( sin_2282_1620917825 "" මට හිතුණ ආයෙත් කෝච්චිය පෙරලුණ තැනට යන්න ඕන කියල "" )",fake,gTTS-si,synthetic_tts,clean
data/fake/sinhala\fake_sin_0864.wav,Sinhala,"( sin_2282_2885408035 "" කෑම ජාති දැකල පොඩ්ඩක් විතර කේන්ති ගිහින් වගේ "" )",fake,gTTS-si,synthetic_tts,clean
data/fake/sinhala\fake_sin_0865.wav,Sinhala,"( sin_6897_4166086677 "" හින්දි සිනමාවෙත් එවන් ඒවා ඕනෑ තරම් තියෙනවා "" )",fake,gTTS-si,synthetic_tts,clean
data/fake/sinhala\fake_sin_0866.wav,Sinhala,"( sin_4499_2251050505 "" රැස්කිරීම් බලාපොරොත්තු අඩු කළ හැකි වන්නේ ය "" )",fake,gTTS-si,synthetic_tts,clean
data/fake/sinhala\fake_sin_0867.wav,Sinhala,"( sin_7183_9474128676 "" ආතර් සී ක්ලාක් උපත ලැබුවේ එංගලන්තයේ සමර්සෙට් හිදීය "" )",fake,gTTS-si,synthetic_tts,clean
data/fake/sinhala\fake_sin_0868.wav,Sinhala,"( sin_2241_1739595290 "" මේ සියල්ල කතරගම පූජාභූමියට එක් වූයේ පසු කාලීනව ය "" )",fake,gTTS-si,synthetic_tts,clean
data/fake/sinhala\fake_sin_0869.wav,Sinhala,"( sin_7183_6514998428 "" පල්ලියෙන් පිටව යන මොහු සොරුන් රැලකට අසු වෙනවා "" )",fake,gTTS-si,synthetic_tts,clean
data/fake/sinhala\fake_sin_0870.wav,Sinhala,"( sin_4499_6975806565 "" මොහු දිය යටින් ගින්දර ගෙනයන ආකාරයේ පුද්ගලයෙකි "" )",fake,gTTS-si,synthetic_tts,clean
data/fake/sinhala\fake_sin_0871.wav,Sinhala,"( sin_2282_7659803756 "" මේවායේ කටයුතුවලට සතුරු පීඩා මතු කරන මාසයකි "" )",fake,gTTS-si,synthetic_tts,clean
data/fake/sinhala\fake_sin_0872.wav,Sinhala,"( sin_3688_7804317720 "" මේකට සබ් දාන්න ඉගන ගත්තේ විකියා සහෝගේ බ්ලොග් එකකින් "" )",fake,gTTS-si,synthetic_tts,clean
data/fake/sinhala\fake_sin_0873.wav,Sinhala,"( sin_4499_4694621905 "" රජ්ජුරුවෝ ඉක්මනින් වීථි සංචාරය අවසන් කළා "" )",fake,gTTS-si,synthetic_tts,clean
data/fake/sinhala\fake_sin_0874.wav,Sinhala,"( sin_4191_8268722814 "" මෙන්න මේ පස්වෙලා යන ස්වභාවයට අයිති දේ ඔබ තුළ තියෙනවා "" )",fake,gTTS-si,synthetic_tts,clean
data/fake/sinhala\fake_sin_0875.wav,Sinhala,"( sin_4499_9584059479 "" මොකක්ද මේ නිල්මිණි ගැන කියැවෙන අලුත් ආරංචිය "" )",fake,gTTS-si,synthetic_tts,clean
data/fake/sinhala\fake_sin_0876.wav,Sinhala,"( sin_2241_5545272033 "" ස්ටැෆර්ඩ් මෝටර්ස් ආයතනය මඟින් එය ඉටු කර දීමට මඟ සැලැස් වූයේ විමලදාස පෙරේරාය "" )",fake,gTTS-si,synthetic_tts,clean
data/fake/sinhala\fake_sin_0877.wav,Sinhala,"( sin_6314_5396288311 "" මොකද මේ රටේ හරක් මැරෙන්නේ අවුරුද්දකයට ලක්ෂයයි "" )",fake,gTTS-si,synthetic_tts,clean
data/fake/sinhala\fake_sin_0878.wav,Sinhala,"( sin_5681_5513753833 "" මේ කරුණුවලින් භික්ෂුව කුමන නිකායකට අයත්දැයි දැනගත හැකිය "" )",fake,gTTS-si,synthetic_tts,clean
data/fake/sinhala\fake_sin_0879.wav,Sinhala,"( sin_2282_5121271731 "" අතවැස්සෝ ඒ වෙත එතුමන්ගේ අඩුම කුඩුම ඔසවාගෙන ගියහ "" )",fake,gTTS-si,synthetic_tts,clean
data/fake/sinhala\fake_sin_0880.wav,Sinhala,"( sin_5681_5518682192 "" එහිදි විශාල ශබ්දයක් හා ආලෝකයක් පිටවේ "" )",fake,gTTS-si,synthetic_tts,clean
data/fake/sinhala\fake_sin_0881.wav,Sinhala,"( sin_4499_2573992768 "" ස්ටීවන් ස්පිල්බර්ග් ගේ නම් ඉතින් අහන්න දෙයක් නැ "" )",fake,gTTS-si,synthetic_tts,clean
data/fake/sinhala\fake_sin_0882.wav,Sinhala,"( sin_4191_1097387953 "" මුළු යුරෝපයේම තමන්ගෙ බස විතරයි කතා කරන්නෙ "" )",fake,gTTS-si,synthetic_tts,clean
data/fake/sinhala\fake_sin_0883.wav,Sinhala,"( sin_9228_5835359007 "" රේමයයි වෛරයයි අතරේ වෙනස කෙස් ගසකට සමයි "" )",fake,gTTS-si,synthetic_tts,clean
data/fake/sinhala\fake_sin_0884.wav,Sinhala,"( sin_3976_4339758274 "" ඇය කෙළින්ම දෙව්රම් විහාරයට යන්න පිටත් වුනා "" )",fake,gTTS-si,synthetic_tts,clean
data/fake/sinhala\fake_sin_0885.wav,Sinhala,"( sin_3531_9266896424 "" මීට විරුද්ධව මොවුන් අභියාචනා ඉදිරිපත් කරනු ඇත "" )",fake,gTTS-si,synthetic_tts,clean
data/fake/sinhala\fake_sin_0886.wav,Sinhala,"( sin_7183_0119386806 "" මොකද ලංකාවේදි වගේ අනිත් රටවලදි බාන්න තහනම් "" )",fake,gTTS-si,synthetic_tts,clean
data/fake/sinhala\fake_sin_0887.wav,Sinhala,"( sin_2282_4980926918 "" උඹ දුටුගැමුණු රජතුමාට කරපු අපහාසයට වන්දි ගෙවන්න වෙයි "" )",fake,gTTS-si,synthetic_tts,clean
data/fake/sinhala\fake_sin_0888.wav,Sinhala,"( sin_6314_7605773958 "" යාලුවා ඔයා ලොකු ජෝකර් කෙනෙක් කියලද හිතන් ඉන්නෙ "" )",fake,gTTS-si,synthetic_tts,clean
data/fake/sinhala\fake_sin_0889.wav,Sinhala,"( sin_3688_2876065138 "" සීගිරිය අවට දිය අගල් වලින් ආවරණය කර තිබේ "" )",fake,gTTS-si,synthetic_tts,clean
data/fake/sinhala\fake_sin_0890.wav,Sinhala,"( sin_9228_0822363844 "" අවසාන වශයෙන් වැඩේට බොහොම ස්තුතියි කිව්වා "" )",fake,gTTS-si,synthetic_tts,clean
data/fake/sinhala\fake_sin_0891.wav,Sinhala,"( sin_3531_3894490943 "" මූර්තිය සදහා සුදුසුම ඉරියව්ව මේ යැයි මට සිතේ "" )",fake,gTTS-si,synthetic_tts,clean
data/fake/sinhala\fake_sin_0892.wav,Sinhala,"( sin_4191_9881914233 "" මුළු ජීවිතේ ම ඇතැම් අය කැප කරන්නේ රූපය වෙනුවෙන් "" )",fake,gTTS-si,synthetic_tts,clean
data/fake/sinhala\fake_sin_0893.wav,Sinhala,"( sin_7183_3977950878 "" මෙතැන එවැන්නක් සිදුවී ඇති බවක් මට නම් නොපෙනේ "" )",fake,gTTS-si,synthetic_tts,clean
data/fake/sinhala\fake_sin_0894.wav,Sinhala,"( sin_3531_9086229255 "" මෙම කොටස ඇත්තේ කුඩා ඔයෙන් එතර විමට පෙරයි "" )",fake,gTTS-si,synthetic_tts,clean
data/fake/sinhala\fake_sin_0895.wav,Sinhala,"( sin_6897_1919677435 "" මීට අමතරව ඉතාලියේ පාර්ලිමේන්තුවේ අසුන් ගැනීමටද ඔවුන් සමත් වී අවසානයි "" )",fake,gTTS-si,synthetic_tts,clean
data/fake/sinhala\fake_sin_0896.wav,Sinhala,"( sin_3688_7584831034 "" මෙතැනදි මූලික ම අභියෝගය කරුණු ස්ලබාගැනීමේ අසීරුකම "" )",fake,gTTS-si,synthetic_tts,clean
data/fake/sinhala\fake_sin_0897.wav,Sinhala,"( sin_3531_4840614757 "" අයිස්ලන්තය උතුරු අත්ලාන්තික් සාගරයේ පිහිටා ඇති රටකි "" )",fake,gTTS-si,synthetic_tts,clean
data/fake/sinhala\fake_sin_0898.wav,Sinhala,"( sin_3688_2081640982 "" මේවා ගෝලීය ධනවාදයට කිසිසේත්ම විකල්පයක් නොවේ "" )",fake,gTTS-si,synthetic_tts,clean
data/fake/sinhala\fake_sin_0899.wav,Sinhala,"( sin_9228_5814856317 "" නඩු විභාගයේදී ඉන් අට දෙනෙක් වැරදිකරුවෝ වූහ "" )",fake,gTTS-si,synthetic_tts,clean
data/fake/sinhala\fake_sin_0900.wav,Sinhala,"( sin_7183_4961687291 "" මෙම නීති රෙගුලාසි වලින් රිංගා යාම පහසු නැත "" )",fake,gTTS-si,synthetic_tts,clean
data/fake/sinhala\fake_sin_0901.wav,Sinhala,"( sin_9228_0000084396 "" මෙතන කන්ද නැගල උඩට ගියාම වටේම හොඳට පේනවා "" )",fake,gTTS-si,synthetic_tts,clean
data/fake/sinhala\fake_sin_0902.wav,Sinhala,"( sin_7183_1932220079 "" මෙන්න අපි වගේ පොඩි ලමයින්ට බලන්න හොද නැති එකක් දාලෝ "" )",fake,gTTS-si,synthetic_tts,clean
data/fake/sinhala\fake_sin_0903.wav,Sinhala,"( sin_2241_2260885335 "" මූලික සුදුසුකම් නැති අය තමයි බඳවා ගෙන තිබෙන්නේ "" )",fake,gTTS-si,synthetic_tts,clean
data/fake/sinhala\fake_sin_0904.wav,Sinhala,"( sin_4191_8578172520 "" මේකෙත් හිටියෙ හුරුපුරුදු සුපිරි නළුවෙක් තමයි "" )",fake,gTTS-si,synthetic_tts,clean
data/fake/sinhala\fake_sin_0905.wav,Sinhala,"( sin_4191_5178909305 "" මේක තමයි ඔබතුමාට දෙන්න තිබෙන සරලම උත්තරය "" )",fake,gTTS-si,synthetic_tts,clean
data/fake/sinhala\fake_sin_0906.wav,Sinhala,"( sin_4191_1621484430 "" හෙක්ටර් කොබ්බෑකඩුව ගොවි කටයුතු පර්යේෂණ හා පුහුණු ආයතනය "" )",fake,gTTS-si,synthetic_tts,clean
data/fake/sinhala\fake_sin_0907.wav,Sinhala,"( sin_6897_7348044415 "" වෙනස්වීම යන්න එතරම් සරල සංකල්පයක් ද නො වේ "" )",fake,gTTS-si,synthetic_tts,clean
data/fake/sinhala\fake_sin_0908.wav,Sinhala,"( sin_3531_7533642183 "" ඔවුහු මීගමුව කලුතර හා බේරුවල කොල්ල කෑහ "" )",fake,gTTS-si,synthetic_tts,clean
data/fake/sinhala\fake_sin_0909.wav,Sinhala,"( sin_5681_1680024888 "" මඩේ උපන් පියුම දිය මතු පිටට පැමිණෙන විකසිත වෙයි "" )",fake,gTTS-si,synthetic_tts,clean
data/fake/sinhala\fake_sin_0910.wav,Sinhala,"( sin_3531_0989331302 "" එය ජනතා විමුක්ති පෙරමුණට පමණක් හිමි වූවක් නොවේ "" )",fake,gTTS-si,synthetic_tts,clean
data/fake/sinhala\fake_sin_0911.wav,Sinhala,"( sin_9228_1780707976 "" මෙම පද නූතන වාදකයින් නොතකා හැරීම නිසා පරිහානියට යමින් පවතී "" )",fake,gTTS-si,synthetic_tts,clean
data/fake/sinhala\fake_sin_0912.wav,Sinhala,"( sin_2282_1519089911 "" කවුරුන්ද කියලා නම් වශයෙන් කියන්න පුළුවන්ද "" )",fake,gTTS-si,synthetic_tts,clean
data/fake/sinhala\fake_sin_0913.wav,Sinhala,"( sin_6314_9439951380 "" යම් අර්ථය පිණිස සදා පුඤ්ඤං පවඩ්ඪති කියන ලදී "" )",fake,gTTS-si,synthetic_tts,clean
data/fake/sinhala\fake_sin_0914.wav,Sinhala,"( sin_9228_7644203225 "" පොදුවේ අනුන් වෙනුවෙන් වැඩිපුර වියදම් යෙදෙන වසරකි "" )",fake,gTTS-si,synthetic_tts,clean
data/fake/sinhala\fake_sin_0915.wav,Sinhala,"( sin_2241_9678229376 "" මෙන්න මේ වගේ විදිමත් කතිකාවකින් අප කාටත් හදෙන්න හැකියි "" )",fake,gTTS-si,synthetic_tts,clean
data/fake/sinhala\fake_sin_0916.wav,Sinhala,"( sin_4191_0348767651 "" මෙතැන තමා සාලිය කුමරා අශෝකමාලා හා සැඟැවී ජීවත්වුණේ "" )",fake,gTTS-si,synthetic_tts,clean
data/fake/sinhala\fake_sin_0917.wav,Sinhala,"( sin_3531_0777684888 "" මීට වැඩිය මිනිස්සුන්ට හිතන්න තව කොපමණ දේවල් තියෙනවාද "" )",fake,gTTS-si,synthetic_tts,clean
data/fake/sinhala\fake_sin_0918.wav,Sinhala,"( sin_6314_6188454856 "" පුද පූජා පැවැත්වීමෙන් පින් සිදු වෙනව කියල "" )",fake,gTTS-si,synthetic_tts,clean
data/fake/sinhala\fake_sin_0919.wav,Sinhala,"( sin_5681_4758791947 "" මිනිස්සුන්ට තවම දේශපාලනය පිළිබඳ මූලික සංවේදීතාවයක් නෑ "" )",fake,gTTS-si,synthetic_tts,clean
data/fake/sinhala\fake_sin_0920.wav,Sinhala,"( sin_2282_6365641562 "" අජාසත් රජතුමාගේ ඇත් සේනාවේ අති භයානක ඇතෙක් සිටියා "" )",fake,gTTS-si,synthetic_tts,clean
data/fake/sinhala\fake_sin_0921.wav,Sinhala,"( sin_2282_9020641694 "" මුන් අපිව අන්දන එකේ තවත් පියවරක් පමණයි ඕක "" )",fake,gTTS-si,synthetic_tts,clean
data/fake/sinhala\fake_sin_0922.wav,Sinhala,"( sin_2241_1051256718 "" අටවිසියක් සෙනෙවියෝ හාත්පස රැකවල්ලා සිටියාහුය "" )",fake,gTTS-si,synthetic_tts,clean
data/fake/sinhala\fake_sin_0923.wav,Sinhala,"( sin_2241_2071126924 "" රගර් ගැහුවා කියල කොහොමද බූරුවො වොලි බෝල් නැති වෙන්නෙ "" )",fake,gTTS-si,synthetic_tts,clean
data/fake/sinhala\fake_sin_0924.wav,Sinhala,"( sin_3688_2770052029 "" මෙවිට ඔහුට ධර්ම මාර්ගයේ ඉදිරියට යෑමට බාධාවක් නෑ "" )",fake,gTTS-si,synthetic_tts,clean
data/fake/sinhala\fake_sin_0925.wav,Sinhala,"( sin_9228_7273610721 "" මෙවැනි සංසිද්ධීන් කිසිවකුට වෙනස්කළ නොහැකි ය "" )",fake,gTTS-si,synthetic_tts,clean
data/fake/sinhala\fake_sin_0926.wav,Sinhala,"( sin_3688_1000099086 "" මෙලොවත් පරලොවත් සැපවත් වීමට ද හේතුවන්නකි "" )",fake,gTTS-si,synthetic_tts,clean
data/fake/sinhala\fake_sin_0927.wav,Sinhala,"( sin_6897_7973250797 "" රාගාදී කෙලෙස් සමූහය ක්ලේෂ මාර යන්නෙන් හැඳින්වේ "" )",fake,gTTS-si,synthetic_tts,clean
data/fake/sinhala\fake_sin_0928.wav,Sinhala,"( sin_6897_1316379703 "" ස්කොට් එකඟ උනාට හැමදාම ඇලිසන්ව හම්බවෙන්න යනවා "" )",fake,gTTS-si,synthetic_tts,clean
data/fake/sinhala\fake_sin_0929.wav,Sinhala,"( sin_6314_8947509646 "" හපොයි දුකා අයියේ හිනාව නවත්තගන්න බැරි උනා "" )",fake,gTTS-si,synthetic_tts,clean
data/fake/sinhala\fake_sin_0930.wav,Sinhala,"( sin_5681_4924144622 "" ඉස්කෝල අරිනවා කියන්නේ හිරගෙවල් වහනවා කියන එක "" )",fake,gTTS-si,synthetic_tts,clean
data/fake/sinhala\fake_sin_0931.wav,Sinhala,"( sin_4191_9109171944 "" මේ අනුව සම්මා දිට්ඨිකයෝ වර්ග තුනක් ඉන්නවා "" )",fake,gTTS-si,synthetic_tts,clean
data/fake/sinhala\fake_sin_0932.wav,Sinhala,"( sin_2282_4454251952 "" මුදල්ම නෙවෙයි ජීවිතේ එයට වඩා ගැඹුරු අර්ථයක් තියෙනවා "" )",fake,gTTS-si,synthetic_tts,clean
data/fake/sinhala\fake_sin_0933.wav,Sinhala,"( sin_2282_7306015716 "" අතිපුජනීය කිරිබත්ගොඩ ඤානානන්ද ස්වාමින් වහන්සේට මාගේ නමස්කාරය වේවා "" )",fake,gTTS-si,synthetic_tts,clean
data/fake/sinhala\fake_sin_0934.wav,Sinhala,"( sin_4191_3330161526 "" මෙම ඇති තොරතුරු විශවාස කීරීමට පවා අපහසුය "" )",fake,gTTS-si,synthetic_tts,clean
data/fake/sinhala\fake_sin_0935.wav,Sinhala,"( sin_6897_6220500143 "" රජමහා විහාරස්ථානයේ දායක සභාවේ සභාපති වයි "" )",fake,gTTS-si,synthetic_tts,clean
data/fake/sinhala\fake_sin_0936.wav,Sinhala,"( sin_4499_0969920331 "" පැවිද්ද නම් වූ හුදෙකලා වූ ගැඹුරු තීරණය උදෙසා මවුපිය ආශිර්වාදය ලැබෙන්නේ ඉතාමත් කලාතුරකිනි "" )",fake,gTTS-si,synthetic_tts,clean
data/fake/sinhala\fake_sin_0937.wav,Sinhala,"( sin_7183_9323296214 "" බඳින්න ගන්න ඉරටු ටික ඒ කරුවට තමයි හිර කරන්නෙ "" )",fake,gTTS-si,synthetic_tts,clean
data/fake/sinhala\fake_sin_0938.wav,Sinhala,"( sin_6897_2493768429 "" හිටිහැටියේ ඔවුන්ගෙන් අයෙකුගේ අතමිට සරුවී තිබිණ "" )",fake,gTTS-si,synthetic_tts,clean
data/fake/sinhala\fake_sin_0939.wav,Sinhala,"( sin_3531_6681992600 "" ආරංචිය ලැව් ගින්නක්සේ සරසවි බිම් පෙත පුරා පැතිර ගියේය "" )",fake,gTTS-si,synthetic_tts,clean
data/fake/sinhala\fake_sin_0940.wav,Sinhala,"( sin_6314_5352421809 "" මොරිටේනියාව ආහාර සැපයුම අතින් දුප්පත් රටකි "" )",fake,gTTS-si,synthetic_tts,clean
data/fake/sinhala\fake_sin_0941.wav,Sinhala,"( sin_4191_0606655204 "" එක ඉස්පිල්ලක් පාපිල්ලක් ගානෙ ටයිප් කරන්න ඕන "" )",fake,gTTS-si,synthetic_tts,clean
data/fake/sinhala\fake_sin_0942.wav,Sinhala,"( sin_4191_9226752254 "" අමරසිරි මහතාගේ මෙහෙයවීමෙන් පරීක්ෂණ සිදු කෙරේ "" )",fake,gTTS-si,synthetic_tts,clean
data/fake/sinhala\fake_sin_0943.wav,Sinhala,"( sin_2282_6192665313 "" මෙතෙක් කල් හිරු උදාව සිදුවුණේ සමනල කන්දට තෙවරක් නමස්කාර කරමින් "" )",fake,gTTS-si,synthetic_tts,clean
data/fake/sinhala\fake_sin_0944.wav,Sinhala,"( sin_6314_9295484354 "" සාරවත් කුඹුරක සිටවපු කුණු වෙච්ච බීජයක් වගේ "" )",fake,gTTS-si,synthetic_tts,clean
data/fake/sinhala\fake_sin_0945.wav,Sinhala,"( sin_3688_2941453008 "" මේකෙත් ගිය පාර එකේ හිටපු නළු නිළියෝ ගොඩක්ම ඉන්නවා "" )",fake,gTTS-si,synthetic_tts,clean
data/fake/sinhala\fake_sin_0946.wav,Sinhala,"( sin_4191_1210332330 "" ආණ්ඩුවට නොපෙනුනාට ජනතාවට එක දැනෙනවා තේරෙනවා "" )",fake,gTTS-si,synthetic_tts,clean
data/fake/sinhala\fake_sin_0947.wav,Sinhala,"( sin_7183_5126626238 "" මෙතෙක් දුර අපිත් එක්ක ආපු ඔක්කොමලට බොහොම ස්තුතියි "" )",fake,gTTS-si,synthetic_tts,clean
data/fake/sinhala\fake_sin_0948.wav,Sinhala,"( sin_3531_5374075357 "" බුලර්ස් පාර දැන් බෞද්ධාලෝක මාවත නම් වූයේ ඔහු සිහිකිරීමටය "" )",fake,gTTS-si,synthetic_tts,clean
data/fake/sinhala\fake_sin_0949.wav,Sinhala,"( sin_5681_6923758239 "" ඇඟපත විසිතුරු වස්තාභරණයෙන් සරසන්න ගියේ නෑ "" )",fake,gTTS-si,synthetic_tts,clean
data/fake/sinhala\fake_sin_0950.wav,Sinhala,"( sin_6314_0273493326 "" සල්ලි ගෙවාගන්න බැරිවුණහම යන්න සිද්ධ වෙලා "" )",fake,gTTS-si,synthetic_tts,clean
data/fake/sinhala\fake_sin_0951.wav,Sinhala,"( sin_5681_7592524836 "" මෙහෙන් මිනිස්සු අතුරුදහන් වෙන එක බොරුවක් නෙවෙයි "" )",fake,gTTS-si,synthetic_tts,clean
data/fake/sinhala\fake_sin_0952.wav,Sinhala,"( sin_3531_1204673182 "" මෙතරම් වයසට ගිහිනුත් මේ තැනැත්තා වැඩ කරනවා "" )",fake,gTTS-si,synthetic_tts,clean
data/fake/sinhala\fake_sin_0953.wav,Sinhala,"( sin_3688_6049724568 "" දෙහිවල පොලීසිය මගින් මෙම නඩුව පවරා තිබුණි "" )",fake,gTTS-si,synthetic_tts,clean
data/fake/sinhala\fake_sin_0954.wav,Sinhala,"( sin_6314_7220148352 "" මොකද කන්න නැතුව හිටපු කෙනෙක් නෙවේ සිදුහත් කුමාරයා "" )",fake,gTTS-si,synthetic_tts,clean
data/fake/sinhala\fake_sin_0955.wav,Sinhala,"( sin_4499_7694589002 "" හැම ජීවියෙකුටම ජීවත් වීමට අයිතියක් තියෙනවා "" )",fake,gTTS-si,synthetic_tts,clean
data/fake/sinhala\fake_sin_0956.wav,Sinhala,"( sin_2282_4855879268 "" මෙය ඉන්දියාවේ මියන්මාර් දොරටුව නමැති ස්ථානයේ පිහිටා ඇත "" )",fake,gTTS-si,synthetic_tts,clean
data/fake/sinhala\fake_sin_0957.wav,Sinhala,"( sin_3531_7180438705 "" මෙම පවුරු සම්පූර්ණයෙන්ම සකසා තිබෙන්නේ කබොක් ගල් උපයෝගී කොට ගැනීමෙනි "" )",fake,gTTS-si,synthetic_tts,clean
data/fake/sinhala\fake_sin_0958.wav,Sinhala,"( sin_4191_1850020742 "" මෙම ස්ථානය වර්තමාන අඹතලේ මංසන්ධියේ ඇති පරණ පාරේ රණබිම මාවත ආසන්නයේ පැවති බව සැලකේ "" )",fake,gTTS-si,synthetic_tts,clean
data/fake/sinhala\fake_sin_0959.wav,Sinhala,"( sin_4191_6183767482 "" මෙම ගිලන්පස පූජාවන් භාරගත් පින්වතුන්ද සිටී "" )",fake,gTTS-si,synthetic_tts,clean
data/fake/sinhala\fake_sin_0960.wav,Sinhala,"( sin_5681_4631175806 "" යුධපිටියේ බෙර වාදකයින් හොරණෑකරුවන් හා නළාකරුවන් විය "" )",fake,gTTS-si,synthetic_tts,clean
data/fake/sinhala\fake_sin_0961.wav,Sinhala,"( sin_5681_1822800525 "" මේවැඩවල වගකීමෙන් කොටසක් ඔබතුමීත් බාරගන්න ඕන "" )",fake,gTTS-si,synthetic_tts,clean
data/fake/sinhala\fake_sin_0962.wav,Sinhala,"( sin_6314_4143808625 "" විදුහල්පතිගේ කටහඬ පාසල අවට රැව් දෙමින් පැතිරිණි "" )",fake,gTTS-si,synthetic_tts,clean
data/fake/sinhala\fake_sin_0963.wav,Sinhala,"( sin_9228_6115223649 "" මල් ගෙනෙන්ට දෙන මුදලින් අඩක්ම සොරකම් කරනවා "" )",fake,gTTS-si,synthetic_tts,clean
data/fake/sinhala\fake_sin_0964.wav,Sinhala,"( sin_2241_1297590493 "" මෙම ඉන්දසාල ගුහාව පිහිටියේ කුමන ස්ථානයකද "" )",fake,gTTS-si,synthetic_tts,clean
data/fake/sinhala\fake_sin_0965.wav,Sinhala,"( sin_4499_0131237329 "" මෝඩයෝ කට ඇරියාම තවත් ලක්ෂ ගණනකගේ ජීවිත අනතුරේ "" )",fake,gTTS-si,synthetic_tts,clean
data/fake/sinhala\fake_sin_0966.wav,Sinhala,"( sin_9228_5864536358 "" එය අඩු තරමින් විශාලම මහවැලි ජලාශය හෝ නොවේ "" )",fake,gTTS-si,synthetic_tts,clean
data/fake/sinhala\fake_sin_0967.wav,Sinhala,"( sin_4499_1394382437 "" ලෝකය තතු පරිද්දෙන් දක්නා හෙතෙම අකම්පා ද වෙයි "" )",fake,gTTS-si,synthetic_tts,clean
data/fake/sinhala\fake_sin_0968.wav,Sinhala,"( sin_6897_9434202485 "" හැබැයි මම ඒක අහන්න පුරුදුවෙලා හිටියේ නැහැ "" )",fake,gTTS-si,synthetic_tts,clean
data/fake/sinhala\fake_sin_0969.wav,Sinhala,"( sin_5681_6653438724 "" මෙම සර්පයාගෙන් කුමන අවස්ථාවක විනාශය සිදුවේදැයි සිතිය නොහැක "" )",fake,gTTS-si,synthetic_tts,clean
data/fake/sinhala\fake_sin_0970.wav,Sinhala,"( sin_6314_0760037255 "" සර්ව සම්පූර්ණ පවුලක් හදාගන්න කාටවත් බැහැ "" )",fake,gTTS-si,synthetic_tts,clean
data/fake/sinhala\fake_sin_0971.wav,Sinhala,"( sin_6897_3695054124 "" රටේ යුක්තියක් සාධාරණයක් කියලා එකක් තියෙනවාද "" )",fake,gTTS-si,synthetic_tts,clean
data/fake/sinhala\fake_sin_0972.wav,Sinhala,"( sin_6314_5299091242 "" හැබැයි ගෙදරින් ගෙනාපු කොස්සකිනුත් අතුගානවා "" )",fake,gTTS-si,synthetic_tts,clean
data/fake/sinhala\fake_sin_0973.wav,Sinhala,"( sin_6314_6458647668 "" යාපා රාළට ඒකනායක අප්පුහාමි නමින් පුතෙක් සිටියේය "" )",fake,gTTS-si,synthetic_tts,clean
data/fake/sinhala\fake_sin_0974.wav,Sinhala,"( sin_9228_2161188306 "" මුහුදු පැළෑටි වල කියන්න බැරි තරම් අලංකාර මල් පිපිලා "" )",fake,gTTS-si,synthetic_tts,clean
data/fake/sinhala\fake_sin_0975.wav,Sinhala,"( sin_3976_5373739370 "" පූජාව කරන අතරතුරේදී ශිව දෙවියන්ගෙන් තමාට කරුණාව දැක්විය යුතු බව ඉල්ලීමක් කළ යුතුය "" )",fake,gTTS-si,synthetic_tts,clean
data/fake/sinhala\fake_sin_0976.wav,Sinhala,"( sin_3688_1948484721 "" ඇත් පැටවා සිට ඇත්තේ නිවසට යාබද කුඩා කූඩුවක් වැනි ස්ථානයක ය "" )",fake,gTTS-si,synthetic_tts,clean
data/fake/sinhala\fake_sin_0977.wav,Sinhala,"( sin_4191_0463593922 "" මේක මුලින්ම තිරගත වෙලා තියෙන්නේ ජූනි මාසයේ "" )",fake,gTTS-si,synthetic_tts,clean
data/fake/sinhala\fake_sin_0978.wav,Sinhala,"( sin_7183_0868463523 "" ඇගේ අත් සහ කලවා සීරී තිබෙනු හිඟන්නා යන්තම් දුටුවේ ය "" )",fake,gTTS-si,synthetic_tts,clean
data/fake/sinhala\fake_sin_0979.wav,Sinhala,"( sin_3688_6010075566 "" මෙතන පියදාස කියන්නේ තාත්තාගේ නම මිසක් වාසගම නෙමෙයිනේ "" )",fake,gTTS-si,synthetic_tts,clean
data/fake/sinhala\fake_sin_0980.wav,Sinhala,"( sin_7183_6940689242 "" මේකා ගත්ත කටට කියාපි නෑ කිසිම වරදක් නෑ කියලා "" )",fake,gTTS-si,synthetic_tts,clean
data/fake/sinhala\fake_sin_0981.wav,Sinhala,"( sin_6897_0985538562 "" හැබැයි ඕකුන්ගෙ දිවියක පදනමට කෙලවෙලා ඉවරයි "" )",fake,gTTS-si,synthetic_tts,clean
data/fake/sinhala\fake_sin_0982.wav,Sinhala,"( sin_2282_5771873256 "" මෙකී ගීතයට ඔහු නම් දී තිබුණේ වංකගිරියට පිටත් වීම ලෙසිනි "" )",fake,gTTS-si,synthetic_tts,clean
data/fake/sinhala\fake_sin_0983.wav,Sinhala,"( sin_7183_7233341066 "" මේ සම්බන්ධ මතවාද රාශියක් දැනට ඉදිරිපත්ව ඇත "" )",fake,gTTS-si,synthetic_tts,clean
data/fake/sinhala\fake_sin_0984.wav,Sinhala,"( sin_2282_0472859551 "" ඉරටු කූරක් අමුවෙන් කැමති හැඩයකට නැවිය හැකි ය "" )",fake,gTTS-si,synthetic_tts,clean
data/fake/sinhala\fake_sin_0985.wav,Sinhala,"( sin_2282_3362587242 "" දෙවනුව සදහන් කලේ ලෝවැඩ සගරාවේ සදහන් කවියක්ය "" )",fake,gTTS-si,synthetic_tts,clean
data/fake/sinhala\fake_sin_0986.wav,Sinhala,"( sin_2241_1094955559 "" අනතුර සිදුකළ පොලිස් නිලධාරියාද අද අත්අඩංගුවට ගෙන ඇත "" )",fake,gTTS-si,synthetic_tts,clean
data/fake/sinhala\fake_sin_0987.wav,Sinhala,"( sin_9228_2052589294 "" ඇත්ත ඇති සැටියෙන් කතා කලොත් මෙහි සිදුවී ඇත්තේ මෙයයි "" )",fake,gTTS-si,synthetic_tts,clean
data/fake/sinhala\fake_sin_0988.wav,Sinhala,"( sin_4191_0310903589 "" මේකට සිංහල එකතු කළාට බොහොම ස්තූතියි සමීර "" )",fake,gTTS-si,synthetic_tts,clean
data/fake/sinhala\fake_sin_0989.wav,Sinhala,"( sin_6897_9319427780 "" විලී නැමැති විශේෂ ගති ගුණ ඇති පුද්ගලයාගේ කතාන්දරයයි "" )",fake,gTTS-si,synthetic_tts,clean
data/fake/sinhala\fake_sin_0990.wav,Sinhala,"( sin_2282_2140134972 "" හිතාගන්න පුළුවන්නේ ෆිල්ම් එක කොහොමට ඇතිද කියලා "" )",fake,gTTS-si,synthetic_tts,clean
data/fake/sinhala\fake_sin_0991.wav,Sinhala,"( sin_5681_8696804715 "" අද නිෂ්පාදකවරු සිනමා ශාලා හිමියන්ට බනිනවා "" )",fake,gTTS-si,synthetic_tts,clean
data/fake/sinhala\fake_sin_0992.wav,Sinhala,"( sin_2241_8312189082 "" මෙහි ගම් වැසියන් කිසිවෙකු මස් මාංශ අනුභව නොකරයි "" )",fake,gTTS-si,synthetic_tts,clean
data/fake/sinhala\fake_sin_0993.wav,Sinhala,"( sin_3688_1272711337 "" අනාගතයත් සුබවාදී වෙයි කියලා අපට හිතන්න පුළුවන් "" )",fake,gTTS-si,synthetic_tts,clean
data/fake/sinhala\fake_sin_0994.wav,Sinhala,"( sin_3688_1609561756 "" මිනිසා ඔවුන් කියන්නේ මෙය මෝටර් රථයක් නොවන බවයි "" )",fake,gTTS-si,synthetic_tts,clean
data/fake/sinhala\fake_sin_0995.wav,Sinhala,"( sin_4499_1814411882 "" මොරගොල්ලේ සිරි ඤාණෝභාස තිස්ස නාහිමිගේ අර්ථ විවරණය "" )",fake,gTTS-si,synthetic_tts,clean
data/fake/sinhala\fake_sin_0996.wav,Sinhala,"( sin_2282_9423337155 "" ධර්මය තුළින් රැකවරණය ලැබූ සිත අන්න ඒ වගේමයි "" )",fake,gTTS-si,synthetic_tts,clean
data/fake/sinhala\fake_sin_0997.wav,Sinhala,"( sin_6897_2411437984 "" සිංහල උපසිරැසි සම්බන්ධයෙන් ඇතිවන ගැටළුවලට පිළිතුරු "" )",fake,gTTS-si,synthetic_tts,clean
data/fake/sinhala\fake_sin_0998.wav,Sinhala,"( sin_6897_8601844133 "" යකුන් නම් වූ මිනිස් පිරිස ඇදහුයේ මළවුන්ය "" )",fake,gTTS-si,synthetic_tts,clean
data/fake/sinhala\fake_sin_0999.wav,Sinhala,"( sin_2282_5189595995 "" මුළු වැලිවේරිය නගරයම සුදු කොඩිවලින් සරසා තිබිණි "" )",fake,gTTS-si,synthetic_tts,clean
data/fake/sinhala\fake_sin_1000.wav,Sinhala,"( sin_2282_4920765725 "" මෙහෙන් එක එකාගෙ අහ ගත්ත විදියට නං ඔහොමය "" )",fake,gTTS-si,synthetic_tts,clean
data/fake/sinhala\fake_sin_1001.wav,Sinhala,"( sin_3531_2181483371 "" මේ විස්තරය ඇසෙන්නෙකුට ඇතිවන්නේ පහන් සංවේගයකි "" )",fake,gTTS-si,synthetic_tts,clean
data/fake/sinhala\fake_sin_1002.wav,Sinhala,"( sin_7183_7493976599 "" ඉදිරියට පැමිණි මිනිසුන්ව කීතු කීතු කරලා දැම්මා "" )",fake,gTTS-si,synthetic_tts,clean
data/fake/sinhala\fake_sin_1003.wav,Sinhala,"( sin_2282_3424249530 "" ඇගේ දෑස් කඳුලෙන් තෙත් වී තිබුණද ඈ නොහැඬුවාය "" )",fake,gTTS-si,synthetic_tts,clean
data/fake/sinhala\fake_sin_1004.wav,Sinhala,"( sin_6314_9161072575 "" රජ්ජුරුවෝ රටේ ඉන්න ලස්සනම ගැනු කෙනාව කසාද බදිනවා "" )",fake,gTTS-si,synthetic_tts,clean
data/fake/sinhala\fake_sin_1005.wav,Sinhala,"( sin_7183_0193989478 "" එනයින් හොඳ නරක දෙවර්ගයේම නිර්මාන තිබිය යුතුය "" )",fake,gTTS-si,synthetic_tts,clean
data/fake/sinhala\fake_sin_1006.wav,Sinhala,"( sin_4191_3243830308 "" මෙතනිනුත් එහාට කිව්වොත් බලන්න දෙයක් නැති වෙනවනේ "" )",fake,gTTS-si,synthetic_tts,clean
data/fake/sinhala\fake_sin_1007.wav,Sinhala,"( sin_9228_2042123057 "" මෙය හැම විටම ඉටුවී තිබේ යැයි සිතිය නොහැකිය "" )",fake,gTTS-si,synthetic_tts,clean
data/fake/sinhala\fake_sin_1008.wav,Sinhala,"( sin_2282_0450101662 "" මේ ෆිල්ම් එකේ ඉන්නෙත් එඩී මර්ෆි "" )",fake,gTTS-si,synthetic_tts,clean
data/fake/sinhala\fake_sin_1009.wav,Sinhala,"( sin_2241_5145464361 "" යතුරුපැදි ස්ටන්ට් ගැන අමුතුවෙන් කියන්න දෙයක් නැහැනේ "" )",fake,gTTS-si,synthetic_tts,clean
data/fake/sinhala\fake_sin_1010.wav,Sinhala,"( sin_2282_7573934326 "" බණ්ඩාරනායක බැහැ කිවුව පාර උන් ඒක අශෝක් ලේලන්ඩ් කියල ඉන්දියාවේ දැම්ම "" )",fake,gTTS-si,synthetic_tts,clean
data/fake/sinhala\fake_sin_1011.wav,Sinhala,"( sin_2241_5531575649 "" අප නිදහස් මාවත දිගේ ගොස් අතුරු පාරකට හැරුනෙමු "" )",fake,gTTS-si,synthetic_tts,clean
data/fake/sinhala\fake_sin_1012.wav,Sinhala,"( sin_6314_6675167223 "" හැබැයි බුදු දහමේ ආර්ය කියන්නේ නම් වෙන එකකට "" )",fake,gTTS-si,synthetic_tts,clean
data/fake/sinhala\fake_sin_1013.wav,Sinhala,"( sin_6897_4303094228 "" යටත් වෙලා වැඩ කරපු අය ඇතුලේ ඉන්නවා නම් එක මහා අපරාධයක් "" )",fake,gTTS-si,synthetic_tts,clean
data/fake/sinhala\fake_sin_1014.wav,Sinhala,"( sin_3976_5771960975 "" සයිමන් සංසාරය ඔහේ තිබුණාවේ කියලා ඉන්නේ නෑ "" )",fake,gTTS-si,synthetic_tts,clean
data/fake/sinhala\fake_sin_1015.wav,Sinhala,"( sin_2282_5182235306 "" අවංක දේශපාලකයෙකුට ඉතුරුවෙලා ඉන්නේ මෙච්චරයි "" )",fake,gTTS-si,synthetic_tts,clean
data/fake/sinhala\fake_sin_1016.wav,Sinhala,"( sin_3531_9943120712 "" මේ බව සියලු විචාරකයින් බුද්ධිමතුන් පෙන්වා දෙති "" )",fake,gTTS-si,synthetic_tts,clean
data/fake/sinhala\fake_sin_1017.wav,Sinhala,"( sin_6314_2967754031 "" ලෝකයේ ඇති උතුම් වටිනා දෙය හැටියට පෙනී යයි "" )",fake,gTTS-si,synthetic_tts,clean
data/fake/sinhala\fake_sin_1018.wav,Sinhala,"( sin_6314_0966613381 "" යන්න උවමනව තිබුන එත් තවම යන්න බැරි උණතැනක් "" )",fake,gTTS-si,synthetic_tts,clean
data/fake/sinhala\fake_sin_1019.wav,Sinhala,"( sin_2282_1774969661 "" මේකිට මොකක්දෝ අමුතු අමාරුවක් තියෙනව මරා ගැන "" )",fake,gTTS-si,synthetic_tts,clean
data/fake/sinhala\fake_sin_1020.wav,Sinhala,"( sin_3531_9788609580 "" මේකෙ ඉන්නව අපි දන්න හදුනන කිහිප දෙනෙක්ම "" )",fake,gTTS-si,synthetic_tts,clean
data/fake/sinhala\fake_sin_1021.wav,Sinhala,"( sin_3531_1922998178 "" ආයෙත් ඉතින් දිගටම එහෙනම් උපසිරැසි දෙමු නේද "" )",fake,gTTS-si,synthetic_tts,clean
data/fake/sinhala\fake_sin_1022.wav,Sinhala,"( sin_2282_0837852035 "" මෙදා පාර පොලිසියෙන් බේරෙන්න මේ දෙන්න මොනවා කරයිද "" )",fake,gTTS-si,synthetic_tts,clean
data/fake/sinhala\fake_sin_1023.wav,Sinhala,"( sin_9228_5941293912 "" එතැන් පටන් දෙසතියක් යනතුරු කතාබස් කළේ නෑ "" )",fake,gTTS-si,synthetic_tts,clean
data/fake/sinhala\fake_sin_1024.wav,Sinhala,"( sin_6314_9916286010 "" මොවුන් වැඩිපුරම සිටිනුයේ වෙරළබඩ සංචාරක කලාපවලය "" )",fake,gTTS-si,synthetic_tts,clean
data/fake/sinhala\fake_sin_1025.wav,Sinhala,"( sin_2282_5795826298 "" මෙහිදී විශේෂයෙන් අවධානයට ගත යුතු කරුණක් වෙයි "" )",fake,gTTS-si,synthetic_tts,clean
data/fake/sinhala\fake_sin_1026.wav,Sinhala,"( sin_3531_8991876040 "" මෙම පරතරය පියවා දෙනුයේ පිටරටවලට ගොස් වහල් සේවයේ නිරත වන පිරිස්ය "" )",fake,gTTS-si,synthetic_tts,clean
data/fake/sinhala\fake_sin_1027.wav,Sinhala,"( sin_2241_2617308867 "" ඇත්ත වශයෙන්ම ඔහුගේ පැණි කොමඩු වගාවෙන් ද තුනෙන් පංගුවක් විනාශ වී ගොසින් "" )",fake,gTTS-si,synthetic_tts,clean
data/fake/sinhala\fake_sin_1028.wav,Sinhala,"( sin_9228_6663937934 "" මෙම පිටපත තෝරා ගැනීමට කාරණා දෙකක් හේතු වුණා "" )",fake,gTTS-si,synthetic_tts,clean
data/fake/sinhala\fake_sin_1029.wav,Sinhala,"( sin_7183_0709070815 "" අන්තවාදී පිරිසකගෙන් කවදාවත් සමාජයට යහපතක් වෙන්නෙ නෑ "" )",fake,gTTS-si,synthetic_tts,clean
data/fake/sinhala\fake_sin_1030.wav,Sinhala,"( sin_4191_2209321723 "" කොළඹ කොටුවේ චැතම් වීදිය හා ජනාධිපති මාවත අසල හන්දියෙහි පිහිටුවා ඇත "" )",fake,gTTS-si,synthetic_tts,clean
data/fake/sinhala\fake_sin_1031.wav,Sinhala,"( sin_3688_6107916017 "" මේකට සාරිපුත්ත මහරහතන් වහන්සේ උපමාවක් වදාළා "" )",fake,gTTS-si,synthetic_tts,clean
data/fake/sinhala\fake_sin_1032.wav,Sinhala,"( sin_3531_3167012021 "" මෙම ගුවන් අනතුර මුලින්ම දුටු අයෙක් මගේ පියා "" )",fake,gTTS-si,synthetic_tts,clean
data/fake/sinhala\fake_sin_1033.wav,Sinhala,"( sin_5681_4626105367 "" මෙය දුක නැති කිරීමෙන් ලබන්නා වු විමුක්තියයි "" )",fake,gTTS-si,synthetic_tts,clean
data/fake/sinhala\fake_sin_1034.wav,Sinhala,"( sin_9228_7805103839 "" නව නිර්මාණ එළිදැක්වීම සඳහා ස්ථානයක් ද තිබේ "" )",fake,gTTS-si,synthetic_tts,clean
data/fake/sinhala\fake_sin_1035.wav,Sinhala,"( sin_3688_7217876804 "" මෙත් වැඩීමෙහි පළමුවැනි ආනිශංසය සැපනින්දයි "" )",fake,gTTS-si,synthetic_tts,clean
data/fake/sinhala\fake_sin_1036.wav,Sinhala,"( sin_2282_3595923351 "" එච්චර දේවල් බිහි කරන්න දැන් වටපිටාවක් නැහැ "" )",fake,gTTS-si,synthetic_tts,clean
data/fake/sinhala\fake_sin_1037.wav,Sinhala,"( sin_2282_4127755620 "" පුද්ගලික වශයෙන් පුද්ගලයා සංවර්ධනයට පැමිණි "" )",fake,gTTS-si,synthetic_tts,clean
data/fake/sinhala\fake_sin_1038.wav,Sinhala,"( sin_7183_8606783045 "" ඉඳිආප්ප දුසිම් දෙකක් කියන්නෙ ගෑවෙන්නවත් මදි "" )",fake,gTTS-si,synthetic_tts,clean
data/fake/sinhala\fake_sin_1039.wav,Sinhala,"( sin_9228_5636089475 "" මෙරට එකම වෙදකම බවට බටහිර වෙදකම බවට පත්විය "" )",fake,gTTS-si,synthetic_tts,clean
data/fake/sinhala\fake_sin_1040.wav,Sinhala,"( sin_6314_2757750824 "" යහපත් පැවැත්මට වඩා හොඳ මන්තරයක් මම නම් දන්නේ නැහැ "" )",fake,gTTS-si,synthetic_tts,clean
data/fake/sinhala\fake_sin_1041.wav,Sinhala,"( sin_5681_1884981022 "" කට්ටියටම මේ කොටස රසවිදින්න කියලා ආරාධනා කරනවා "" )",fake,gTTS-si,synthetic_tts,clean
data/fake/sinhala\fake_sin_1042.wav,Sinhala,"( sin_4499_2027574817 "" මොකද මේ වගේ අයියෙක් තමා නංගියෙක්ට ඉන්න ඕනේ "" )",fake,gTTS-si,synthetic_tts,clean
data/fake/sinhala\fake_sin_1043.wav,Sinhala,"( sin_2282_2008311871 "" මෙතැනදී අපි ස්පර්ශය පාවිච්චි කරන්නේ අවබෝධයක් පිණිසයි "" )",fake,gTTS-si,synthetic_tts,clean
data/fake/sinhala\fake_sin_1044.wav,Sinhala,"( sin_9228_2197118073 "" ඇත්තටම අද කොටසේ අවසානයට නම් මටත් දුක හිතුනා "" )",fake,gTTS-si,synthetic_tts,clean
data/fake/sinhala\fake_sin_1045.wav,Sinhala,"( sin_5681_3318948272 "" දෙවැනි කොන්දේසිය වූයේ පරම්පරා තුනක් ඇතුලත සිංහල වියයුතු බවයි "" )",fake,gTTS-si,synthetic_tts,clean
data/fake/sinhala\fake_sin_1046.wav,Sinhala,"( sin_2241_3958755289 "" ඉතිං එහෙම එකේ උන් ඕවට වියදම් කරන්න මැලි වෙන්නේ නැහැ "" )",fake,gTTS-si,synthetic_tts,clean
data/fake/sinhala\fake_sin_1047.wav,Sinhala,"( sin_9228_3395907889 "" මෙන්න කෙනෙක් දැන් මගෙත් එක්ක ඔට්ටු අල්ලන්ට ආවා "" )",fake,gTTS-si,synthetic_tts,clean
data/fake/sinhala\fake_sin_1048.wav,Sinhala,"( sin_4499_8751799377 "" වාඩිවෙලා ඉන්දැද්දී වාඩිවෙලා ඉන්නවා කියල දැනගන්නවා "" )",fake,gTTS-si,synthetic_tts,clean
data/fake/sinhala\fake_sin_1049.wav,Sinhala,"( sin_6897_6558523846 "" හින්දු ආගම භක්ති මාර්ගය පදනම් කරගත් ධර්මයකි "" )",fake,gTTS-si,synthetic_tts,clean
data/fake/sinhala\fake_sin_1050.wav,Sinhala,"( sin_5681_9766243182 "" මෙමගින් බුදුන් වහන්සේගේ දසබලධාරී ගුණය විදහා දැක්වේ "" )",fake,gTTS-si,synthetic_tts,clean
data/fake/sinhala\fake_sin_1051.wav,Sinhala,"( sin_5681_3223517619 "" ඉල්ලලා දුන්නේ නැත්නම් ඒක හොරකං කරගෙන යනවා "" )",fake,gTTS-si,synthetic_tts,clean
data/fake/sinhala\fake_sin_1052.wav,Sinhala,"( sin_6897_2404482576 "" යානයේ පසුපස දොරත් වැසිකිළි දොරත් අතර දුර මීටර දෙකක්වත් නෑ "" )",fake,gTTS-si,synthetic_tts,clean
data/fake/sinhala\fake_sin_1053.wav,Sinhala,"( sin_9228_2840141256 "" ආරංචිය ගම පුරා පැතිර ගියේ විදුලි වේගයෙනි "" )",fake,gTTS-si,synthetic_tts,clean
data/fake/sinhala\fake_sin_1054.wav,Sinhala,"( sin_4191_8641833511 "" මෙන්න මේවා තමයි දියුණු වෙන සිතක ඇතිවෙන ලක්ෂණ "" )",fake,gTTS-si,synthetic_tts,clean
data/fake/sinhala\fake_sin_1055.wav,Sinhala,"( sin_3531_6709350944 "" උපුල් මහතා ද ජනාධිපතිතුමා ඉදිරියේ දිවුරුම් දුන්නේය "" )",fake,gTTS-si,synthetic_tts,clean
data/fake/sinhala\fake_sin_1056.wav,Sinhala,"( sin_3688_7041832968 "" ඉන් මී මැස්සන් පැණි ගනීදැයි කියානම් නොදනිමි "" )",fake,gTTS-si,synthetic_tts,clean
data/fake/sinhala\fake_sin_1057.wav,Sinhala,"( sin_3688_8672561843 "" ඉතාම සැලසුම් සහගතවයි ගැහැනු මිනිස්සු වැඩ කරන්නේ "" )",fake,gTTS-si,synthetic_tts,clean
data/fake/sinhala\fake_sin_1058.wav,Sinhala,"( sin_9228_1195680126 "" මෙතැන ගල් බොක්ක කියන තැනේ නැංගුරම් දැම්මා කියලා සඳහන් වෙනවා "" )",fake,gTTS-si,synthetic_tts,clean
data/fake/sinhala\fake_sin_1059.wav,Sinhala,"( sin_6314_3633687792 "" මේක සංචාරයක් වගේම වන්දනා ගමනක් වශයෙන් හඳුන්වන්නත් පුඵවන් "" )",fake,gTTS-si,synthetic_tts,clean
data/fake/sinhala\fake_sin_1060.wav,Sinhala,"( sin_3976_3803828690 "" මේවා අසන්නේ විචිකිච්චාව ඇති කිරීම පිණිසයි "" )",fake,gTTS-si,synthetic_tts,clean
data/fake/sinhala\fake_sin_1061.wav,Sinhala,"( sin_3531_4002426506 "" මෙනිසාවෙන්ම විඳින එක පැත්තක තියලා අපිට ඉක්මනින්ම පිටත් වෙන්න වුණා "" )",fake,gTTS-si,synthetic_tts,clean
data/fake/sinhala\fake_sin_1062.wav,Sinhala,"( sin_6314_6416493457 "" ලෝකයම හිනස්සවන කරුණු කියන එක ධර්ම දානය නොවේ "" )",fake,gTTS-si,synthetic_tts,clean
data/fake/sinhala\fake_sin_1063.wav,Sinhala,"( sin_6897_2169391183 "" පෙරහැර තුළ නැකැත් සඳහා විශේෂ ස්ථානයක් හිමිවෙනවා නේද "" )",fake,gTTS-si,synthetic_tts,clean
data/fake/sinhala\fake_sin_1064.wav,Sinhala,"( sin_6897_5410778091 "" මොනාවුනත් ඉතින් ස්තූතියි කිව්වා උපසිරැසියට "" )",fake,gTTS-si,synthetic_tts,clean
data/fake/sinhala\fake_sin_1065.wav,Sinhala,"( sin_4499_7578494831 "" හාල්පාරුවා යනු වෙල් විදානේගේ සහකරුවෙක් වෙන්න ඕනෑ "" )",fake,gTTS-si,synthetic_tts,clean
data/fake/sinhala\fake_sin_1066.wav,Sinhala,"( sin_6897_3018591447 "" රූපවාහිනී නළු නිළියන් ලෙස හිද ගත යුතු නැත "" )",fake,gTTS-si,synthetic_tts,clean
data/fake/sinhala\fake_sin_1067.wav,Sinhala,"( sin_3976_3724457898 "" මෙහි වර්තමාන අගනුවර වනාහි රුන්ගුන් නුවරයි "" )",fake,gTTS-si,synthetic_tts,clean
data/fake/sinhala\fake_sin_1068.wav,Sinhala,"( sin_6897_5767425693 "" යන ගමන් පොඩි අදහසකුත් ඔය පහළින් දාගෙන යන්න "" )",fake,gTTS-si,synthetic_tts,clean
data/fake/sinhala\fake_sin_1069.wav,Sinhala,"( sin_6314_7971163838 "" යම් කිසි උපකරණයකට ගෝචර වන දෙයද පිලිගනිමු "" )",fake,gTTS-si,synthetic_tts,clean
data/fake/sinhala\fake_sin_1070.wav,Sinhala,"( sin_6897_9383807040 "" රාහුල හාමුදුරුවන් පවා කටයුතු කරනු ලැබුවේ ඒ අයුරිනි "" )",fake,gTTS-si,synthetic_tts,clean
data/fake/sinhala\fake_sin_1071.wav,Sinhala,"( sin_3531_2144194787 "" මෙච්චර දෙයක් තේරුම් ගන්න පුළුවන්නම් මක් කොරන්න බැරිය "" )",fake,gTTS-si,synthetic_tts,clean
data/fake/sinhala\fake_sin_1072.wav,Sinhala,"( sin_2282_1698850211 "" මෙහිදී නායකයාට කිසියම් අරමුණක් තිබිය යුතුය "" )",fake,gTTS-si,synthetic_tts,clean
data/fake/sinhala\fake_sin_1073.wav,Sinhala,"( sin_2282_0388541935 "" අකමැත්ත හා කැමැත්ත සැගවීම අතර ඇත්තේ සෑහෙන්න වෙනසකි "" )",fake,gTTS-si,synthetic_tts,clean
data/fake/sinhala\fake_sin_1074.wav,Sinhala,"( sin_4191_6211084298 "" ගුරුවරයකුගෙන් සංගීතය ඉගෙනගැනීමට අවස්ථාව ලැබෙන්නේ කොහොමද "" )",fake,gTTS-si,synthetic_tts,clean
data/fake/sinhala\fake_sin_1075.wav,Sinhala,"( sin_7183_1877425939 "" උප විදුහල්පති නිකම් ලෙඩ දාගනී "" )",fake,gTTS-si,synthetic_tts,clean
data/fake/sinhala\fake_sin_1076.wav,Sinhala,"( sin_3976_1297535055 "" එක්සත් ජාතීන්ගේ මහ ලේකම් බෑන් කී මූන්ගේ ද සහාය ඊට හිමිවිය "" )",fake,gTTS-si,synthetic_tts,clean
data/fake/sinhala\fake_sin_1077.wav,Sinhala,"( sin_3688_0666789284 "" ගුරුත්වාකර්ෂණ නියමය වැරදි බවට සාක්ෂි තියෙනවා "" )",fake,gTTS-si,synthetic_tts,clean
data/fake/sinhala\fake_sin_1078.wav,Sinhala,"( sin_2241_5856425003 "" ආදිවාසීන්ගේ සිරිත් විරිත් පුද පූජා අදත් දැකගත හැකිය "" )",fake,gTTS-si,synthetic_tts,clean
data/fake/sinhala\fake_sin_1079.wav,Sinhala,"( sin_6314_8989452783 "" රජමාලිගාවේ සියලූ දෙනාගේ විහිළුවට ලක්වුනා "" )",fake,gTTS-si,synthetic_tts,clean
data/fake/sinhala\fake_sin_1080.wav,Sinhala,"( sin_6314_0078514037 "" රෑ වේලෙනුත් බත් පිඬු පහක් අයින් කිරීමට හැකිය "" )",fake,gTTS-si,synthetic_tts,clean
data/fake/sinhala\fake_sin_1081.wav,Sinhala,"( sin_9228_1030047216 "" ඉන්දු ලංකා ගිවිසුමට දෑවුරුද්දක් පිරුණේ ජූලි මාසයේදීය "" )",fake,gTTS-si,synthetic_tts,clean
data/fake/sinhala\fake_sin_1082.wav,Sinhala,"( sin_6314_7220126978 "" යාල ඇතුළේ වාහන පැදවීමේ කිසිම විනයක් නැහැ "" )",fake,gTTS-si,synthetic_tts,clean
data/fake/sinhala\fake_sin_1083.wav,Sinhala,"( sin_4191_3943004315 "" මෙම යුගයේදී නොයෙක් නීච කුල ජාතිකයන් රජ වෙති "" )",fake,gTTS-si,synthetic_tts,clean
data/fake/sinhala\fake_sin_1084.wav,Sinhala,"( sin_4499_6967780888 "" හරියට මගුල්ගෙදරක දෙවන මනමාලියෙක් ඉන්නවා වගේ "" )",fake,gTTS-si,synthetic_tts,clean
data/fake/sinhala\fake_sin_1085.wav,Sinhala,"( sin_2241_8452702249 "" මෙය පුද්ගල ජීවිතයේ ඇතිවන අවසන් සිතිවිල්ලයි "" )",fake,gTTS-si,synthetic_tts,clean
data/fake/sinhala\fake_sin_1086.wav,Sinhala,"( sin_2241_0914770956 "" ඔයාගේ නැටුම්වලට මධුරි ඩික්සිත් පරදනවා කියලා විහිළු කරනවා "" )",fake,gTTS-si,synthetic_tts,clean
data/fake/sinhala\fake_sin_1087.wav,Sinhala,"( sin_7183_5574362752 "" ගවේෂකයා සිය විදුලි පන්දම පසෙකට යොමු කළේය "" )",fake,gTTS-si,synthetic_tts,clean
data/fake/sinhala\fake_sin_1088.wav,Sinhala,"( sin_2282_1144218601 "" මෙකී දරුවා තවත් දරුවන් පිරිසක් සමඟ සෙල්ලම් කරමින් "" )",fake,gTTS-si,synthetic_tts,clean
data/fake/sinhala\fake_sin_1089.wav,Sinhala,"( sin_2241_9472922689 "" ඊළගට කොටස මම අරන් එන්නම් පුළුවන් ඉක්මනින් "" )",fake,gTTS-si,synthetic_tts,clean
data/fake/sinhala\fake_sin_1090.wav,Sinhala,"( sin_3531_7925875570 "" අපේ ඊ ඩබ්ලිව් අදිකාරම් තුමන් ගේ සිතිවිලි පොත් කිය වූ මට එතුමන් අනාගාමි වූවෙකු කියා සිතුණි "" )",fake,gTTS-si,synthetic_tts,clean
data/fake/sinhala\fake_sin_1091.wav,Sinhala,"( sin_4499_1936250319 "" මොකද කකා අද පත්තරය ගැන සදහනක් කරල තිබ්බ නිසා "" )",fake,gTTS-si,synthetic_tts,clean
data/fake/sinhala\fake_sin_1092.wav,Sinhala,"( sin_5681_3856120627 "" බුරුමය මැදින් ගලා බස්නා වූ විශාල ගංඟාව වනුයේ ඉරවඩිය "" )",fake,gTTS-si,synthetic_tts,clean
data/fake/sinhala\fake_sin_1093.wav,Sinhala,"( sin_2241_1922158353 "" ඇත්ත වශයෙන්ම ඔවුන්ගේ චේතනාව අගය කළ යුත්තකි "" )",fake,gTTS-si,synthetic_tts,clean
data/fake/sinhala\fake_sin_1094.wav,Sinhala,"( sin_4499_3417180693 "" ස්ටැනිස් කියන්නෙ ඇත්තටම බොහොම නීතිගරුක කෙනෙක් "" )",fake,gTTS-si,synthetic_tts,clean
data/fake/sinhala\fake_sin_1095.wav,Sinhala,"( sin_4499_0827187887 "" යහපත් නායකයෙක් වීමට මෙය වටිනාම හේතුවක් වේ "" )",fake,gTTS-si,synthetic_tts,clean
data/fake/sinhala\fake_sin_1096.wav,Sinhala,"( sin_3688_8479331000 "" මේ සියල්ල සිදුවන්නේ අනුන් කළ දේවල් නිසාම නොවේ "" )",fake,gTTS-si,synthetic_tts,clean
data/fake/sinhala\fake_sin_1097.wav,Sinhala,"( sin_3976_4697845592 "" ආචාර්ය ගාමිණී අබේසේකර යනු ජාතික ඉතිරිකිරීමේ බැංකුවහි හිටපු සභාපති වරයායි "" )",fake,gTTS-si,synthetic_tts,clean
data/fake/sinhala\fake_sin_1098.wav,Sinhala,"( sin_5681_8395429615 "" පැණිදෙනි කටුගස්තොට බස් එක නම් නොදනී "" )",fake,gTTS-si,synthetic_tts,clean
data/fake/sinhala\fake_sin_1099.wav,Sinhala,"( sin_3531_0559614329 "" මේකෙ කතාව දිවයන්නෙ තරුණ ළමයින් කීපදෙනෙක් වටා "" )",fake,gTTS-si,synthetic_tts,clean
data/fake/sinhala\fake_sin_1100.wav,Sinhala,"( sin_3688_4856684728 "" කාබුල් නගරය ඇෆ්ගනිස්ථානයේ අගනගරය හා විශාලතම නගරය වන අතර එය කාබුල් පළාතේ පිහිටා ඇත "" )",fake,gTTS-si,synthetic_tts,clean
data/fake/sinhala\fake_sin_1101.wav,Sinhala,"( sin_6897_2596614123 "" යහළුවෙක්ට පොත පාස් කරද්දි කොල්ලෙක් ලියපු එකක් "" )",fake,gTTS-si,synthetic_tts,clean
data/fake/sinhala\fake_sin_1102.wav,Sinhala,"( sin_4499_9534933205 "" ලෝකවාසී බෞද්ධයා විවිධ වූ ආකාරයෙන් පවත්වනු ලැබේ "" )",fake,gTTS-si,synthetic_tts,clean
data/fake/sinhala\fake_sin_1103.wav,Sinhala,"( sin_9228_7160780618 "" මීට අවුරුදු පන්සීයකට කලින් හිටියා නම් ඒත් එච්චරයි "" )",fake,gTTS-si,synthetic_tts,clean
data/fake/sinhala\fake_sin_1104.wav,Sinhala,"( sin_6897_3756607291 "" සාක්කුවේ තිබුණ බෝනික්කාව අරගෙන මෙහෙම කිව්වා "" )",fake,gTTS-si,synthetic_tts,clean
data/fake/sinhala\fake_sin_1105.wav,Sinhala,"( sin_7183_4703232260 "" දවසේ කටයුතු බාධාවකින් තොරව කරගෙන යාමට හැකිවේ "" )",fake,gTTS-si,synthetic_tts,clean
data/fake/sinhala\fake_sin_1106.wav,Sinhala,"( sin_6897_5434630604 "" මොකද කාලෙකින් මම මෙහෙ සිනමාව ගැන දන්නෙ නැති නිසා "" )",fake,gTTS-si,synthetic_tts,clean
data/fake/sinhala\fake_sin_1107.wav,Sinhala,"( sin_3976_5364776841 "" මෙම තේ වතු යාය දෙස බලන විට එය ඉතා හොදින් නඩත්තු කරන බවක් පෙනේ "" )",fake,gTTS-si,synthetic_tts,clean
data/fake/sinhala\fake_sin_1108.wav,Sinhala,"( sin_2241_7770234536 "" මියගිය පුද්ගලයාට කරන සැබෑ ගෞරවයක් ද නොවේ "" )",fake,gTTS-si,synthetic_tts,clean
data/fake/sinhala\fake_sin_1109.wav,Sinhala,"( sin_6314_3669372609 "" පාලි භාෂාව ගැන මේ තරම් උනන්දු විය යුත්තේ ඇයි "" )",fake,gTTS-si,synthetic_tts,clean
data/fake/sinhala\fake_sin_1110.wav,Sinhala,"( sin_4191_4651330355 "" මෙච්චර කල් වෙලාවක් නැතුව තිබ්බේ මේ කතාව බලන්න "" )",fake,gTTS-si,synthetic_tts,clean
data/fake/sinhala\fake_sin_1111.wav,Sinhala,"( sin_6314_0710860076 "" හැබැයි පුතෝ එහෙ තියෙන්නේ පොඩි පොඩි ගෙවල් "" )",fake,gTTS-si,synthetic_tts,clean
data/fake/sinhala\fake_sin_1112.wav,Sinhala,"( sin_7183_8364136186 "" ඉන්දියාවටත් වඩා මේක තදින් දැනෙන්නේ ලංකාවට "" )",fake,gTTS-si,synthetic_tts,clean
data/fake/sinhala\fake_sin_1113.wav,Sinhala,"( sin_4191_0497964451 "" බලමු මේවගෙන් කොහොමද අපි ගැලවිලා ඉන්නේ කියලා "" )",fake,gTTS-si,synthetic_tts,clean
data/fake/sinhala\fake_sin_1114.wav,Sinhala,"( sin_4499_1340106692 "" සිතුවම් පිළිබඳව වචනයෙන් මැවූ තවත් සිත්තමකි "" )",fake,gTTS-si,synthetic_tts,clean
data/fake/sinhala\fake_sin_1115.wav,Sinhala,"( sin_2282_9790530699 "" මුස්ලිම් සිංහල ජාතීන් දෙගොල්ලන්ම නැවත පදිංචි කළ යුතුයි "" )",fake,gTTS-si,synthetic_tts,clean
data/fake/sinhala\fake_sin_1116.wav,Sinhala,"( sin_4191_1215841989 "" රත්තරන් සෙරෙප්පු දෙකක් පාවිච්චි කරපු කෙනෙක් "" )",fake,gTTS-si,synthetic_tts,clean
data/fake/sinhala\fake_sin_1117.wav,Sinhala,"( sin_4191_6888322321 "" අඩුම තරමෙ ඉටි කොලයක් හරි දාල කට බැඳගන්න ඕනෙ "" )",fake,gTTS-si,synthetic_tts,clean
data/fake/sinhala\fake_sin_1118.wav,Sinhala,"( sin_4499_8011781797 "" රංචුවෙන් පිටස්තර පවුලක් නම් උන් සිටින්නේ වෙනමය "" )",fake,gTTS-si,synthetic_tts,clean
data/fake/sinhala\fake_sin_1119.wav,Sinhala,"( sin_3688_5223568999 "" දන් දීම පිණිස අත් සෝදාගත්තු කෙනෙක් වෙනවා "" )",fake,gTTS-si,synthetic_tts,clean
data/fake/sinhala\fake_sin_1120.wav,Sinhala,"( sin_5681_6468424587 "" මීදුම සුළඟ වැස්ස යන තුනම අප තව තවත් දිරිමත් කළ බව කිව්වොත් නිවැරදියි "" )",fake,gTTS-si,synthetic_tts,clean
data/fake/sinhala\fake_sin_1121.wav,Sinhala,"( sin_3688_6899747372 "" මෙම සීසෑම නිසා සියලු දුක්ඛයන්ගෙන් මිදුනේ වෙමි "" )",fake,gTTS-si,synthetic_tts,clean
data/fake/sinhala\fake_sin_1122.wav,Sinhala,"( sin_3531_7880142248 "" මුඛය ද මද වශයෙන් දත් පෙනෙන ලෙස පියවී තිබේ "" )",fake,gTTS-si,synthetic_tts,clean
data/fake/sinhala\fake_sin_1123.wav,Sinhala,"( sin_7183_0306258692 "" මේකෙන් මැඩගස්කාර් ඇරෙන්න අනිත් දෙකම බැලුවා "" )",fake,gTTS-si,synthetic_tts,clean
data/fake/sinhala\fake_sin_1124.wav,Sinhala,"( sin_9228_8345234486 "" මෙම ලෙණේ ලියා ඇති සෙල්ලිපියට එම පුවත සහතික කරයි "" )",fake,gTTS-si,synthetic_tts,clean
data/fake/sinhala\fake_sin_1125.wav,Sinhala,"( sin_7183_1534787329 "" ආයෙත් දොළහෙ නිවුස් බැලුවෙත් අපි කට්ටියම තනියම "" )",fake,gTTS-si,synthetic_tts,clean
data/fake/sinhala\fake_sin_1126.wav,Sinhala,"( sin_5681_4418548412 "" මෙන්න ඔබේ මුල් කවියේ අන්තර්ගතයේ මා දකින වැරදි "" )",fake,gTTS-si,synthetic_tts,clean
data/fake/sinhala\fake_sin_1127.wav,Sinhala,"( sin_2241_9594771771 "" විශාකගෙ චරිතයට මාව යෝජනා කරලා තිබුණේ නෙහාරා පීරිස් "" )",fake,gTTS-si,synthetic_tts,clean
data/fake/sinhala\fake_sin_1128.wav,Sinhala,"( sin_3688_0695573995 "" එක ඇසක පෙනුමේ දුබලතාව හැරුනාම වෙනත් කිසිම රෝගාබධයක් නැත "" )",fake,gTTS-si,synthetic_tts,clean
data/fake/sinhala\fake_sin_1129.wav,Sinhala,"( sin_2282_8894132403 "" බලන්නකෝ මේ මම ලියපු කොමෙන්ට් එක ගැන මටම ලැජ්ජයි "" )",fake,gTTS-si,synthetic_tts,clean
data/fake/sinhala\fake_sin_1130.wav,Sinhala,"( sin_3688_0504658032 "" මේ ළමයා හැම දෙයක්ම ඉක්මණින් ම ඉගෙන ගත්තා "" )",fake,gTTS-si,synthetic_tts,clean
data/fake/sinhala\fake_sin_1131.wav,Sinhala,"( sin_2282_2844856713 "" මෙම වැසි කාලය තුළ කුරුල්ලෝ ද කූඩුවලට වී සිටිති "" )",fake,gTTS-si,synthetic_tts,clean
data/fake/sinhala\fake_sin_1132.wav,Sinhala,"( sin_4191_9563817088 "" නොදැන්න වචන වල තේරුම් හොයන්නේ කී දෙනාව ද "" )",fake,gTTS-si,synthetic_tts,clean
data/fake/sinhala\fake_sin_1133.wav,Sinhala,"( sin_4499_4334139963 "" මොකද අනෙක් පදක්කම් වලට වටිනාකමක් නැති වෙනව "" )",fake,gTTS-si,synthetic_tts,clean
data/fake/sinhala\fake_sin_1134.wav,Sinhala,"( sin_4499_5855400764 "" රට මුහුණ දී සිටින අර්බුදයේ තරම ඉතා පැහැදිලි වේ "" )",fake,gTTS-si,synthetic_tts,clean
data/fake/sinhala\fake_sin_1135.wav,Sinhala,"( sin_3531_8335397693 "" මෙතැන දි මම අදහස් කරන්නෙ සිංහල කවීන් පිලිබඳව "" )",fake,gTTS-si,synthetic_tts,clean
data/fake/sinhala\fake_sin_1136.wav,Sinhala,"( sin_6314_0425042479 "" හැබැයි මෙක දැනටම බලලා තියෙනවා ද දන්නේ නැහැ "" )",fake,gTTS-si,synthetic_tts,clean
data/fake/sinhala\fake_sin_1137.wav,Sinhala,"( sin_6314_8252530085 "" යන්න ගැන නැවත නැවතත් සිතාබැලිය යුතු වෙනවා "" )",fake,gTTS-si,synthetic_tts,clean
data/fake/sinhala\fake_sin_1138.wav,Sinhala,"( sin_5681_2044490577 "" මේ සඳහා සදාචාර ධර්ම ද සම්බන්ධ විය යුතුමය "" )",fake,gTTS-si,synthetic_tts,clean
data/fake/sinhala\fake_sin_1139.wav,Sinhala,"( sin_6314_2322000532 "" ස්ටීව් ජොබ්ස්ට මැරෙන තුරු උපාධියක් තිබුනෙ නැත "" )",fake,gTTS-si,synthetic_tts,clean
data/fake/sinhala\fake_sin_1140.wav,Sinhala,"( sin_9228_2277161271 "" මොකද වැරදුනොත් නැති වෙන්නේ රෝගියාගේ ජීවිතේ "" )",fake,gTTS-si,synthetic_tts,clean
data/fake/sinhala\fake_sin_1141.wav,Sinhala,"( sin_2282_7348929598 "" මේ බෝසතාණන් වහන්සේ බුදු වූවාට පසු දකින්නට ලැබේද "" )",fake,gTTS-si,synthetic_tts,clean
data/fake/sinhala\fake_sin_1142.wav,Sinhala,"( sin_2282_5452681774 "" මේනිසා උකුසු උවදුරට ලක් කරගැනීම අපහසු විය "" )",fake,gTTS-si,synthetic_tts,clean
data/fake/sinhala\fake_sin_1143.wav,Sinhala,"( sin_3688_6697527516 "" මුහණ කට සෝදා යලි ඔහු භාවනාවට අවතීර්ණ උණා "" )",fake,gTTS-si,synthetic_tts,clean
data/fake/sinhala\fake_sin_1144.wav,Sinhala,"( sin_6897_4855915594 "" එක් ලක්ෂ අසූ හය දහසක් දවස් තුනෙන් හම්බ කළාද "" )",fake,gTTS-si,synthetic_tts,clean
data/fake/sinhala\fake_sin_1145.wav,Sinhala,"( sin_5681_1719123268 "" උපකරණ පන්නිපිටියට ගෙනවිත් නිදිවරාගෙන ඒවා අලූත්වැඩියා කරන්නට සිදු විය "" )",fake,gTTS-si,synthetic_tts,clean
data/fake/sinhala\fake_sin_1146.wav,Sinhala,"( sin_4499_5258086233 "" ස්තුතියි ඔන්න ඉතින් හැමදාමත් මම අන්තිමයා "" )",fake,gTTS-si,synthetic_tts,clean
data/fake/sinhala\fake_sin_1147.wav,Sinhala,"( sin_5681_2033773468 "" මෙතන කියල තියෙන්නේ අපි අකමැති උනත් සිදුවිය හැකි දේ "" )",fake,gTTS-si,synthetic_tts,clean
data/fake/sinhala\fake_sin_1148.wav,Sinhala,"( sin_3688_7099734514 "" ඇගේ අතින්ම මගේ හිසේ හා කම්මුලේ සෙන්ට් තවරයි "" )",fake,gTTS-si,synthetic_tts,clean
data/fake/sinhala\fake_sin_1149.wav,Sinhala,"( sin_5681_1542552775 "" උපාලි ගැන කටකතාවට පිළිතුරු අද දිවයිනේ තියෙනවා "" )",fake,gTTS-si,synthetic_tts,clean
data/fake/sinhala\fake_sin_1150.wav,Sinhala,"( sin_5681_6865849402 "" ගැටුමේදී වාහන කිහිපයකට අලාභ හානී සිදු වී ඇත "" )",fake,gTTS-si,synthetic_tts,clean
data/fake/sinhala\fake_sin_1151.wav,Sinhala,"( sin_6314_5461496520 "" හැබැයි නිලධාරීවාදයෙ නං සෑහෙන බලපෑමක් තියනවා "" )",fake,gTTS-si,synthetic_tts,clean
data/fake/sinhala\fake_sin_1152.wav,Sinhala,"( sin_3688_8651232647 "" මේකට විසඳුමක් දෙන්න ලංකාවට භාරදෙන්නයි තිබුනෙ "" )",fake,gTTS-si,synthetic_tts,clean
data/fake/sinhala\fake_sin_1153.wav,Sinhala,"( sin_7183_5958003747 "" හයිලෙවෙල් පාර මහරගම කොට්ටාව හෝමාගම හරහා රත්නපුර යා කරයි "" )",fake,gTTS-si,synthetic_tts,clean
data/fake/sinhala\fake_sin_1154.wav,Sinhala,"( sin_6314_7799776437 "" සිංහලුන් කියන්නේ අතිශය කළාකාමී ජනකොට්ඨාශයක් "" )",fake,gTTS-si,synthetic_tts,clean
data/fake/sinhala\fake_sin_1155.wav,Sinhala,"( sin_6897_9069394145 "" හැබැයි මට පුදුමාකාර සැහැල්ලුවකින් හිටියේ "" )",fake,gTTS-si,synthetic_tts,clean
data/fake/sinhala\fake_sin_1156.wav,Sinhala,"( sin_6897_6404597642 "" මීට අමතරව මත්පැන් බෝතල් විශාල කන්දක් ලෙස හෝටලය පිටුපස ගොඩගසා තිබේ "" )",fake,gTTS-si,synthetic_tts,clean
data/fake/sinhala\fake_sin_1157.wav,Sinhala,"( sin_3688_3554729260 "" මෙතනට ගිහිල්ල හුරතල් කරන්න ගියානම් මොකද වෙන්නේ "" )",fake,gTTS-si,synthetic_tts,clean
data/fake/sinhala\fake_sin_1158.wav,Sinhala,"( sin_6897_9309918804 "" ලොකු ගල්ගෙඩියක් අරගෙන අර වඳුරගේ ඔළුවට ගැහුවා "" )",fake,gTTS-si,synthetic_tts,clean
data/fake/sinhala\fake_sin_1159.wav,Sinhala,"( sin_3531_9981559051 "" මේ ලෝකවලට අපිට යා හැක්කේ සිත දියුණු කිරීමෙනුයි "" )",fake,gTTS-si,synthetic_tts,clean
data/fake/sinhala\fake_sin_1160.wav,Sinhala,"( sin_6314_4319934119 "" හැම එකෙක්ම මේ ගැන මුලින්ම අහන්නෙ ඇමතිගෙන් "" )",fake,gTTS-si,synthetic_tts,clean
data/fake/sinhala\fake_sin_1161.wav,Sinhala,"( sin_3531_0217643271 "" මෙතන පැය කීයක් වගේ ගත කරන්න පුලුවන් තැනක්ද සහෝ "" )",fake,gTTS-si,synthetic_tts,clean
data/fake/sinhala\fake_sin_1162.wav,Sinhala,"( sin_9228_6530355936 "" මෙම ඡායාරූපයෙහි පෙනෙන කාන්තාව ද එවැන්නියකි "" )",fake,gTTS-si,synthetic_tts,clean
data/fake/sinhala\fake_sin_1163.wav,Sinhala,"( sin_2282_2476116377 "" උපාධිධාරී වැඩසටහන සම්බන්ධයෙන්ද තත්වය මෙයම වේ "" )",fake,gTTS-si,synthetic_tts,clean
data/fake/sinhala\fake_sin_1164.wav,Sinhala,"( sin_6897_6416244727 "" මොකද එවැනි කලාත්මක දේවල් විකුණගන්න අමාරුයි "" )",fake,gTTS-si,synthetic_tts,clean
data/fake/sinhala\fake_sin_1165.wav,Sinhala,"( sin_2241_3736911555 "" මීට පස්සේ තමන් කළ දේ පමණක් තමන් කළ බව කියන්න "" )",fake,gTTS-si,synthetic_tts,clean
data/fake/sinhala\fake_sin_1166.wav,Sinhala,"( sin_9228_7309555488 "" මුදලාලි ඒක පිලි නොගන්න නිසා කොත්තු බාස් ගෙන්නුව "" )",fake,gTTS-si,synthetic_tts,clean
data/fake/sinhala\fake_sin_1167.wav,Sinhala,"( sin_9228_1849547964 "" මෙහි පුරාණ දඹදිව පිළිබඳ වාර්තාවන් අඩංගු වේ "" )",fake,gTTS-si,synthetic_tts,clean
data/fake/sinhala\fake_sin_1168.wav,Sinhala,"( sin_2241_3154512466 "" මෙච්චර කල් නොබලා සිටියේ කාලය හොයාගන්න බැරිව "" )",fake,gTTS-si,synthetic_tts,clean
data/fake/sinhala\fake_sin_1169.wav,Sinhala,"( sin_5681_0999622831 "" මොකද විදුලිය නොදැන භාවිතය මරු කැඳවිය හැක "" )",fake,gTTS-si,synthetic_tts,clean
data/fake/sinhala\fake_sin_1170.wav,Sinhala,"( sin_6314_8936403815 "" යමපල්ලෝ නිරිසතුන් එම පර්වතවලට නන්වමින් පෙරළා දමති "" )",fake,gTTS-si,synthetic_tts,clean
data/fake/sinhala\fake_sin_1171.wav,Sinhala,"( sin_9228_4738767661 "" පෙරහරේ මුලින්ම ගමන් කරන්නේ පොලිස් පෙර ගමන් රථයක් වීමද තවත් විශේෂත්වයකි "" )",fake,gTTS-si,synthetic_tts,clean
data/fake/sinhala\fake_sin_1172.wav,Sinhala,"( sin_9228_5098181513 "" උගේ සිරුරේ දිග පළල සෙන්ටිමීටර් දහයක් තරම්ය "" )",fake,gTTS-si,synthetic_tts,clean
data/fake/sinhala\fake_sin_1173.wav,Sinhala,"( sin_3531_4221422564 "" මේ පිළිබඳව ඔබ වහන්සේගෙන් කරුණු දැන ගැනීමට කැමැතියි "" )",fake,gTTS-si,synthetic_tts,clean
data/fake/sinhala\fake_sin_1174.wav,Sinhala,"( sin_4499_7244966660 "" සමහර කන්නවල නිෂ්පාදනය ඇති වුණාට තවත් සමහර කන්න වල නිෂ්පාදනය නැහැ "" )",fake,gTTS-si,synthetic_tts,clean
data/fake/sinhala\fake_sin_1175.wav,Sinhala,"( sin_7183_4907447836 "" මිතුරා පිළිබඳ විවිධ දොස් නගන්නවුන් වළකයි "" )",fake,gTTS-si,synthetic_tts,clean
data/fake/sinhala\fake_sin_1176.wav,Sinhala,"( sin_5681_7767142350 "" මේ වැඩපිළිවෙල දිගටම කරගෙන යන්න හිතෙන්නෙ නැහැ "" )",fake,gTTS-si,synthetic_tts,clean
data/fake/sinhala\fake_sin_1177.wav,Sinhala,"( sin_7183_8681228878 "" අන්තර්ජාතික අධිකරනයෙන් චූදිතයන්ට වරෙන්තු නිකුත් කරනවා "" )",fake,gTTS-si,synthetic_tts,clean
data/fake/sinhala\fake_sin_1178.wav,Sinhala,"( sin_6314_6970231581 "" රටේ සෑම පුරවැසියෙකුටම යැපීම් මාර්ගයක් තිබිය යුතුය "" )",fake,gTTS-si,synthetic_tts,clean
data/fake/sinhala\fake_sin_1179.wav,Sinhala,"( sin_4191_5850200247 "" අන්තිම කොටසත් එහෙනම් ඉක්මනට ලැබෙයි කියලා හිතනවා "" )",fake,gTTS-si,synthetic_tts,clean
data/fake/sinhala\fake_sin_1180.wav,Sinhala,"( sin_2241_3248119210 "" ගිනියම් වූ තෑටිය මත ඉන්න පුලුවන් ජගතා කව්ද "" )",fake,gTTS-si,synthetic_tts,clean
data/fake/sinhala\fake_sin_1181.wav,Sinhala,"( sin_9228_1716458671 "" එකී විශ්වාස බොහොමයක් මිනිසුන් අතර පවතිනවා "" )",fake,gTTS-si,synthetic_tts,clean
data/fake/sinhala\fake_sin_1182.wav,Sinhala,"( sin_3531_0427588271 "" මෙම උත්සවය වැඩිදුරටත් ඇමතූ ජනාධිපතිවරයා මෙසේද පැවසීය "" )",fake,gTTS-si,synthetic_tts,clean
data/fake/sinhala\fake_sin_1183.wav,Sinhala,"( sin_3531_0485817312 "" බෙර වාදන කලාවට අළුතින් එක්වූ පිරිස්ද වෙති "" )",fake,gTTS-si,synthetic_tts,clean
data/fake/sinhala\fake_sin_1184.wav,Sinhala,"( sin_4499_6091340100 "" රණබිම මැරෙන උදවියගෙ කෑලිත් නෑ සමහර වෙලාවට "" )",fake,gTTS-si,synthetic_tts,clean
data/fake/sinhala\fake_sin_1185.wav,Sinhala,"( sin_7183_0164870955 "" ඉස්සර ගමන් බිමන් ගියේ පයින් නැත්නම් කරත්තයෙන් "" )",fake,gTTS-si,synthetic_tts,clean
data/fake/sinhala\fake_sin_1186.wav,Sinhala,"( sin_4191_1905841988 "" එටිසලාට් පාවිච්චි කරන මිතුරෙකුගෙන්ම තමයි අහන්න වෙන්නෙ "" )",fake,gTTS-si,synthetic_tts,clean
data/fake/sinhala\fake_sin_1187.wav,Sinhala,"( sin_4499_0370270269 "" මොකක්ද යකෝ වික්ටර් රත්නායකගේ ලෝකෙට පරකාසේ කියන්නේ "" )",fake,gTTS-si,synthetic_tts,clean
data/fake/sinhala\fake_sin_1188.wav,Sinhala,"( sin_3688_4004714525 "" හොංකොං අතහැර වෙනත් රටකට ගොස් ඇති බව වාර්තා වේ "" )",fake,gTTS-si,synthetic_tts,clean
data/fake/sinhala\fake_sin_1189.wav,Sinhala,"( sin_5681_5692427441 "" මේ දේශනාව ඇසූ දුසිල් මහණහු මේ ශාසනය ඓශ්චර්යය "" )",fake,gTTS-si,synthetic_tts,clean
data/fake/sinhala\fake_sin_1190.wav,Sinhala,"( sin_2282_2724831132 "" තවත් බොහෝ කරුණු රාශියක් බෞද්ධ වංශ කතාවට අනුව පෙළ ගැසී තිබීම විශේෂිතය "" )",fake,gTTS-si,synthetic_tts,clean
data/fake/sinhala\fake_sin_1191.wav,Sinhala,"( sin_2241_1906673954 "" මෙම තත්ත්වය දරුවන් කිහිපදෙනෙකු සිටින පවුලක නම් වඩාත් බරපතළය "" )",fake,gTTS-si,synthetic_tts,clean
data/fake/sinhala\fake_sin_1192.wav,Sinhala,"( sin_6314_0485732104 "" මේක රෙජිනෝල්ඩ් රෝස් ගේ පුද්ගලික අත්දැකීමක් උඩයි ලියවෙන්නෙ "" )",fake,gTTS-si,synthetic_tts,clean
data/fake/sinhala\fake_sin_1193.wav,Sinhala,"( sin_6314_3618066037 "" මොහුගේ දර්ශනය අමරාවික්ෂේපවාදය නමින් හැඳින්වේ "" )",fake,gTTS-si,synthetic_tts,clean
data/fake/sinhala\fake_sin_1194.wav,Sinhala,"( sin_3531_2447228604 "" මේක තරම් හිතට වැදුනු වෙනත් කතාවක් නැති තරම් "" )",fake,gTTS-si,synthetic_tts,clean
data/fake/sinhala\fake_sin_1195.wav,Sinhala,"( sin_4499_6196191419 "" මොකද ජීප් රථයකින් පහසුවෙන්ම ඒ දුර යන්න පුළුවන් වෙයි "" )",fake,gTTS-si,synthetic_tts,clean
data/fake/sinhala\fake_sin_1196.wav,Sinhala,"( sin_6314_8816839818 "" ලෙඩට බෙහෙත් ගන්න සල්ලි නැති මිනිස්සු ඉන්නවා "" )",fake,gTTS-si,synthetic_tts,clean
data/fake/sinhala\fake_sin_1197.wav,Sinhala,"( sin_6897_7248863940 "" හරියටම හරි ඕකා නම් නිගන්ටයෙක්ම වෙන්නම ඕන "" )",fake,gTTS-si,synthetic_tts,clean
data/fake/sinhala\fake_sin_1198.wav,Sinhala,"( sin_5681_2191837209 "" මිතුරු වේශයෙන් ඇවිත් ඉන්නෙ හතුරෙක් වධකයෙක් "" )",fake,gTTS-si,synthetic_tts,clean
data/fake/sinhala\fake_sin_1199.wav,Sinhala,"( sin_7183_1743187045 "" මුලින්ම ආවේ මමයි තව කොල්ලෙකුයි කෙල්ලෝ තුන් හතර දෙනෙකුයි "" )",fake,gTTS-si,synthetic_tts,clean
data/fake/sinhala\fake_sin_1200.wav,Sinhala,"( sin_4499_6421486096 "" මොකද මේ රටේ එවැනි මිලේච්ඡ දඬුවම් දෙන්නෙ නැ "" )",fake,gTTS-si,synthetic_tts,clean
data/fake/sinhala\fake_sin_1201.wav,Sinhala,"( sin_2282_2674146933 "" මෝහය ආයෙමත් මතුවෙලා මාව නොමඟ යවන්න හදනවා "" )",fake,gTTS-si,synthetic_tts,clean
data/fake/sinhala\fake_sin_1202.wav,Sinhala,"( sin_3531_8595090596 "" ඇනකොන්ඩා යනු විශාල ගවයකු පවා ගොදුරු කර ගැනීමට සමත් සත්ත්වයෙකි "" )",fake,gTTS-si,synthetic_tts,clean
data/fake/sinhala\fake_sin_1203.wav,Sinhala,"( sin_4499_6360196746 "" පාරම්පරික දේවල් රැකගන්න සමහරුන් සමිති හදලා තිබෙනවා "" )",fake,gTTS-si,synthetic_tts,clean
data/fake/sinhala\fake_sin_1204.wav,Sinhala,"( sin_6897_6333511788 "" මීට අමතරව නිර්මාංශ වීම හෝ නොවීම හෝ තමන්ගේ කැමැත්ත මත තීරණය කළ හැකි දෙයකි "" )",fake,gTTS-si,synthetic_tts,clean
data/fake/sinhala\fake_sin_1205.wav,Sinhala,"( sin_6897_0787936937 "" සිංහල අලූත් අවුරුද්දටත් ඒ අය එතන හිටියලූ "" )",fake,gTTS-si,synthetic_tts,clean
data/fake/sinhala\fake_sin_1206.wav,Sinhala,"( sin_7183_9709802113 "" පොළොන්නරුව රාජධානියක් හැටියටද පරිවර්තනය විය "" )",fake,gTTS-si,synthetic_tts,clean
data/fake/sinhala\fake_sin_1207.wav,Sinhala,"( sin_5681_7471054684 "" මේ නිසා අපේ තරුණියන්ට ස්වභාවික ආරක්ෂාවක් ලැබුණා "" )",fake,gTTS-si,synthetic_tts,clean
data/fake/sinhala\fake_sin_1208.wav,Sinhala,"( sin_4499_6634420867 "" මෝටර් සයිකල් හිමියන්ට එපමණ විශාල මුදලක් වැය කරන්න බැහැ "" )",fake,gTTS-si,synthetic_tts,clean
data/fake/sinhala\fake_sin_1209.wav,Sinhala,"( sin_6314_6276235604 "" හැබැයි කන ලගින් ඇස්ටරොයිඩ ගියාම තමා දන්නෙ "" )",fake,gTTS-si,synthetic_tts,clean
data/fake/sinhala\fake_sin_1210.wav,Sinhala,"( sin_6314_2331071234 "" රූපවේදනා සඤ්ඤා සංඛාර හා විඤ්ඤාණ යනු පඤ්චස්කන්ධයයි "" )",fake,gTTS-si,synthetic_tts,clean
data/fake/sinhala\fake_sin_1211.wav,Sinhala,"( sin_6314_3074592391 "" හැමෝම සතුටින් විවාහ උත්සවයට ලෑස්ති වෙනවා "" )",fake,gTTS-si,synthetic_tts,clean
data/fake/sinhala\fake_sin_1212.wav,Sinhala,"( sin_4191_1145258435 "" මුලදී ඔබේ නිර්මාණය අපිළිවෙළ වන්නට පුළුවනි "" )",fake,gTTS-si,synthetic_tts,clean
data/fake/sinhala\fake_sin_1213.wav,Sinhala,"( sin_6897_1429096704 "" සිංහල වේවා දෙමල වේවා කවුරු උනත් මිනිස්සු "" )",fake,gTTS-si,synthetic_tts,clean
data/fake/sinhala\fake_sin_1214.wav,Sinhala,"( sin_6314_1444278150 "" යටාල වෙහෙරද කලින් මේ හැඩයෙන් තිබී ඇතැයි සැලකේ "" )",fake,gTTS-si,synthetic_tts,clean
data/fake/sinhala\fake_sin_1215.wav,Sinhala,"( sin_5681_5157163750 "" පවුලේ කටයුතුවල අවුල් තත්ත්වයක් පෙන්නුම් කරයි "" )",fake,gTTS-si,synthetic_tts,clean
data/fake/sinhala\fake_sin_1216.wav,Sinhala,"( sin_3688_6194167990 "" ධර්මසිරි කුඩුවලට සම්බන්ධයි කියලා මම දැනගෙන හිටියේ නෑ "" )",fake,gTTS-si,synthetic_tts,clean
data/fake/sinhala\fake_sin_1217.wav,Sinhala,"( sin_2282_8785854951 "" මෙම ඇමතිවරයා තරුණයෙකු නොවන අතර විවාහ වීමට යන්නේ දෙවැනි වරටයි "" )",fake,gTTS-si,synthetic_tts,clean
data/fake/sinhala\fake_sin_1218.wav,Sinhala,"( sin_6314_7618506405 "" ලංකා භික්ෂුණින්ට නොයෙක් අවස්ථාවලදී තර්ජන හා දුෂ්කරතා ඇතිවිය "" )",fake,gTTS-si,synthetic_tts,clean
data/fake/sinhala\fake_sin_1219.wav,Sinhala,"( sin_4191_5742734946 "" පැරණි සෙන් පන්සල් දෙකක ළමා සිසුන් දෙදෙනෙක් විය "" )",fake,gTTS-si,synthetic_tts,clean
data/fake/sinhala\fake_sin_1220.wav,Sinhala,"( sin_2241_3729570045 "" යුවළගේ සියලු බලාපොරොත්තු සඵල වන්නේ එහිදීය "" )",fake,gTTS-si,synthetic_tts,clean
data/fake/sinhala\fake_sin_1221.wav,Sinhala,"( sin_4191_2555709940 "" ඉතිං පොර ශේප් එකේ ඇහුවලු ඊයෙ රෑ මොකද උණේ කියලා "" )",fake,gTTS-si,synthetic_tts,clean
data/fake/sinhala\fake_sin_1222.wav,Sinhala,"( sin_4499_8058843174 "" පුක්කුසයෙනි ඒ පුරුෂයා හට මේ අදහස ඇතිවූයේ ය "" )",fake,gTTS-si,synthetic_tts,clean
data/fake/sinhala\fake_sin_1223.wav,Sinhala,"( sin_5681_1620834144 "" මෙම ධනය පැමිණෙන්නේ මෙරට බැංකු පද්ධතිය ඔස්සේය "" )",fake,gTTS-si,synthetic_tts,clean
data/fake/sinhala\fake_sin_1224.wav,Sinhala,"( sin_3976_6549785506 "" මෙයින් අපේ ළමා පරපුරටම සිදුවන්නේ විශාල අයහපතක් "" )",fake,gTTS-si,synthetic_tts,clean
data/fake/sinhala\fake_sin_1225.wav,Sinhala,"( sin_4191_8171191899 "" මුදලාලිගේ පන්දම පසුපස ජිනදාස මහතා ටික දුරක් අවේය "" )",fake,gTTS-si,synthetic_tts,clean
data/fake/sinhala\fake_sin_1226.wav,Sinhala,"( sin_9228_8935666816 "" මෙය කප් රුක් වැසීම යනුවෙන් හඳුන්වනු ලැබේ "" )",fake,gTTS-si,synthetic_tts,clean
data/fake/sinhala\fake_sin_1227.wav,Sinhala,"( sin_7183_3279734120 "" මෙම ගමනේදී මරණයට පත්වන අය සැදැහැතියන් අතර විය "" )",fake,gTTS-si,synthetic_tts,clean
data/fake/sinhala\fake_sin_1228.wav,Sinhala,"( sin_5681_2806172428 "" භුගෝලීය වශයෙන් බැලූ කළද ශාන්ත කීටස් හා නේවිස් යනු ලීවර්ඩ් දූපත් හි කොටසක් වේ "" )",fake,gTTS-si,synthetic_tts,clean
data/fake/sinhala\fake_sin_1229.wav,Sinhala,"( sin_3531_4738070831 "" මෙදා පාර තියෙන්නේ ඇලන්ගේ අනාගතය වෙනුවෙන් මිතුරන් කරන වැඩක් උදෙසා යන ගමනක් "" )",fake,gTTS-si,synthetic_tts,clean
data/fake/sinhala\fake_sin_1230.wav,Sinhala,"( sin_2241_0894513578 "" ඉතුරු වෙලා තිබුණේ ගුණේගේ පින්තූරය විතරයි "" )",fake,gTTS-si,synthetic_tts,clean
data/fake/sinhala\fake_sin_1231.wav,Sinhala,"( sin_4191_0294479014 "" බටහිරයන් නිර්වින්දනය ගැන අසා තිබුනේ වත් නැහැ "" )",fake,gTTS-si,synthetic_tts,clean
data/fake/sinhala\fake_sin_1232.wav,Sinhala,"( sin_6314_9254826795 "" යාළුවෝ හිතන්නේ හැරී එයාව මරල දාලා කියලා "" )",fake,gTTS-si,synthetic_tts,clean
data/fake/sinhala\fake_sin_1233.wav,Sinhala,"( sin_6897_7730358370 "" හමුවීමෙන් ම අහුබුදු සූරීන් මාගේ සිත් ඇද ගත්තේය "" )",fake,gTTS-si,synthetic_tts,clean
data/fake/sinhala\fake_sin_1234.wav,Sinhala,"( sin_6897_0713456696 "" පැණිදෙනි කටුගස්තොට බස් එක නම් නොදනී කකා මහත්තයෝ "" )",fake,gTTS-si,synthetic_tts,clean
data/fake/sinhala\fake_sin_1235.wav,Sinhala,"( sin_6314_9867335919 "" මිනිසා වෙත ස්වාමිත්වයත් වගකීමත් නිදහසත් පැවරේ "" )",fake,gTTS-si,synthetic_tts,clean
data/fake/sinhala\fake_sin_1236.wav,Sinhala,"( sin_6897_5793830130 "" විශාල කුරුල්ලකු කහ කුරුල්ලා කවදාවත් දැක නැත "" )",fake,gTTS-si,synthetic_tts,clean
data/fake/sinhala\fake_sin_1237.wav,Sinhala,"( sin_6897_5303263487 "" ස්වාමීනී මං එය විකුණන්නට සල්පිලට ගෙනිච්චා "" )",fake,gTTS-si,synthetic_tts,clean
data/fake/sinhala\fake_sin_1238.wav,Sinhala,"( sin_5681_1305360219 "" මෙය සැපවත් දෙයින් වැළකී සිටීමට හුරු කිරීමකි "" )",fake,gTTS-si,synthetic_tts,clean
data/fake/sinhala\fake_sin_1239.wav,Sinhala,"( sin_3976_9585284530 "" මීට වඩා වැඩි පිරිසක් සිටින ටෙන්ඩර් මණ්ඩලද ඇත "" )",fake,gTTS-si,synthetic_tts,clean
data/fake/sinhala\fake_sin_1240.wav,Sinhala,"( sin_7183_9579624105 "" මේ නිසයි අලියා පෙරහරට සම්බන්ධ කරගෙන තිබෙන්නේ "" )",fake,gTTS-si,synthetic_tts,clean
data/fake/sinhala\fake_sin_1241.wav,Sinhala,"( sin_9228_1777621254 "" මුල් කොපි මිලදී අරගෙන තමන්ගේ නම ගහගෙන ඒවා විනාශ කරනවා "" )",fake,gTTS-si,synthetic_tts,clean
data/fake/sinhala\fake_sin_1242.wav,Sinhala,"( sin_3976_8492908399 "" මීදුමෙන් වැසී ගිය කඳු කොත්මලේ ජලාශය ඔපවත් කලා "" )",fake,gTTS-si,synthetic_tts,clean
data/fake/sinhala\fake_sin_1243.wav,Sinhala,"( sin_5681_7906646426 "" මුල් දවස්වල නම් මට ඒ සිද්ධිය දරා ගන්න බැරි වුණා "" )",fake,gTTS-si,synthetic_tts,clean
data/fake/sinhala\fake_sin_1244.wav,Sinhala,"( sin_6897_9313266622 "" යම රජතුමා ඔහුට දේවදූතයන් පස්දෙනෙක් ගැන සිහිපත් කරයි "" )",fake,gTTS-si,synthetic_tts,clean
data/fake/sinhala\fake_sin_1245.wav,Sinhala,"( sin_7183_2269268616 "" අමුතුවෙන්ම මැවුණු අපායකට පොළව පළාගෙන යයි "" )",fake,gTTS-si,synthetic_tts,clean
data/fake/sinhala\fake_sin_1246.wav,Sinhala,"( sin_4499_8569371476 "" රාක්ෂා කියලා කිව්වේ එදා රට ආරක්ෂා කරපු අයට "" )",fake,gTTS-si,synthetic_tts,clean
data/fake/sinhala\fake_sin_1247.wav,Sinhala,"( sin_5681_5360212305 "" මීට කලින් හැක් කරපු ඒවා නම් ආයිමත් දකින්න ලැබුණෙ නැහැ "" )",fake,gTTS-si,synthetic_tts,clean
data/fake/sinhala\fake_sin_1248.wav,Sinhala,"( sin_2282_5895470503 "" ඔහු මහනුවර රජමහා විහාරය තැනවූයේය "" )",fake,gTTS-si,synthetic_tts,clean
data/fake/sinhala\fake_sin_1249.wav,Sinhala,"( sin_6314_9549392018 "" හැමදාම වොල්පේපර් එක දහ පහලොස් පාරක් මාරු කලා "" )",fake,gTTS-si,synthetic_tts,clean
data/fake/sinhala\fake_sin_1250.wav,Sinhala,"( sin_2241_3130519046 "" විදුහල්පතිගේ කටහඬ පාසල අවට රැව් දෙමින් පැතිරිණි "" )",fake,gTTS-si,synthetic_tts,clean
data/fake/sinhala\fake_sin_1251.wav,Sinhala,"( sin_9228_4693210419 "" උපසිරැසි ගොනුවේ යම් දෝෂයක් තිබී එය නිරාකරණය කරනු ලැබුවා "" )",fake,gTTS-si,synthetic_tts,clean
